-- Generated by Craft v2.3.2640 on Apr 30, 2015 2:47:23 PM.

--
-- Disable foreign key checks and autocommit.
--

SET FOREIGN_KEY_CHECKS = 0;
SET SQL_MODE = "NO_AUTO_VALUE_ON_ZERO";
SET AUTOCOMMIT = 0;
SET NAMES utf8;


DROP TABLE IF EXISTS `craft_assetfiles`;


--
-- Schema for table `craft_assetfiles`
--
CREATE TABLE `craft_assetfiles` (
  `id` int(11) NOT NULL,
  `sourceId` int(11) DEFAULT NULL,
  `folderId` int(11) NOT NULL,
  `filename` varchar(255) COLLATE utf8_unicode_ci NOT NULL,
  `kind` varchar(50) COLLATE utf8_unicode_ci NOT NULL DEFAULT 'unknown',
  `width` smallint(6) unsigned DEFAULT NULL,
  `height` smallint(6) unsigned DEFAULT NULL,
  `size` int(11) unsigned DEFAULT NULL,
  `dateModified` datetime DEFAULT NULL,
  `dateCreated` datetime NOT NULL,
  `dateUpdated` datetime NOT NULL,
  `uid` char(36) COLLATE utf8_unicode_ci NOT NULL DEFAULT '0',
  PRIMARY KEY (`id`),
  UNIQUE KEY `craft_assetfiles_filename_folderId_unq_idx` (`filename`,`folderId`),
  KEY `craft_assetfiles_sourceId_fk` (`sourceId`),
  KEY `craft_assetfiles_folderId_fk` (`folderId`)
) ENGINE=InnoDB DEFAULT CHARSET=utf8 COLLATE=utf8_unicode_ci;

--
-- Data for table `craft_assetfiles`
--

INSERT INTO `craft_assetfiles` (`id`, `sourceId`, `folderId`, `filename`, `kind`, `width`, `height`, `size`, `dateModified`, `dateCreated`, `dateUpdated`, `uid`) VALUES ('17', '1', '1', 'all-devices.jpg', 'image', '1000', '720', '99378', '2015-02-20 20:42:58', '2015-02-20 23:39:33', '2015-02-20 23:43:37', '16b98650-5e0d-4b7c-8eca-be83a900ffbd');
INSERT INTO `craft_assetfiles` (`id`, `sourceId`, `folderId`, `filename`, `kind`, `width`, `height`, `size`, `dateModified`, `dateCreated`, `dateUpdated`, `uid`) VALUES ('18', '1', '1', 'ed_image_web-cropped.jpg', 'image', '1600', '1145', '612633', '2015-02-08 22:02:37', '2015-02-20 23:39:34', '2015-02-20 23:43:39', '125753bc-d57f-4112-8599-39c418f7d9f8');
INSERT INTO `craft_assetfiles` (`id`, `sourceId`, `folderId`, `filename`, `kind`, `width`, `height`, `size`, `dateModified`, `dateCreated`, `dateUpdated`, `uid`) VALUES ('19', '1', '1', 'all-projects.svg', 'image', NULL, NULL, '1125', '2015-01-19 03:06:48', '2015-02-20 23:39:34', '2015-02-20 23:43:38', 'c32597d7-5cd3-40c4-918e-e01568e18d43');
INSERT INTO `craft_assetfiles` (`id`, `sourceId`, `folderId`, `filename`, `kind`, `width`, `height`, `size`, `dateModified`, `dateCreated`, `dateUpdated`, `uid`) VALUES ('20', '1', '1', 'ed_image_web-1200.jpg', 'image', '1600', '880', '582857', '2015-02-08 20:43:20', '2015-02-20 23:39:34', '2015-02-20 23:43:39', '59f7ff05-022a-4a04-a7e8-0ff6ee99ae26');
INSERT INTO `craft_assetfiles` (`id`, `sourceId`, `folderId`, `filename`, `kind`, `width`, `height`, `size`, `dateModified`, `dateCreated`, `dateUpdated`, `uid`) VALUES ('21', '1', '1', 'ed_image_web-nologo.jpg', 'image', '1600', '938', '531180', '2015-02-08 21:59:31', '2015-02-20 23:39:34', '2015-02-20 23:43:39', 'f843cdfa-9f4b-4fb2-b495-1b73970e4768');
INSERT INTO `craft_assetfiles` (`id`, `sourceId`, `folderId`, `filename`, `kind`, `width`, `height`, `size`, `dateModified`, `dateCreated`, `dateUpdated`, `uid`) VALUES ('22', '1', '1', 'ed_image_web.jpg', 'image', '2000', '1431', '1474918', '2015-02-08 00:49:53', '2015-02-20 23:39:35', '2015-02-20 23:43:39', '32b5f56d-bc8a-46df-b48e-ec4786f9c25e');
INSERT INTO `craft_assetfiles` (`id`, `sourceId`, `folderId`, `filename`, `kind`, `width`, `height`, `size`, `dateModified`, `dateCreated`, `dateUpdated`, `uid`) VALUES ('23', '1', '1', 'ed_logo_tiny.svg', 'image', NULL, NULL, '1650', '2015-02-13 19:37:08', '2015-02-20 23:39:35', '2015-02-20 23:43:39', 'a70bdddd-cb42-46c0-96d4-e51e277408b5');
INSERT INTO `craft_assetfiles` (`id`, `sourceId`, `folderId`, `filename`, `kind`, `width`, `height`, `size`, `dateModified`, `dateCreated`, `dateUpdated`, `uid`) VALUES ('28', '1', '1', 'header_logo.png', 'image', '242', '91', '5666', '2015-01-03 17:33:32', '2015-02-20 23:39:37', '2015-02-20 23:43:40', '6701390b-599c-45a7-8954-c9b09d30fc4e');
INSERT INTO `craft_assetfiles` (`id`, `sourceId`, `folderId`, `filename`, `kind`, `width`, `height`, `size`, `dateModified`, `dateCreated`, `dateUpdated`, `uid`) VALUES ('29', '1', '1', 'logo-banner.svg', 'image', NULL, NULL, '1761', '2015-02-12 20:33:25', '2015-02-20 23:39:37', '2015-02-20 23:43:41', '8a8da424-a123-4674-9d07-38b27e350cad');
INSERT INTO `craft_assetfiles` (`id`, `sourceId`, `folderId`, `filename`, `kind`, `width`, `height`, `size`, `dateModified`, `dateCreated`, `dateUpdated`, `uid`) VALUES ('30', '1', '1', 'logo.svg', 'image', NULL, NULL, '5835', '2015-02-08 20:31:55', '2015-02-20 23:39:37', '2015-02-20 23:43:41', 'ecacf3b8-b069-457f-9ca1-60a8098e1496');
INSERT INTO `craft_assetfiles` (`id`, `sourceId`, `folderId`, `filename`, `kind`, `width`, `height`, `size`, `dateModified`, `dateCreated`, `dateUpdated`, `uid`) VALUES ('31', '1', '1', 'masthead-2.jpg', 'image', '968', '664', '39735', '2015-02-08 00:16:16', '2015-02-20 23:39:37', '2015-02-20 23:43:41', 'b4c8fa61-4aa0-4389-a5e6-02fa20357bde');
INSERT INTO `craft_assetfiles` (`id`, `sourceId`, `folderId`, `filename`, `kind`, `width`, `height`, `size`, `dateModified`, `dateCreated`, `dateUpdated`, `uid`) VALUES ('32', '1', '1', 'masthead.jpg', 'image', '1500', '993', '73584', '2015-01-16 03:00:12', '2015-02-20 23:39:38', '2015-02-20 23:43:41', 'bb8be5f1-7689-4ceb-9826-01fa26265a7d');
INSERT INTO `craft_assetfiles` (`id`, `sourceId`, `folderId`, `filename`, `kind`, `width`, `height`, `size`, `dateModified`, `dateCreated`, `dateUpdated`, `uid`) VALUES ('33', '1', '1', 'my_logo.png', 'image', NULL, NULL, '102416', '2015-01-03 17:33:45', '2015-02-20 23:39:38', '2015-02-20 23:43:41', '73121995-e98e-4330-ad66-9565c656a820');
INSERT INTO `craft_assetfiles` (`id`, `sourceId`, `folderId`, `filename`, `kind`, `width`, `height`, `size`, `dateModified`, `dateCreated`, `dateUpdated`, `uid`) VALUES ('34', '1', '1', 'my_logo.svg', 'image', NULL, NULL, '5200', '2015-01-03 17:33:45', '2015-02-20 23:39:38', '2015-02-20 23:43:42', '5bc7c366-24f8-4d0e-b8d7-7bbfb27a76e2');
INSERT INTO `craft_assetfiles` (`id`, `sourceId`, `folderId`, `filename`, `kind`, `width`, `height`, `size`, `dateModified`, `dateCreated`, `dateUpdated`, `uid`) VALUES ('35', '1', '5', 'dribbble.svg', 'image', NULL, NULL, '1550', '2015-01-19 01:07:51', '2015-02-20 23:39:38', '2015-02-20 23:43:42', 'a4f73790-4074-4270-980f-48a477dbd27d');
INSERT INTO `craft_assetfiles` (`id`, `sourceId`, `folderId`, `filename`, `kind`, `width`, `height`, `size`, `dateModified`, `dateCreated`, `dateUpdated`, `uid`) VALUES ('36', '1', '5', 'insta.svg', 'image', NULL, NULL, '1127', '2015-01-19 01:08:59', '2015-02-20 23:39:38', '2015-02-20 23:43:42', 'c30a4e05-1928-4653-94ce-e6b4fc000e95');
INSERT INTO `craft_assetfiles` (`id`, `sourceId`, `folderId`, `filename`, `kind`, `width`, `height`, `size`, `dateModified`, `dateCreated`, `dateUpdated`, `uid`) VALUES ('37', '1', '5', 'linkedin.svg', 'image', NULL, NULL, '995', '2015-01-19 01:14:56', '2015-02-20 23:39:39', '2015-02-20 23:43:42', '70cca8fc-eedd-482a-aff9-459605076b17');
INSERT INTO `craft_assetfiles` (`id`, `sourceId`, `folderId`, `filename`, `kind`, `width`, `height`, `size`, `dateModified`, `dateCreated`, `dateUpdated`, `uid`) VALUES ('38', '1', '5', 'twitter.svg', 'image', NULL, NULL, '1073', '2015-01-19 01:10:04', '2015-02-20 23:39:39', '2015-02-20 23:43:42', '6107758c-0fc1-4394-9ca5-b278f1505d6c');
INSERT INTO `craft_assetfiles` (`id`, `sourceId`, `folderId`, `filename`, `kind`, `width`, `height`, `size`, `dateModified`, `dateCreated`, `dateUpdated`, `uid`) VALUES ('41', '1', '8', 'canvan.jpg', 'image', '940', '700', '213643', '2015-02-20 23:41:44', '2015-02-20 23:41:44', '2015-03-11 22:43:25', 'a5a64cd9-371d-4ce2-91af-16c4201a26d7');
INSERT INTO `craft_assetfiles` (`id`, `sourceId`, `folderId`, `filename`, `kind`, `width`, `height`, `size`, `dateModified`, `dateCreated`, `dateUpdated`, `uid`) VALUES ('45', '1', '8', 'hero.jpg', 'image', '1500', '937', '221131', '2015-02-21 00:49:22', '2015-02-21 00:49:25', '2015-02-21 00:49:26', '6361113d-6780-4dc9-ba8f-9ac1b5b980e4');
INSERT INTO `craft_assetfiles` (`id`, `sourceId`, `folderId`, `filename`, `kind`, `width`, `height`, `size`, `dateModified`, `dateCreated`, `dateUpdated`, `uid`) VALUES ('98', '1', '12', 'hero.jpg', 'image', '1500', '999', '653994', '2015-02-21 22:27:14', '2015-02-21 20:57:22', '2015-02-21 22:27:18', 'f5ff1695-28e2-471a-939d-add01245dc40');
INSERT INTO `craft_assetfiles` (`id`, `sourceId`, `folderId`, `filename`, `kind`, `width`, `height`, `size`, `dateModified`, `dateCreated`, `dateUpdated`, `uid`) VALUES ('99', '1', '16', 'hero.jpg', 'image', '1475', '983', '250587', '2015-03-12 18:04:57', '2015-02-21 21:00:51', '2015-03-12 18:04:59', '53c4827f-3cea-4c24-abba-8b00eeefcbb1');
INSERT INTO `craft_assetfiles` (`id`, `sourceId`, `folderId`, `filename`, `kind`, `width`, `height`, `size`, `dateModified`, `dateCreated`, `dateUpdated`, `uid`) VALUES ('106', '1', '19', 'hero.jpg', 'image', '2048', '1536', '1107007', '2015-02-21 23:47:34', '2015-02-21 23:47:46', '2015-03-21 22:16:41', '30a132bd-c41f-4cea-9a0d-9e00c28b2c42');
INSERT INTO `craft_assetfiles` (`id`, `sourceId`, `folderId`, `filename`, `kind`, `width`, `height`, `size`, `dateModified`, `dateCreated`, `dateUpdated`, `uid`) VALUES ('108', '1', '19', 'hero-2.jpg', 'image', '2048', '1536', '1179494', '2015-02-22 00:28:32', '2015-02-22 00:24:46', '2015-03-21 22:16:38', '165c22e8-f1e8-42e8-b77a-799d80ad9dc0');
INSERT INTO `craft_assetfiles` (`id`, `sourceId`, `folderId`, `filename`, `kind`, `width`, `height`, `size`, `dateModified`, `dateCreated`, `dateUpdated`, `uid`) VALUES ('113', '1', '16', 'unsigned-1.jpg', 'image', '1300', '968', '428495', '2015-02-23 20:14:13', '2015-02-23 20:14:13', '2015-02-23 20:14:13', '11e33160-a3ef-4bc1-bb4a-ca0e952af923');
INSERT INTO `craft_assetfiles` (`id`, `sourceId`, `folderId`, `filename`, `kind`, `width`, `height`, `size`, `dateModified`, `dateCreated`, `dateUpdated`, `uid`) VALUES ('116', '1', '12', 'oktoberfest_1.jpg', 'image', '940', '700', '372844', '2015-02-23 21:22:48', '2015-02-23 21:22:48', '2015-02-23 21:22:48', '5c6fbc4e-aa0b-46c8-be89-3d5235e91b01');
INSERT INTO `craft_assetfiles` (`id`, `sourceId`, `folderId`, `filename`, `kind`, `width`, `height`, `size`, `dateModified`, `dateCreated`, `dateUpdated`, `uid`) VALUES ('127', '1', '17', 'iphone5s_mockup_preview-o.jpg', 'image', '1500', '851', '589657', '2015-02-23 22:32:56', '2015-02-23 22:31:39', '2015-02-23 22:32:59', '5eca4afe-fc2c-4739-9b07-649c80629d80');
INSERT INTO `craft_assetfiles` (`id`, `sourceId`, `folderId`, `filename`, `kind`, `width`, `height`, `size`, `dateModified`, `dateCreated`, `dateUpdated`, `uid`) VALUES ('140', '1', '25', 'caroline_1.jpg', 'image', '940', '700', '214910', '2015-03-03 18:40:51', '2015-03-03 18:40:51', '2015-03-30 02:23:33', 'dbaa9732-c36f-4c56-be57-361768b21f52');
INSERT INTO `craft_assetfiles` (`id`, `sourceId`, `folderId`, `filename`, `kind`, `width`, `height`, `size`, `dateModified`, `dateCreated`, `dateUpdated`, `uid`) VALUES ('148', '1', '15', 'product-preview-o.jpg', 'image', '1160', '772', '128390', '2015-03-03 20:38:38', '2015-03-03 20:38:38', '2015-03-03 20:38:38', 'a5e1bfdf-d34d-45f9-8d83-d792982ee363');
INSERT INTO `craft_assetfiles` (`id`, `sourceId`, `folderId`, `filename`, `kind`, `width`, `height`, `size`, `dateModified`, `dateCreated`, `dateUpdated`, `uid`) VALUES ('149', '1', '15', 'golden_opener_screens.jpg', 'image', '940', '700', '309768', '2015-03-03 20:40:30', '2015-03-03 20:40:30', '2015-03-21 22:18:01', '82d530d0-b95a-46e5-a6f0-ad717697bcf8');
INSERT INTO `craft_assetfiles` (`id`, `sourceId`, `folderId`, `filename`, `kind`, `width`, `height`, `size`, `dateModified`, `dateCreated`, `dateUpdated`, `uid`) VALUES ('150', '1', '15', 'go_page_enter.jpg', 'image', '940', '700', '276421', '2015-03-03 20:40:31', '2015-03-03 20:40:32', '2015-03-03 20:40:32', 'bb5aeb87-7c60-444d-8521-d2424ec87c00');
INSERT INTO `craft_assetfiles` (`id`, `sourceId`, `folderId`, `filename`, `kind`, `width`, `height`, `size`, `dateModified`, `dateCreated`, `dateUpdated`, `uid`) VALUES ('152', '1', '17', 'lifefit-1.jpg', 'image', '1200', '999', '243227', '2015-03-11 22:24:52', '2015-03-11 22:24:53', '2015-03-11 22:24:53', '467aa30f-1249-4684-95d2-34834dd2f94c');
INSERT INTO `craft_assetfiles` (`id`, `sourceId`, `folderId`, `filename`, `kind`, `width`, `height`, `size`, `dateModified`, `dateCreated`, `dateUpdated`, `uid`) VALUES ('153', '1', '17', 'lifefit-2.jpg', 'image', '1200', '1389', '268339', '2015-03-11 22:24:54', '2015-03-11 22:24:55', '2015-03-11 22:24:55', '3d339795-493c-4c28-b356-9387acd2a9d9');
INSERT INTO `craft_assetfiles` (`id`, `sourceId`, `folderId`, `filename`, `kind`, `width`, `height`, `size`, `dateModified`, `dateCreated`, `dateUpdated`, `uid`) VALUES ('167', '1', '25', 'caroline-2.jpg', 'image', '1200', '1877', '349514', '2015-03-12 01:29:26', '2015-03-12 01:20:40', '2015-03-30 02:23:34', '4a916681-16f3-4795-8639-b397209ae2cf');
INSERT INTO `craft_assetfiles` (`id`, `sourceId`, `folderId`, `filename`, `kind`, `width`, `height`, `size`, `dateModified`, `dateCreated`, `dateUpdated`, `uid`) VALUES ('168', '1', '25', 'caroline-3.jpg', 'image', '1200', '1809', '259365', '2015-03-12 01:29:29', '2015-03-12 01:20:42', '2015-03-30 02:23:34', '5b49b082-9478-488d-8597-8541677732d9');
INSERT INTO `craft_assetfiles` (`id`, `sourceId`, `folderId`, `filename`, `kind`, `width`, `height`, `size`, `dateModified`, `dateCreated`, `dateUpdated`, `uid`) VALUES ('169', '1', '17', 'lifefit_logo.png', 'image', '1000', '498', '41198', '2015-03-12 12:24:49', '2015-03-12 12:23:25', '2015-03-12 12:25:01', 'e8360121-6cee-47a1-8118-2a9a9ba8b05b');
INSERT INTO `craft_assetfiles` (`id`, `sourceId`, `folderId`, `filename`, `kind`, `width`, `height`, `size`, `dateModified`, `dateCreated`, `dateUpdated`, `uid`) VALUES ('178', '1', '15', 'golden-opener-1.jpg', 'image', '1200', '1954', '350513', '2015-03-12 15:47:40', '2015-03-12 15:47:41', '2015-03-12 15:47:41', '33b99d09-b840-49a3-abf6-ddca80da2c9e');
INSERT INTO `craft_assetfiles` (`id`, `sourceId`, `folderId`, `filename`, `kind`, `width`, `height`, `size`, `dateModified`, `dateCreated`, `dateUpdated`, `uid`) VALUES ('184', '1', '19', 'logo.jpg', 'image', '1200', '716', '39275', '2015-03-12 17:27:00', '2015-03-12 17:27:00', '2015-03-12 17:27:00', 'd56b8976-24c4-4715-9a7d-3d0b8ead3c0b');
INSERT INTO `craft_assetfiles` (`id`, `sourceId`, `folderId`, `filename`, `kind`, `width`, `height`, `size`, `dateModified`, `dateCreated`, `dateUpdated`, `uid`) VALUES ('193', '1', '17', 'hero.jpg', 'image', '1500', '849', '121942', '2015-03-13 16:48:19', '2015-03-13 16:46:40', '2015-03-13 16:48:22', '21c6a496-3269-44cf-8a35-e3d7719bf89e');
INSERT INTO `craft_assetfiles` (`id`, `sourceId`, `folderId`, `filename`, `kind`, `width`, `height`, `size`, `dateModified`, `dateCreated`, `dateUpdated`, `uid`) VALUES ('220', '1', '19', 'hero-3.jpg', 'image', '1350', '800', '188610', '2015-03-19 14:51:43', '2015-03-19 14:51:44', '2015-03-19 14:51:44', 'f2b9e7d3-e10f-430c-899f-5efffa2e44b9');
INSERT INTO `craft_assetfiles` (`id`, `sourceId`, `folderId`, `filename`, `kind`, `width`, `height`, `size`, `dateModified`, `dateCreated`, `dateUpdated`, `uid`) VALUES ('221', '1', '19', '1558381_10151950244445847_1000969892_n.jpg', 'image', '729', '486', '60794', '2015-03-19 14:56:05', '2015-03-19 14:56:06', '2015-03-19 14:56:06', '17ee5f6a-c8eb-4bd8-b52b-bcd49e24c915');
INSERT INTO `craft_assetfiles` (`id`, `sourceId`, `folderId`, `filename`, `kind`, `width`, `height`, `size`, `dateModified`, `dateCreated`, `dateUpdated`, `uid`) VALUES ('222', '1', '19', 'banner.jpg', 'image', '729', '486', '82761', '2015-03-19 14:57:34', '2015-03-19 14:57:35', '2015-03-19 14:57:35', 'bbdcd651-bb36-4878-92c3-3ade649974ac');
INSERT INTO `craft_assetfiles` (`id`, `sourceId`, `folderId`, `filename`, `kind`, `width`, `height`, `size`, `dateModified`, `dateCreated`, `dateUpdated`, `uid`) VALUES ('223', '1', '20', 'winter-beer-fest-2up.jpg', 'image', '1200', '755', '366773', '2015-03-19 16:59:32', '2015-03-19 16:59:33', '2015-03-19 16:59:33', '0adf18f1-5061-48c5-8e74-a90cae015266');
INSERT INTO `craft_assetfiles` (`id`, `sourceId`, `folderId`, `filename`, `kind`, `width`, `height`, `size`, `dateModified`, `dateCreated`, `dateUpdated`, `uid`) VALUES ('224', '1', '20', 'winter-beer-fest-mobile.jpg', 'image', '1200', '716', '67549', '2015-03-19 16:59:34', '2015-03-19 16:59:34', '2015-03-19 16:59:34', '3241576c-898a-4a1f-a0b5-695b18a65edf');
INSERT INTO `craft_assetfiles` (`id`, `sourceId`, `folderId`, `filename`, `kind`, `width`, `height`, `size`, `dateModified`, `dateCreated`, `dateUpdated`, `uid`) VALUES ('225', '1', '20', 'winter-beer-fest.jpg', 'image', '940', '700', '294236', '2015-03-19 16:59:35', '2015-03-19 16:59:35', '2015-03-19 16:59:35', 'a0964841-8627-4272-8d4b-861219f05f66');
INSERT INTO `craft_assetfiles` (`id`, `sourceId`, `folderId`, `filename`, `kind`, `width`, `height`, `size`, `dateModified`, `dateCreated`, `dateUpdated`, `uid`) VALUES ('232', '1', '15', 'golden_opener_mobile-left.jpg', 'image', '684', '1444', '147669', '2015-03-21 22:17:05', '2015-03-21 22:17:06', '2015-03-21 22:17:06', '5ffd565f-2c95-4723-94df-8a3c0c3b266d');
INSERT INTO `craft_assetfiles` (`id`, `sourceId`, `folderId`, `filename`, `kind`, `width`, `height`, `size`, `dateModified`, `dateCreated`, `dateUpdated`, `uid`) VALUES ('233', '1', '15', 'golden_opener_mobile-mid.jpg', 'image', '684', '1444', '118046', '2015-03-21 22:17:07', '2015-03-21 22:17:07', '2015-03-21 22:17:07', '818f1a8a-b8a2-41b5-aad0-29e773b516c7');
INSERT INTO `craft_assetfiles` (`id`, `sourceId`, `folderId`, `filename`, `kind`, `width`, `height`, `size`, `dateModified`, `dateCreated`, `dateUpdated`, `uid`) VALUES ('237', '1', '15', 'golden_opener_mobile-right.jpg', 'image', '684', '1444', '105181', '2015-03-21 23:30:12', '2015-03-21 23:30:13', '2015-03-21 23:30:13', 'eaa625af-509d-4912-bfc0-c0892443149b');
INSERT INTO `craft_assetfiles` (`id`, `sourceId`, `folderId`, `filename`, `kind`, `width`, `height`, `size`, `dateModified`, `dateCreated`, `dateUpdated`, `uid`) VALUES ('238', '1', '15', 'golden-opener-2.jpg', 'image', '1200', '1539', '221386', '2015-03-21 23:54:07', '2015-03-21 23:40:30', '2015-03-21 23:54:10', '9446ef4e-95a3-4a17-86c9-f914cfbaf83d');
INSERT INTO `craft_assetfiles` (`id`, `sourceId`, `folderId`, `filename`, `kind`, `width`, `height`, `size`, `dateModified`, `dateCreated`, `dateUpdated`, `uid`) VALUES ('239', '1', '20', 'mobile-left.jpg', 'image', '684', '1444', '117880', '2015-03-22 21:46:56', '2015-03-22 21:46:57', '2015-03-22 21:46:57', 'f6e87ea8-9eee-4d02-bc6c-396d7f374dad');
INSERT INTO `craft_assetfiles` (`id`, `sourceId`, `folderId`, `filename`, `kind`, `width`, `height`, `size`, `dateModified`, `dateCreated`, `dateUpdated`, `uid`) VALUES ('240', '1', '20', 'mobile-mid.jpg', 'image', '684', '1444', '133455', '2015-03-22 21:46:57', '2015-03-22 21:46:58', '2015-03-22 21:46:58', 'b61ea3f4-4009-4173-ae1e-11d259895695');
INSERT INTO `craft_assetfiles` (`id`, `sourceId`, `folderId`, `filename`, `kind`, `width`, `height`, `size`, `dateModified`, `dateCreated`, `dateUpdated`, `uid`) VALUES ('241', '1', '20', 'mobile-right.jpg', 'image', '684', '1444', '81199', '2015-03-22 21:46:59', '2015-03-22 21:46:59', '2015-03-22 21:46:59', '87c3ad59-9389-467d-b496-4a512577e91b');
INSERT INTO `craft_assetfiles` (`id`, `sourceId`, `folderId`, `filename`, `kind`, `width`, `height`, `size`, `dateModified`, `dateCreated`, `dateUpdated`, `uid`) VALUES ('243', '1', '20', 'store-1.jpg', 'image', '1200', '1730', '282787', '2015-03-22 21:48:10', '2015-03-22 21:48:11', '2015-03-22 21:48:11', '05312a0e-a4be-46de-a439-17a1882aec25');
INSERT INTO `craft_assetfiles` (`id`, `sourceId`, `folderId`, `filename`, `kind`, `width`, `height`, `size`, `dateModified`, `dateCreated`, `dateUpdated`, `uid`) VALUES ('244', '1', '20', 'store-2.jpg', 'image', '1200', '1412', '361276', '2015-03-22 21:48:13', '2015-03-22 21:48:13', '2015-03-22 21:48:13', '6a8fc446-f73e-4437-b763-f4740c0112d7');
INSERT INTO `craft_assetfiles` (`id`, `sourceId`, `folderId`, `filename`, `kind`, `width`, `height`, `size`, `dateModified`, `dateCreated`, `dateUpdated`, `uid`) VALUES ('245', '1', '20', 'store-3.jpg', 'image', '1200', '1539', '275629', '2015-03-22 21:48:15', '2015-03-22 21:48:16', '2015-03-22 21:48:16', 'd8dfe162-faf9-456c-b7ab-29bb1ccdf5b5');
INSERT INTO `craft_assetfiles` (`id`, `sourceId`, `folderId`, `filename`, `kind`, `width`, `height`, `size`, `dateModified`, `dateCreated`, `dateUpdated`, `uid`) VALUES ('247', '1', '25', 'mobile-left.jpg', 'image', '684', '1444', '113832', '2015-03-22 21:53:24', '2015-03-22 21:53:10', '2015-03-30 02:23:44', '9f7725c5-ba96-4f04-8ba5-ebc8f7e6ae5f');
INSERT INTO `craft_assetfiles` (`id`, `sourceId`, `folderId`, `filename`, `kind`, `width`, `height`, `size`, `dateModified`, `dateCreated`, `dateUpdated`, `uid`) VALUES ('248', '1', '25', 'mobile-mid.jpg', 'image', '684', '1444', '119495', '2015-03-22 21:53:25', '2015-03-22 21:53:11', '2015-03-30 02:23:44', '8700eb9a-f0eb-4575-b01c-e664604281c5');
INSERT INTO `craft_assetfiles` (`id`, `sourceId`, `folderId`, `filename`, `kind`, `width`, `height`, `size`, `dateModified`, `dateCreated`, `dateUpdated`, `uid`) VALUES ('249', '1', '25', 'mobile-right.jpg', 'image', '684', '1444', '129431', '2015-03-22 21:53:26', '2015-03-22 21:53:13', '2015-03-30 02:23:45', 'eafb00b8-03f8-419b-b7cb-95b2609280d3');
INSERT INTO `craft_assetfiles` (`id`, `sourceId`, `folderId`, `filename`, `kind`, `width`, `height`, `size`, `dateModified`, `dateCreated`, `dateUpdated`, `uid`) VALUES ('260', '1', '17', 'lifefit_2up-left.jpg', 'image', '1400', '1166', '299725', '2015-03-22 22:11:45', '2015-03-22 22:11:46', '2015-03-22 22:11:46', 'c73b1649-3dda-4ba1-8d53-90816ca9cb6e');
INSERT INTO `craft_assetfiles` (`id`, `sourceId`, `folderId`, `filename`, `kind`, `width`, `height`, `size`, `dateModified`, `dateCreated`, `dateUpdated`, `uid`) VALUES ('261', '1', '17', 'lifefit_2up-right.jpg', 'image', '1200', '999', '186942', '2015-03-22 22:11:47', '2015-03-22 22:11:48', '2015-03-22 22:11:48', 'e16fcd04-f79d-40fc-b078-07674108c4e9');
INSERT INTO `craft_assetfiles` (`id`, `sourceId`, `folderId`, `filename`, `kind`, `width`, `height`, `size`, `dateModified`, `dateCreated`, `dateUpdated`, `uid`) VALUES ('262', '1', '17', 'lifefit-mobile-left.jpg', 'image', '684', '1444', '122436', '2015-03-23 01:45:06', '2015-03-22 22:11:58', '2015-03-23 01:45:08', 'db7087b4-27ed-4859-b6eb-108a61a2bf55');
INSERT INTO `craft_assetfiles` (`id`, `sourceId`, `folderId`, `filename`, `kind`, `width`, `height`, `size`, `dateModified`, `dateCreated`, `dateUpdated`, `uid`) VALUES ('263', '1', '17', 'lifefit-mobile-mid.jpg', 'image', '684', '1444', '80800', '2015-03-22 22:11:59', '2015-03-22 22:11:59', '2015-03-22 22:11:59', '5271f819-a4c6-453c-a291-0de758839a3c');
INSERT INTO `craft_assetfiles` (`id`, `sourceId`, `folderId`, `filename`, `kind`, `width`, `height`, `size`, `dateModified`, `dateCreated`, `dateUpdated`, `uid`) VALUES ('264', '1', '17', 'lifefit-mobile-right.jpg', 'image', '684', '1444', '96694', '2015-03-22 22:12:00', '2015-03-22 22:12:00', '2015-03-22 22:12:00', 'fd126b88-f9f5-41b6-9909-8c55ac325191');
INSERT INTO `craft_assetfiles` (`id`, `sourceId`, `folderId`, `filename`, `kind`, `width`, `height`, `size`, `dateModified`, `dateCreated`, `dateUpdated`, `uid`) VALUES ('269', '1', '12', 'okt-mobile-left.jpg', 'image', '684', '1444', '164309', '2015-03-23 01:52:06', '2015-03-23 01:52:07', '2015-03-23 01:52:07', '94f08945-39ca-4fee-97ef-a32a535c2c92');
INSERT INTO `craft_assetfiles` (`id`, `sourceId`, `folderId`, `filename`, `kind`, `width`, `height`, `size`, `dateModified`, `dateCreated`, `dateUpdated`, `uid`) VALUES ('270', '1', '12', 'okt-mobile-mid.jpg', 'image', '684', '1444', '110608', '2015-03-23 01:52:07', '2015-03-23 01:52:08', '2015-03-23 01:52:08', 'd284d47c-e43c-4b5f-999a-de6783ebc8f6');
INSERT INTO `craft_assetfiles` (`id`, `sourceId`, `folderId`, `filename`, `kind`, `width`, `height`, `size`, `dateModified`, `dateCreated`, `dateUpdated`, `uid`) VALUES ('271', '1', '12', 'okt-mobile-right.jpg', 'image', '684', '1444', '105000', '2015-03-23 01:52:09', '2015-03-23 01:52:09', '2015-03-23 01:52:09', '73561d66-dd3b-4535-a457-e5d08f9b991c');
INSERT INTO `craft_assetfiles` (`id`, `sourceId`, `folderId`, `filename`, `kind`, `width`, `height`, `size`, `dateModified`, `dateCreated`, `dateUpdated`, `uid`) VALUES ('276', '1', '12', 'okt-2.jpg', 'image', '1200', '1094', '245640', '2015-03-23 02:39:57', '2015-03-23 02:39:58', '2015-03-23 02:39:58', 'f4eed1b6-4c4f-41d4-9b65-f556b07a00b0');
INSERT INTO `craft_assetfiles` (`id`, `sourceId`, `folderId`, `filename`, `kind`, `width`, `height`, `size`, `dateModified`, `dateCreated`, `dateUpdated`, `uid`) VALUES ('277', '1', '12', 'okt-3.jpg', 'image', '1374', '2464', '331290', '2015-03-23 02:40:07', '2015-03-23 02:40:08', '2015-03-23 02:40:08', '7dba1654-be06-4b96-861e-67f3ac891686');
INSERT INTO `craft_assetfiles` (`id`, `sourceId`, `folderId`, `filename`, `kind`, `width`, `height`, `size`, `dateModified`, `dateCreated`, `dateUpdated`, `uid`) VALUES ('278', '1', '12', 'okt-left.jpg', 'image', '1305', '1716', '237665', '2015-03-23 02:42:36', '2015-03-23 02:40:11', '2015-03-23 02:42:39', '75390d20-3b4f-4b77-bbd1-f0ac0f996560');
INSERT INTO `craft_assetfiles` (`id`, `sourceId`, `folderId`, `filename`, `kind`, `width`, `height`, `size`, `dateModified`, `dateCreated`, `dateUpdated`, `uid`) VALUES ('279', '1', '12', 'okt-right.jpg', 'image', '1305', '1716', '347571', '2015-03-23 02:42:25', '2015-03-23 02:40:13', '2015-03-23 02:42:27', '7a8cd2e0-dda9-4ed8-834e-3473bd3cf77b');
INSERT INTO `craft_assetfiles` (`id`, `sourceId`, `folderId`, `filename`, `kind`, `width`, `height`, `size`, `dateModified`, `dateCreated`, `dateUpdated`, `uid`) VALUES ('282', '1', '8', 'canvan-2.jpg', 'image', '1305', '2136', '709771', '2015-03-26 00:38:23', '2015-03-23 03:23:04', '2015-03-26 00:38:27', '4f365258-b07d-4a91-9bda-5ed73a7330fe');
INSERT INTO `craft_assetfiles` (`id`, `sourceId`, `folderId`, `filename`, `kind`, `width`, `height`, `size`, `dateModified`, `dateCreated`, `dateUpdated`, `uid`) VALUES ('283', '1', '8', 'canvan-3.jpg', 'image', '1305', '1140', '219326', '2015-03-26 00:32:07', '2015-03-23 03:23:06', '2015-03-26 00:32:10', '734e7b45-675f-40b7-bf88-9b4d2c844d16');
INSERT INTO `craft_assetfiles` (`id`, `sourceId`, `folderId`, `filename`, `kind`, `width`, `height`, `size`, `dateModified`, `dateCreated`, `dateUpdated`, `uid`) VALUES ('284', '1', '8', 'canvan-left.jpg', 'image', '1305', '930', '215528', '2015-03-23 03:23:07', '2015-03-23 03:23:08', '2015-03-23 03:23:08', '16729e77-37fd-4cb6-9cc9-95bce0f959c9');
INSERT INTO `craft_assetfiles` (`id`, `sourceId`, `folderId`, `filename`, `kind`, `width`, `height`, `size`, `dateModified`, `dateCreated`, `dateUpdated`, `uid`) VALUES ('285', '1', '8', 'canvan-mobile-left.jpg', 'image', '684', '1444', '146550', '2015-03-23 03:23:09', '2015-03-23 03:23:10', '2015-03-23 03:23:10', '6f7b52dc-1143-477c-bcb0-571665f2dc65');
INSERT INTO `craft_assetfiles` (`id`, `sourceId`, `folderId`, `filename`, `kind`, `width`, `height`, `size`, `dateModified`, `dateCreated`, `dateUpdated`, `uid`) VALUES ('286', '1', '8', 'canvan-mobile-mid.jpg', 'image', '684', '1444', '161696', '2015-03-23 03:23:11', '2015-03-23 03:23:11', '2015-03-23 03:23:11', '462674a6-52ee-43bb-aae7-db32c042eb04');
INSERT INTO `craft_assetfiles` (`id`, `sourceId`, `folderId`, `filename`, `kind`, `width`, `height`, `size`, `dateModified`, `dateCreated`, `dateUpdated`, `uid`) VALUES ('287', '1', '8', 'canvan-mobile-right.jpg', 'image', '684', '1444', '199218', '2015-03-23 03:23:12', '2015-03-23 03:23:13', '2015-03-23 03:23:13', 'b550f7c3-aa64-4a35-b213-cb8d7a42e9ae');
INSERT INTO `craft_assetfiles` (`id`, `sourceId`, `folderId`, `filename`, `kind`, `width`, `height`, `size`, `dateModified`, `dateCreated`, `dateUpdated`, `uid`) VALUES ('288', '1', '8', 'canvan-right.jpg', 'image', '1305', '930', '374254', '2015-03-23 03:23:14', '2015-03-23 03:23:15', '2015-03-23 03:23:15', 'b9956847-f91c-4c4c-8d4f-9813c64c20ce');
INSERT INTO `craft_assetfiles` (`id`, `sourceId`, `folderId`, `filename`, `kind`, `width`, `height`, `size`, `dateModified`, `dateCreated`, `dateUpdated`, `uid`) VALUES ('304', '1', '19', 'winter-beer-fest-2.jpg', 'image', '1305', '2152', '619795', '2015-03-23 03:53:11', '2015-03-23 03:53:12', '2015-03-23 03:53:12', 'df53cab8-c5d2-408e-8200-40dd5e1d0791');
INSERT INTO `craft_assetfiles` (`id`, `sourceId`, `folderId`, `filename`, `kind`, `width`, `height`, `size`, `dateModified`, `dateCreated`, `dateUpdated`, `uid`) VALUES ('305', '1', '19', 'winter-beer-left.jpg', 'image', '1305', '1596', '429746', '2015-03-27 23:02:22', '2015-03-23 03:53:15', '2015-03-27 23:02:27', '4a2292b7-1305-4761-91a6-f979863d9337');
INSERT INTO `craft_assetfiles` (`id`, `sourceId`, `folderId`, `filename`, `kind`, `width`, `height`, `size`, `dateModified`, `dateCreated`, `dateUpdated`, `uid`) VALUES ('306', '1', '19', 'winter-beer-mobile-left.jpg', 'image', '684', '1444', '128239', '2015-03-23 03:53:25', '2015-03-23 03:53:16', '2015-03-23 03:53:34', '26e77735-e10c-4848-a995-158679e19e40');
INSERT INTO `craft_assetfiles` (`id`, `sourceId`, `folderId`, `filename`, `kind`, `width`, `height`, `size`, `dateModified`, `dateCreated`, `dateUpdated`, `uid`) VALUES ('308', '1', '19', 'winter-beer-mobile-mid.jpg', 'image', '684', '1444', '162653', '2015-03-23 03:53:27', '2015-03-23 03:53:27', '2015-03-23 03:53:27', 'e52384b5-0cda-48d7-8510-af6c23fd2bf2');
INSERT INTO `craft_assetfiles` (`id`, `sourceId`, `folderId`, `filename`, `kind`, `width`, `height`, `size`, `dateModified`, `dateCreated`, `dateUpdated`, `uid`) VALUES ('309', '1', '19', 'winter-beer-mobile-right.jpg', 'image', '684', '1444', '118589', '2015-03-23 03:53:28', '2015-03-23 03:53:28', '2015-03-23 03:53:28', 'a552f708-c2ec-47b7-b969-425f3bb7030b');
INSERT INTO `craft_assetfiles` (`id`, `sourceId`, `folderId`, `filename`, `kind`, `width`, `height`, `size`, `dateModified`, `dateCreated`, `dateUpdated`, `uid`) VALUES ('310', '1', '19', 'winter-beer-right.jpg', 'image', '1305', '1596', '315087', '2015-03-27 23:02:06', '2015-03-23 03:53:31', '2015-03-27 23:02:26', '9a66c26b-1b4c-4fca-97e1-0451eb251505');
INSERT INTO `craft_assetfiles` (`id`, `sourceId`, `folderId`, `filename`, `kind`, `width`, `height`, `size`, `dateModified`, `dateCreated`, `dateUpdated`, `uid`) VALUES ('311', '1', '19', 'winter-beer-fest.jpg', 'image', '940', '700', '294236', '2015-03-23 03:54:18', '2015-03-23 03:54:18', '2015-03-23 03:54:18', '0c6828f5-9fd5-495f-b8ed-1be4acf391e5');
INSERT INTO `craft_assetfiles` (`id`, `sourceId`, `folderId`, `filename`, `kind`, `width`, `height`, `size`, `dateModified`, `dateCreated`, `dateUpdated`, `uid`) VALUES ('315', '1', '23', 'blog-2.jpg', 'image', '1305', '2433', '628010', '2015-03-26 01:34:01', '2015-03-26 01:34:03', '2015-03-26 01:34:03', '8b2130cc-c6b7-454c-9556-e6077109dbaf');
INSERT INTO `craft_assetfiles` (`id`, `sourceId`, `folderId`, `filename`, `kind`, `width`, `height`, `size`, `dateModified`, `dateCreated`, `dateUpdated`, `uid`) VALUES ('316', '1', '23', 'blog.jpg', 'image', '940', '700', '283491', '2015-03-26 01:34:16', '2015-03-26 01:34:16', '2015-03-26 01:34:16', '2b4cf9a1-2e04-4ad7-8adf-d30537b133d8');
INSERT INTO `craft_assetfiles` (`id`, `sourceId`, `folderId`, `filename`, `kind`, `width`, `height`, `size`, `dateModified`, `dateCreated`, `dateUpdated`, `uid`) VALUES ('320', '1', '16', 'unsigned-2.jpg', 'image', '1305', '2433', '574768', '2015-03-26 02:39:04', '2015-03-26 02:39:06', '2015-03-26 02:39:06', 'a37ff67d-7e4b-454d-8e64-41bd14bcfc93');
INSERT INTO `craft_assetfiles` (`id`, `sourceId`, `folderId`, `filename`, `kind`, `width`, `height`, `size`, `dateModified`, `dateCreated`, `dateUpdated`, `uid`) VALUES ('321', '1', '16', 'unsigned-mobile-left.jpg', 'image', '684', '1444', '112574', '2015-03-26 02:45:34', '2015-03-26 02:45:35', '2015-03-26 02:45:35', '23eac203-1138-4d77-b0a6-c3739cb7c434');
INSERT INTO `craft_assetfiles` (`id`, `sourceId`, `folderId`, `filename`, `kind`, `width`, `height`, `size`, `dateModified`, `dateCreated`, `dateUpdated`, `uid`) VALUES ('322', '1', '16', 'unsigned-mobile-mid.jpg', 'image', '684', '1444', '139645', '2015-03-26 02:45:36', '2015-03-26 02:45:36', '2015-03-26 02:45:36', 'e0840567-96bf-419d-b3c0-4538f33b42c0');
INSERT INTO `craft_assetfiles` (`id`, `sourceId`, `folderId`, `filename`, `kind`, `width`, `height`, `size`, `dateModified`, `dateCreated`, `dateUpdated`, `uid`) VALUES ('323', '1', '16', 'unsigned-mobile-right.jpg', 'image', '684', '1444', '147151', '2015-03-26 02:45:37', '2015-03-26 02:45:38', '2015-03-26 02:45:38', '3864b12e-0b47-4e43-89ad-7f67d68efbc0');
INSERT INTO `craft_assetfiles` (`id`, `sourceId`, `folderId`, `filename`, `kind`, `width`, `height`, `size`, `dateModified`, `dateCreated`, `dateUpdated`, `uid`) VALUES ('324', '1', '16', 'unsigned-mobile-left-2.jpg', 'image', '684', '1444', '177331', '2015-03-26 02:47:34', '2015-03-26 02:47:34', '2015-03-26 02:47:34', '96ee3064-be87-4e90-9838-030fa9d0cb19');
INSERT INTO `craft_assetfiles` (`id`, `sourceId`, `folderId`, `filename`, `kind`, `width`, `height`, `size`, `dateModified`, `dateCreated`, `dateUpdated`, `uid`) VALUES ('325', '1', '16', 'unsigned-mobile-mid-2.jpg', 'image', '684', '1444', '167395', '2015-03-26 02:47:35', '2015-03-26 02:47:36', '2015-03-26 02:47:36', '6adb2d7f-3584-4fbb-93c7-2fd05ca81275');
INSERT INTO `craft_assetfiles` (`id`, `sourceId`, `folderId`, `filename`, `kind`, `width`, `height`, `size`, `dateModified`, `dateCreated`, `dateUpdated`, `uid`) VALUES ('326', '1', '16', 'unsigned-mobile-right-2.jpg', 'image', '684', '1444', '172184', '2015-03-26 02:47:36', '2015-03-26 02:47:37', '2015-03-26 02:47:37', '584b114c-8583-479e-ab9d-a6955c49b587');
INSERT INTO `craft_assetfiles` (`id`, `sourceId`, `folderId`, `filename`, `kind`, `width`, `height`, `size`, `dateModified`, `dateCreated`, `dateUpdated`, `uid`) VALUES ('339', '1', '16', 'unsigned-3.jpg', 'image', '1305', '2816', '636353', '2015-03-26 03:24:19', '2015-03-26 03:24:21', '2015-03-26 03:24:21', 'ddad7fac-67f8-4914-a24e-bffc89ac83b9');
INSERT INTO `craft_assetfiles` (`id`, `sourceId`, `folderId`, `filename`, `kind`, `width`, `height`, `size`, `dateModified`, `dateCreated`, `dateUpdated`, `uid`) VALUES ('340', '1', '16', 'unsigned-left.jpg', 'image', '1305', '2816', '878472', '2015-03-26 03:24:24', '2015-03-26 03:24:26', '2015-03-26 03:24:26', '3017c11c-0882-4d54-886a-fabfb63b64be');
INSERT INTO `craft_assetfiles` (`id`, `sourceId`, `folderId`, `filename`, `kind`, `width`, `height`, `size`, `dateModified`, `dateCreated`, `dateUpdated`, `uid`) VALUES ('341', '1', '16', 'unsigned-right.jpg', 'image', '1305', '2816', '697006', '2015-03-26 03:24:29', '2015-03-26 03:24:31', '2015-03-26 03:24:31', '3816649a-79cb-4134-825e-8f6a32775aae');
INSERT INTO `craft_assetfiles` (`id`, `sourceId`, `folderId`, `filename`, `kind`, `width`, `height`, `size`, `dateModified`, `dateCreated`, `dateUpdated`, `uid`) VALUES ('350', '1', '8', 'canvan-thumb.png', 'image', '600', '430', '85080', '2015-03-30 02:47:19', '2015-03-30 01:05:52', '2015-03-30 02:47:24', '11c94cc8-b4d3-4887-96cd-5c6c617842e3');
INSERT INTO `craft_assetfiles` (`id`, `sourceId`, `folderId`, `filename`, `kind`, `width`, `height`, `size`, `dateModified`, `dateCreated`, `dateUpdated`, `uid`) VALUES ('352', '1', '24', 'caroline-thumb.png', 'image', '350', '250', '29098', '2015-03-30 01:06:14', '2015-03-30 01:06:19', '2015-03-30 01:06:19', 'c88e1f66-30e9-4487-9719-d3fa13abaf2e');
INSERT INTO `craft_assetfiles` (`id`, `sourceId`, `folderId`, `filename`, `kind`, `width`, `height`, `size`, `dateModified`, `dateCreated`, `dateUpdated`, `uid`) VALUES ('353', '1', '24', 'canvan-thumb.png', 'image', '350', '250', '25643', '2015-03-30 01:07:08', '2015-03-30 01:07:10', '2015-03-30 01:07:10', '680d28f9-ecad-45b6-acec-86878e30570c');
INSERT INTO `craft_assetfiles` (`id`, `sourceId`, `folderId`, `filename`, `kind`, `width`, `height`, `size`, `dateModified`, `dateCreated`, `dateUpdated`, `uid`) VALUES ('355', '1', '20', 'store.png', 'image', '350', '250', '63201', '2015-03-30 01:11:31', '2015-03-30 01:11:34', '2015-03-30 01:11:34', '7b8495a3-0540-4339-915b-c130fa9d59e6');
INSERT INTO `craft_assetfiles` (`id`, `sourceId`, `folderId`, `filename`, `kind`, `width`, `height`, `size`, `dateModified`, `dateCreated`, `dateUpdated`, `uid`) VALUES ('356', '1', '21', 'blog-thumb.png', 'image', '350', '250', '34671', '2015-03-30 02:03:44', '2015-03-30 01:26:06', '2015-03-30 02:03:48', 'dd6114bf-8d2b-4006-867d-e0fc8ebb12fa');
INSERT INTO `craft_assetfiles` (`id`, `sourceId`, `folderId`, `filename`, `kind`, `width`, `height`, `size`, `dateModified`, `dateCreated`, `dateUpdated`, `uid`) VALUES ('359', '1', '15', 'find-gold-thumb.jpg', 'image', '600', '430', '65573', '2015-03-30 02:30:09', '2015-03-30 02:09:06', '2015-03-30 02:30:11', '3d5849f7-78f0-4f82-ac69-14f79b879c88');
INSERT INTO `craft_assetfiles` (`id`, `sourceId`, `folderId`, `filename`, `kind`, `width`, `height`, `size`, `dateModified`, `dateCreated`, `dateUpdated`, `uid`) VALUES ('360', '1', '12', 'oktoberfest-thumb.jpg', 'image', '600', '430', '94929', '2015-03-30 02:34:36', '2015-03-30 02:14:13', '2015-03-30 02:34:38', '03ac48b4-5fa5-4b31-ac30-dbc8d59624ec');
INSERT INTO `craft_assetfiles` (`id`, `sourceId`, `folderId`, `filename`, `kind`, `width`, `height`, `size`, `dateModified`, `dateCreated`, `dateUpdated`, `uid`) VALUES ('362', '1', '25', 'caroline-thumb.jpg', 'image', '600', '430', '17612', '2015-03-30 02:23:10', '2015-03-30 02:23:11', '2015-03-30 02:23:11', 'e3c73cbd-37cf-4acf-807c-e09374a0532e');
INSERT INTO `craft_assetfiles` (`id`, `sourceId`, `folderId`, `filename`, `kind`, `width`, `height`, `size`, `dateModified`, `dateCreated`, `dateUpdated`, `uid`) VALUES ('366', '1', '25', 'caroline-thumb.png', 'image', '600', '430', '16032', '2015-03-30 02:31:13', '2015-03-30 02:31:15', '2015-03-30 02:31:15', '5efdd863-9b52-41bb-853c-999d3342175a');
INSERT INTO `craft_assetfiles` (`id`, `sourceId`, `folderId`, `filename`, `kind`, `width`, `height`, `size`, `dateModified`, `dateCreated`, `dateUpdated`, `uid`) VALUES ('368', '1', '19', 'winter-beer-thumb.jpg', 'image', '600', '430', '57023', '2015-03-30 02:43:58', '2015-03-30 02:41:03', '2015-03-30 02:44:00', 'e6332126-6371-46ed-b05b-c7876e038258');
INSERT INTO `craft_assetfiles` (`id`, `sourceId`, `folderId`, `filename`, `kind`, `width`, `height`, `size`, `dateModified`, `dateCreated`, `dateUpdated`, `uid`) VALUES ('372', '1', '20', 'store-thumb.jpg', 'image', '600', '430', '82088', '2015-03-30 02:49:26', '2015-03-30 02:49:26', '2015-03-30 02:49:26', 'b4cad62b-3563-40f9-ac4d-d35ab083505b');
INSERT INTO `craft_assetfiles` (`id`, `sourceId`, `folderId`, `filename`, `kind`, `width`, `height`, `size`, `dateModified`, `dateCreated`, `dateUpdated`, `uid`) VALUES ('373', '1', '16', 'unsigned-thumb.png', 'image', '600', '430', '31400', '2015-03-30 03:15:04', '2015-03-30 03:15:05', '2015-03-30 03:15:05', '7ac1dff7-a8a1-4fcb-9f27-1026bb6b7c47');
INSERT INTO `craft_assetfiles` (`id`, `sourceId`, `folderId`, `filename`, `kind`, `width`, `height`, `size`, `dateModified`, `dateCreated`, `dateUpdated`, `uid`) VALUES ('375', '1', '17', 'lifefit-thumb.jpg', 'image', '600', '430', '42958', '2015-03-30 03:20:29', '2015-03-30 03:20:29', '2015-03-30 03:20:29', '0940018e-94cf-4418-971e-094791878c82');
INSERT INTO `craft_assetfiles` (`id`, `sourceId`, `folderId`, `filename`, `kind`, `width`, `height`, `size`, `dateModified`, `dateCreated`, `dateUpdated`, `uid`) VALUES ('376', '1', '21', 'blog-thumb.jpg', 'image', '600', '430', '72829', '2015-03-30 03:36:29', '2015-03-30 03:24:53', '2015-03-30 03:36:31', '99efc261-74d7-4da9-9ed0-42cb7f44192e');
INSERT INTO `craft_assetfiles` (`id`, `sourceId`, `folderId`, `filename`, `kind`, `width`, `height`, `size`, `dateModified`, `dateCreated`, `dateUpdated`, `uid`) VALUES ('377', '1', '1', 'favicon.png', 'image', '32', '32', '3474', '2015-04-30 14:39:34', '2015-04-30 14:39:35', '2015-04-30 14:39:35', 'a9038a0a-6510-4237-a1b5-5cfc94d3b875');



DROP TABLE IF EXISTS `craft_assetfolders`;


--
-- Schema for table `craft_assetfolders`
--
CREATE TABLE `craft_assetfolders` (
  `id` int(11) NOT NULL AUTO_INCREMENT,
  `parentId` int(11) DEFAULT NULL,
  `sourceId` int(11) DEFAULT NULL,
  `name` varchar(255) COLLATE utf8_unicode_ci NOT NULL,
  `path` varchar(255) COLLATE utf8_unicode_ci DEFAULT NULL,
  `dateCreated` datetime NOT NULL,
  `dateUpdated` datetime NOT NULL,
  `uid` char(36) COLLATE utf8_unicode_ci NOT NULL DEFAULT '0',
  PRIMARY KEY (`id`),
  UNIQUE KEY `craft_assetfolders_name_parentId_sourceId_unq_idx` (`name`,`parentId`,`sourceId`),
  KEY `craft_assetfolders_parentId_fk` (`parentId`),
  KEY `craft_assetfolders_sourceId_fk` (`sourceId`)
) ENGINE=InnoDB AUTO_INCREMENT=26 DEFAULT CHARSET=utf8 COLLATE=utf8_unicode_ci;

--
-- Data for table `craft_assetfolders`
--

INSERT INTO `craft_assetfolders` (`id`, `parentId`, `sourceId`, `name`, `path`, `dateCreated`, `dateUpdated`, `uid`) VALUES ('1', NULL, '1', 'Project Images', '', '2015-02-20 23:27:06', '2015-02-20 23:27:06', '6acea1c1-a507-48dc-8bf5-434a45d36d68');
INSERT INTO `craft_assetfolders` (`id`, `parentId`, `sourceId`, `name`, `path`, `dateCreated`, `dateUpdated`, `uid`) VALUES ('5', '1', '1', 'social', 'social/', '2015-02-20 23:39:33', '2015-02-20 23:39:33', '3699691f-d2ba-4b57-8115-4df9730d704e');
INSERT INTO `craft_assetfolders` (`id`, `parentId`, `sourceId`, `name`, `path`, `dateCreated`, `dateUpdated`, `uid`) VALUES ('8', '1', '1', 'can-van', 'can-van/', '2015-02-20 23:41:07', '2015-02-20 23:41:07', '860f063e-a5a8-48b5-b04a-0b84856d013b');
INSERT INTO `craft_assetfolders` (`id`, `parentId`, `sourceId`, `name`, `path`, `dateCreated`, `dateUpdated`, `uid`) VALUES ('9', NULL, NULL, 'Temporary source', NULL, '2015-02-21 16:22:49', '2015-02-21 16:22:49', '6af3d16d-3c1b-4bc2-9790-420da8770fd7');
INSERT INTO `craft_assetfolders` (`id`, `parentId`, `sourceId`, `name`, `path`, `dateCreated`, `dateUpdated`, `uid`) VALUES ('10', '9', NULL, 'user_1', NULL, '2015-02-21 16:22:49', '2015-02-21 16:22:49', 'e62a4d72-410e-4f1a-bd0c-9b285adc71e2');
INSERT INTO `craft_assetfolders` (`id`, `parentId`, `sourceId`, `name`, `path`, `dateCreated`, `dateUpdated`, `uid`) VALUES ('11', '10', NULL, 'field_7', 'field_7/', '2015-02-21 16:22:49', '2015-02-21 16:22:49', '55675273-046e-4a47-a491-dfa2d6e0c31a');
INSERT INTO `craft_assetfolders` (`id`, `parentId`, `sourceId`, `name`, `path`, `dateCreated`, `dateUpdated`, `uid`) VALUES ('12', '1', '1', 'oktoberfest', 'oktoberfest/', '2015-02-21 16:30:15', '2015-02-21 16:30:15', 'efdf5fad-c9ef-42e7-9ded-69303869396e');
INSERT INTO `craft_assetfolders` (`id`, `parentId`, `sourceId`, `name`, `path`, `dateCreated`, `dateUpdated`, `uid`) VALUES ('15', '1', '1', 'find-gold', 'find-gold/', '2015-02-21 16:30:47', '2015-02-21 16:30:47', '44d9d6b3-9561-4721-9f7f-8570cc579172');
INSERT INTO `craft_assetfolders` (`id`, `parentId`, `sourceId`, `name`, `path`, `dateCreated`, `dateUpdated`, `uid`) VALUES ('16', '1', '1', 'unsigned', 'unsigned/', '2015-02-21 16:31:02', '2015-02-21 16:31:02', 'ee3b83d0-5bb5-4c3e-8a0d-4ba593d14be7');
INSERT INTO `craft_assetfolders` (`id`, `parentId`, `sourceId`, `name`, `path`, `dateCreated`, `dateUpdated`, `uid`) VALUES ('17', '1', '1', 'life-fit', 'life-fit/', '2015-02-21 16:31:14', '2015-02-21 16:31:14', '0b1d34fd-02b0-4091-ae1a-dd1b833a1c98');
INSERT INTO `craft_assetfolders` (`id`, `parentId`, `sourceId`, `name`, `path`, `dateCreated`, `dateUpdated`, `uid`) VALUES ('19', '1', '1', 'winter-beer-festival', 'winter-beer-festival/', '2015-03-12 17:22:23', '2015-03-12 17:22:23', '319574bd-67cf-4bfc-9a79-986561a7d483');
INSERT INTO `craft_assetfolders` (`id`, `parentId`, `sourceId`, `name`, `path`, `dateCreated`, `dateUpdated`, `uid`) VALUES ('20', '1', '1', 'steam-whistle-store', 'steam-whistle-store/', '2015-03-13 16:52:26', '2015-03-13 16:52:26', '3170ef92-4fd4-4101-b944-76e778db5046');
INSERT INTO `craft_assetfolders` (`id`, `parentId`, `sourceId`, `name`, `path`, `dateCreated`, `dateUpdated`, `uid`) VALUES ('21', '1', '1', 'steam-whistle-blog', 'steam-whistle-blog/', '2015-03-13 16:53:20', '2015-03-13 16:53:20', 'f0873e7b-e6d9-4299-989a-9e17e5554c64');
INSERT INTO `craft_assetfolders` (`id`, `parentId`, `sourceId`, `name`, `path`, `dateCreated`, `dateUpdated`, `uid`) VALUES ('23', '1', '1', 'blog', 'blog/', '2015-03-26 01:32:08', '2015-03-26 01:32:08', '76631928-a337-4be5-b4ad-770ca1f2ea54');
INSERT INTO `craft_assetfolders` (`id`, `parentId`, `sourceId`, `name`, `path`, `dateCreated`, `dateUpdated`, `uid`) VALUES ('24', '1', '1', 'thumbs', 'thumbs/', '2015-03-30 01:06:08', '2015-03-30 01:06:08', '93c3f033-22fe-4e05-90c2-4defbcff80f3');
INSERT INTO `craft_assetfolders` (`id`, `parentId`, `sourceId`, `name`, `path`, `dateCreated`, `dateUpdated`, `uid`) VALUES ('25', '1', '1', 'carolines-portfolio', 'carolines-portfolio/', '2015-03-30 01:09:35', '2015-03-30 01:09:35', 'd45f4206-ef46-42ae-bc30-dde0f32fcd46');



DROP TABLE IF EXISTS `craft_assetindexdata`;


--
-- Schema for table `craft_assetindexdata`
--
CREATE TABLE `craft_assetindexdata` (
  `id` int(11) NOT NULL AUTO_INCREMENT,
  `sessionId` varchar(36) COLLATE utf8_unicode_ci NOT NULL DEFAULT '',
  `sourceId` int(10) NOT NULL,
  `offset` int(10) NOT NULL,
  `uri` varchar(255) COLLATE utf8_unicode_ci DEFAULT NULL,
  `size` int(10) DEFAULT NULL,
  `recordId` int(10) DEFAULT NULL,
  `dateCreated` datetime NOT NULL,
  `dateUpdated` datetime NOT NULL,
  `uid` char(36) COLLATE utf8_unicode_ci NOT NULL DEFAULT '0',
  PRIMARY KEY (`id`),
  UNIQUE KEY `craft_assetindexdata_sessionId_sourceId_offset_unq_idx` (`sessionId`,`sourceId`,`offset`),
  KEY `craft_assetindexdata_sourceId_fk` (`sourceId`)
) ENGINE=InnoDB DEFAULT CHARSET=utf8 COLLATE=utf8_unicode_ci;

DROP TABLE IF EXISTS `craft_assetsources`;


--
-- Schema for table `craft_assetsources`
--
CREATE TABLE `craft_assetsources` (
  `id` int(11) NOT NULL AUTO_INCREMENT,
  `name` varchar(255) COLLATE utf8_unicode_ci NOT NULL,
  `handle` varchar(255) COLLATE utf8_unicode_ci NOT NULL,
  `type` varchar(150) COLLATE utf8_unicode_ci NOT NULL,
  `settings` text COLLATE utf8_unicode_ci,
  `sortOrder` tinyint(4) DEFAULT NULL,
  `fieldLayoutId` int(10) DEFAULT NULL,
  `dateCreated` datetime NOT NULL,
  `dateUpdated` datetime NOT NULL,
  `uid` char(36) COLLATE utf8_unicode_ci NOT NULL DEFAULT '0',
  PRIMARY KEY (`id`),
  UNIQUE KEY `craft_assetsources_name_unq_idx` (`name`),
  UNIQUE KEY `craft_assetsources_handle_unq_idx` (`handle`),
  KEY `craft_assetsources_fieldLayoutId_fk` (`fieldLayoutId`)
) ENGINE=InnoDB AUTO_INCREMENT=2 DEFAULT CHARSET=utf8 COLLATE=utf8_unicode_ci;

--
-- Data for table `craft_assetsources`
--

INSERT INTO `craft_assetsources` (`id`, `name`, `handle`, `type`, `settings`, `sortOrder`, `fieldLayoutId`, `dateCreated`, `dateUpdated`, `uid`) VALUES ('1', 'Project Images', 'project_images', 'Local', '{\"path\":\"\\/Users\\/ed\\/Desktop\\/DESIGN\\/personal_work\\/current\\/website\\/portfolio\\/builds\\/development\\/img\\/\",\"url\":\"http:\\/\\/ellendykes.dev:8888\\/img\\/\"}', '1', '15', '2015-02-20 23:27:06', '2015-02-21 20:43:53', '3c6b7734-b3e4-424b-b291-adf6a766573a');



DROP TABLE IF EXISTS `craft_assettransformindex`;


--
-- Schema for table `craft_assettransformindex`
--
CREATE TABLE `craft_assettransformindex` (
  `id` int(11) NOT NULL AUTO_INCREMENT,
  `fileId` int(11) NOT NULL,
  `filename` varchar(255) COLLATE utf8_unicode_ci DEFAULT NULL,
  `format` varchar(255) COLLATE utf8_unicode_ci DEFAULT NULL,
  `location` varchar(255) COLLATE utf8_unicode_ci NOT NULL,
  `sourceId` int(11) DEFAULT NULL,
  `fileExists` tinyint(1) DEFAULT NULL,
  `inProgress` tinyint(1) DEFAULT NULL,
  `dateIndexed` datetime DEFAULT NULL,
  `dateCreated` datetime NOT NULL,
  `dateUpdated` datetime NOT NULL,
  `uid` char(36) COLLATE utf8_unicode_ci NOT NULL DEFAULT '0',
  PRIMARY KEY (`id`),
  KEY `craft_assettransformindex_sourceId_fileId_location_idx` (`sourceId`,`fileId`,`location`)
) ENGINE=InnoDB DEFAULT CHARSET=utf8 COLLATE=utf8_unicode_ci;

DROP TABLE IF EXISTS `craft_assettransforms`;


--
-- Schema for table `craft_assettransforms`
--
CREATE TABLE `craft_assettransforms` (
  `id` int(11) NOT NULL AUTO_INCREMENT,
  `name` varchar(255) COLLATE utf8_unicode_ci NOT NULL,
  `handle` varchar(255) COLLATE utf8_unicode_ci NOT NULL,
  `mode` enum('stretch','fit','crop') COLLATE utf8_unicode_ci NOT NULL DEFAULT 'crop',
  `position` enum('top-left','top-center','top-right','center-left','center-center','center-right','bottom-left','bottom-center','bottom-right') COLLATE utf8_unicode_ci NOT NULL DEFAULT 'center-center',
  `height` int(10) DEFAULT NULL,
  `width` int(10) DEFAULT NULL,
  `format` varchar(255) COLLATE utf8_unicode_ci DEFAULT NULL,
  `quality` int(10) DEFAULT NULL,
  `dimensionChangeTime` datetime DEFAULT NULL,
  `dateCreated` datetime NOT NULL,
  `dateUpdated` datetime NOT NULL,
  `uid` char(36) COLLATE utf8_unicode_ci NOT NULL DEFAULT '0',
  PRIMARY KEY (`id`),
  UNIQUE KEY `craft_assettransforms_name_unq_idx` (`name`),
  UNIQUE KEY `craft_assettransforms_handle_unq_idx` (`handle`)
) ENGINE=InnoDB DEFAULT CHARSET=utf8 COLLATE=utf8_unicode_ci;

DROP TABLE IF EXISTS `craft_categories`;


--
-- Schema for table `craft_categories`
--
CREATE TABLE `craft_categories` (
  `id` int(11) NOT NULL,
  `groupId` int(11) NOT NULL,
  `dateCreated` datetime NOT NULL,
  `dateUpdated` datetime NOT NULL,
  `uid` char(36) COLLATE utf8_unicode_ci NOT NULL DEFAULT '0',
  PRIMARY KEY (`id`),
  KEY `craft_categories_groupId_fk` (`groupId`)
) ENGINE=InnoDB DEFAULT CHARSET=utf8 COLLATE=utf8_unicode_ci;

DROP TABLE IF EXISTS `craft_categorygroups`;


--
-- Schema for table `craft_categorygroups`
--
CREATE TABLE `craft_categorygroups` (
  `id` int(11) NOT NULL AUTO_INCREMENT,
  `structureId` int(11) NOT NULL,
  `fieldLayoutId` int(11) DEFAULT NULL,
  `name` varchar(255) COLLATE utf8_unicode_ci NOT NULL,
  `handle` varchar(255) COLLATE utf8_unicode_ci NOT NULL,
  `hasUrls` tinyint(1) unsigned NOT NULL DEFAULT '1',
  `template` varchar(500) COLLATE utf8_unicode_ci DEFAULT NULL,
  `dateCreated` datetime NOT NULL,
  `dateUpdated` datetime NOT NULL,
  `uid` char(36) COLLATE utf8_unicode_ci NOT NULL DEFAULT '0',
  PRIMARY KEY (`id`),
  UNIQUE KEY `craft_categorygroups_name_unq_idx` (`name`),
  UNIQUE KEY `craft_categorygroups_handle_unq_idx` (`handle`),
  KEY `craft_categorygroups_structureId_fk` (`structureId`),
  KEY `craft_categorygroups_fieldLayoutId_fk` (`fieldLayoutId`)
) ENGINE=InnoDB DEFAULT CHARSET=utf8 COLLATE=utf8_unicode_ci;

DROP TABLE IF EXISTS `craft_categorygroups_i18n`;


--
-- Schema for table `craft_categorygroups_i18n`
--
CREATE TABLE `craft_categorygroups_i18n` (
  `id` int(11) NOT NULL AUTO_INCREMENT,
  `groupId` int(11) NOT NULL,
  `locale` char(12) COLLATE utf8_unicode_ci NOT NULL,
  `urlFormat` varchar(255) COLLATE utf8_unicode_ci DEFAULT NULL,
  `nestedUrlFormat` varchar(255) COLLATE utf8_unicode_ci DEFAULT NULL,
  `dateCreated` datetime NOT NULL,
  `dateUpdated` datetime NOT NULL,
  `uid` char(36) COLLATE utf8_unicode_ci NOT NULL DEFAULT '0',
  PRIMARY KEY (`id`),
  UNIQUE KEY `craft_categorygroups_i18n_groupId_locale_unq_idx` (`groupId`,`locale`),
  KEY `craft_categorygroups_i18n_locale_fk` (`locale`)
) ENGINE=InnoDB DEFAULT CHARSET=utf8 COLLATE=utf8_unicode_ci;

DROP TABLE IF EXISTS `craft_content`;


--
-- Schema for table `craft_content`
--
CREATE TABLE `craft_content` (
  `id` int(11) NOT NULL AUTO_INCREMENT,
  `elementId` int(11) NOT NULL,
  `locale` char(12) COLLATE utf8_unicode_ci NOT NULL,
  `title` varchar(255) COLLATE utf8_unicode_ci DEFAULT NULL,
  `field_project_descrip` text COLLATE utf8_unicode_ci,
  `dateCreated` datetime NOT NULL,
  `dateUpdated` datetime NOT NULL,
  `uid` char(36) COLLATE utf8_unicode_ci NOT NULL DEFAULT '0',
  PRIMARY KEY (`id`),
  UNIQUE KEY `craft_content_elementId_locale_unq_idx` (`elementId`,`locale`),
  KEY `craft_content_title_idx` (`title`),
  KEY `craft_content_locale_fk` (`locale`)
) ENGINE=InnoDB AUTO_INCREMENT=298 DEFAULT CHARSET=utf8 COLLATE=utf8_unicode_ci;

--
-- Data for table `craft_content`
--

INSERT INTO `craft_content` (`id`, `elementId`, `locale`, `title`, `field_project_descrip`, `dateCreated`, `dateUpdated`, `uid`) VALUES ('1', '1', 'en_us', NULL, NULL, '2015-02-20 22:12:57', '2015-02-20 22:12:57', 'c29b3e60-f21a-4151-b7e1-d33253f76ba6');
INSERT INTO `craft_content` (`id`, `elementId`, `locale`, `title`, `field_project_descrip`, `dateCreated`, `dateUpdated`, `uid`) VALUES ('2', '2', 'en_us', 'Welcome to Ellendykes.dev!', NULL, '2015-02-20 22:13:00', '2015-02-20 22:13:00', 'ae7ba84d-b095-462e-a8f8-31c1788c8625');
INSERT INTO `craft_content` (`id`, `elementId`, `locale`, `title`, `field_project_descrip`, `dateCreated`, `dateUpdated`, `uid`) VALUES ('4', '4', 'en_us', 'Steam Whistle\'s Can Van', '<p>This microsite highlights Steam Whistle\'s unique Can Van package. This 10-pack is modeled after Steam Whistle\'s classic 1967 Ford Econoline Heavy Duty, designed to bring the party wherever it goes! When fans visit the site they can learn more about Steam Whistle\'s vintage vehicle fleet, the Steam Machine, where they can find a Can Van plus what other fans are posting about the Can Van.</p>', '2015-02-20 22:44:38', '2015-03-30 02:47:29', '1f332272-f1aa-4f18-aa27-86d5a1a58e15');
INSERT INTO `craft_content` (`id`, `elementId`, `locale`, `title`, `field_project_descrip`, `dateCreated`, `dateUpdated`, `uid`) VALUES ('12', '17', 'en_us', 'all-devices', NULL, '2015-02-20 23:39:33', '2015-02-20 23:43:37', '98d6e74b-0afa-4eb4-98a9-846288829f04');
INSERT INTO `craft_content` (`id`, `elementId`, `locale`, `title`, `field_project_descrip`, `dateCreated`, `dateUpdated`, `uid`) VALUES ('13', '18', 'en_us', 'ed image web-cropped', NULL, '2015-02-20 23:39:34', '2015-02-20 23:43:39', 'dc32251d-00cc-432b-a409-4ba8df5d60a8');
INSERT INTO `craft_content` (`id`, `elementId`, `locale`, `title`, `field_project_descrip`, `dateCreated`, `dateUpdated`, `uid`) VALUES ('14', '19', 'en_us', 'all-projects', NULL, '2015-02-20 23:39:34', '2015-02-20 23:43:38', '65602586-1843-4c7e-821b-871eb6d140a6');
INSERT INTO `craft_content` (`id`, `elementId`, `locale`, `title`, `field_project_descrip`, `dateCreated`, `dateUpdated`, `uid`) VALUES ('15', '20', 'en_us', 'ed image web-1200', NULL, '2015-02-20 23:39:34', '2015-02-20 23:43:39', 'ab24f8c1-c501-41c6-a894-701a51e2a963');
INSERT INTO `craft_content` (`id`, `elementId`, `locale`, `title`, `field_project_descrip`, `dateCreated`, `dateUpdated`, `uid`) VALUES ('16', '21', 'en_us', 'ed image web-nologo', NULL, '2015-02-20 23:39:34', '2015-02-20 23:43:39', '3b09de35-a7f3-4469-aa17-02ae385519f2');
INSERT INTO `craft_content` (`id`, `elementId`, `locale`, `title`, `field_project_descrip`, `dateCreated`, `dateUpdated`, `uid`) VALUES ('17', '22', 'en_us', 'ed image web', NULL, '2015-02-20 23:39:35', '2015-02-20 23:43:39', '63a943b9-b17d-44ea-962f-4db2117e432f');
INSERT INTO `craft_content` (`id`, `elementId`, `locale`, `title`, `field_project_descrip`, `dateCreated`, `dateUpdated`, `uid`) VALUES ('18', '23', 'en_us', 'ed logo tiny', NULL, '2015-02-20 23:39:35', '2015-02-20 23:43:39', '37957f7b-4ed7-4a4a-b7ad-5970d5770dd6');
INSERT INTO `craft_content` (`id`, `elementId`, `locale`, `title`, `field_project_descrip`, `dateCreated`, `dateUpdated`, `uid`) VALUES ('23', '28', 'en_us', 'header logo', NULL, '2015-02-20 23:39:37', '2015-02-20 23:43:40', '89fa12b5-d36a-4655-889a-ba2ffea4872d');
INSERT INTO `craft_content` (`id`, `elementId`, `locale`, `title`, `field_project_descrip`, `dateCreated`, `dateUpdated`, `uid`) VALUES ('24', '29', 'en_us', 'logo-banner', NULL, '2015-02-20 23:39:37', '2015-02-20 23:43:41', '4dd41952-299b-46b7-8502-f8ce8a67cb11');
INSERT INTO `craft_content` (`id`, `elementId`, `locale`, `title`, `field_project_descrip`, `dateCreated`, `dateUpdated`, `uid`) VALUES ('25', '30', 'en_us', 'logo', NULL, '2015-02-20 23:39:37', '2015-02-20 23:43:41', '491796ee-f5ef-40da-99ae-f774130a4594');
INSERT INTO `craft_content` (`id`, `elementId`, `locale`, `title`, `field_project_descrip`, `dateCreated`, `dateUpdated`, `uid`) VALUES ('26', '31', 'en_us', 'masthead-2', NULL, '2015-02-20 23:39:37', '2015-02-20 23:43:41', '67245244-17ee-4418-aec1-2b91c87dac19');
INSERT INTO `craft_content` (`id`, `elementId`, `locale`, `title`, `field_project_descrip`, `dateCreated`, `dateUpdated`, `uid`) VALUES ('27', '32', 'en_us', 'masthead', NULL, '2015-02-20 23:39:38', '2015-02-20 23:43:41', '94219437-dbce-401a-9456-d0b363b68c76');
INSERT INTO `craft_content` (`id`, `elementId`, `locale`, `title`, `field_project_descrip`, `dateCreated`, `dateUpdated`, `uid`) VALUES ('28', '33', 'en_us', 'my logo', NULL, '2015-02-20 23:39:38', '2015-02-20 23:43:41', '180e08b3-1c4b-4de6-b333-9a89e08151ec');
INSERT INTO `craft_content` (`id`, `elementId`, `locale`, `title`, `field_project_descrip`, `dateCreated`, `dateUpdated`, `uid`) VALUES ('29', '34', 'en_us', 'my logo', NULL, '2015-02-20 23:39:38', '2015-02-20 23:43:42', '516748a3-decb-4e69-b934-b124a82f2776');
INSERT INTO `craft_content` (`id`, `elementId`, `locale`, `title`, `field_project_descrip`, `dateCreated`, `dateUpdated`, `uid`) VALUES ('30', '35', 'en_us', 'dribbble', NULL, '2015-02-20 23:39:38', '2015-02-20 23:43:42', '439ca0e9-56b9-4d4d-9b4b-5050c757d82d');
INSERT INTO `craft_content` (`id`, `elementId`, `locale`, `title`, `field_project_descrip`, `dateCreated`, `dateUpdated`, `uid`) VALUES ('31', '36', 'en_us', 'insta', NULL, '2015-02-20 23:39:38', '2015-02-20 23:43:42', '9f4cc6fe-e87d-484e-8072-65d46b8d7ecd');
INSERT INTO `craft_content` (`id`, `elementId`, `locale`, `title`, `field_project_descrip`, `dateCreated`, `dateUpdated`, `uid`) VALUES ('32', '37', 'en_us', 'linkedin', NULL, '2015-02-20 23:39:39', '2015-02-20 23:43:42', '600af522-4ad5-41dc-b43c-25edb3902976');
INSERT INTO `craft_content` (`id`, `elementId`, `locale`, `title`, `field_project_descrip`, `dateCreated`, `dateUpdated`, `uid`) VALUES ('33', '38', 'en_us', 'twitter', NULL, '2015-02-20 23:39:39', '2015-02-20 23:43:42', 'e6960792-b262-48a5-958f-a929e77a177b');
INSERT INTO `craft_content` (`id`, `elementId`, `locale`, `title`, `field_project_descrip`, `dateCreated`, `dateUpdated`, `uid`) VALUES ('36', '41', 'en_us', 'Can Van Multiple Screens', NULL, '2015-02-20 23:41:44', '2015-03-21 22:22:18', '756a92da-b242-4cdc-85fe-41da1cdb7335');
INSERT INTO `craft_content` (`id`, `elementId`, `locale`, `title`, `field_project_descrip`, `dateCreated`, `dateUpdated`, `uid`) VALUES ('40', '45', 'en_us', 'hero', NULL, '2015-02-21 00:49:25', '2015-02-21 00:49:26', '21b4389b-46d6-46fd-bca3-a82bd4286007');
INSERT INTO `craft_content` (`id`, `elementId`, `locale`, `title`, `field_project_descrip`, `dateCreated`, `dateUpdated`, `uid`) VALUES ('41', '46', 'en_us', 'Life Fit Fitness Studio', '<p>Life Fit is a waterfront fitness studio based in New Zealand. The small private studio offers a number of amentities including group fitness classes, personal training and a sauna. The responsive website gives patrons access to information about the classes offered, personal training services and rates, even for the athelete always on-the-go.</p>', '2015-02-21 16:23:52', '2015-03-30 03:20:31', '1e964396-b5a2-4a37-8804-25643254fde6');
INSERT INTO `craft_content` (`id`, `elementId`, `locale`, `title`, `field_project_descrip`, `dateCreated`, `dateUpdated`, `uid`) VALUES ('42', '52', 'en_us', 'Unsigned Indie Music Series', '<p>Steam Whistle Unsigned is an ongoing concert series that showcases Canada\'s indie music talent, while also developing its future. Hosted in Toronto, Edmonton, Calgary and Vancouver each edition of Unsigned features Canadian artists with all of the ticket sales going back to the arts community. The website houses an archive of each Unsigned show with photos and video, and provides event listings for upcoming Unsigned shows and other local music acts. Built on the Craft content management system, events professionals are able to add and update new shows and annoucements.</p>', '2015-02-21 16:24:47', '2015-03-30 03:15:10', '7ec60ada-2ea6-480e-96f4-57357d2df10a');
INSERT INTO `craft_content` (`id`, `elementId`, `locale`, `title`, `field_project_descrip`, `dateCreated`, `dateUpdated`, `uid`) VALUES ('43', '59', 'en_us', 'Winter Craft Beer Festival', '<p>Every year Steam Whistle invites its craft brethern to Roundhouse Park to host an outdoor winter beer festival, challengning beer fans to drink cold beer outside in the Canadian winter. This site provides information on the festival, which breweries will participate, and how to buy tickets to this crazy Canuck festival.</p>', '2015-02-21 16:26:49', '2015-03-30 02:44:05', '5782fdeb-b82b-4fc1-9b9a-72a435a5c109');
INSERT INTO `craft_content` (`id`, `elementId`, `locale`, `title`, `field_project_descrip`, `dateCreated`, `dateUpdated`, `uid`) VALUES ('44', '66', 'en_us', 'Caroline Gaspar\'s Portfolio', '<p>I was very excited when a good friend approached me to help launch her portfolio website. Working with her designs, I created a responsive and interactive site to bring her work to the web. I definitely wanted to get her set up on an content managment platform so she could continue to add projects or edit content as needed, and with its easy-to-use intuitive backend, the Craft CMS was the perfect fit.</p>', '2015-02-21 16:28:03', '2015-03-30 02:31:19', 'fb02c430-80f0-4bc9-938d-2a6883bcdfd5');
INSERT INTO `craft_content` (`id`, `elementId`, `locale`, `title`, `field_project_descrip`, `dateCreated`, `dateUpdated`, `uid`) VALUES ('45', '72', 'en_us', 'Steam Whistle\'s Oktoberfest', '<p>\r\n	Oktoberfest has become the world\'s largest festival where millions of people gather to celebrate beer. Steam Whistle brings this legendary celebration closer to home with their custom 1-Litre steins and celebrations in a number of Canadian cities. The microsite provides information about the brewery festival including party locations, helpful German phrases, and where Oktoberfest fans can get their own Steam Whistle stein. Prosit!\r\n</p>', '2015-02-21 16:28:54', '2015-03-30 02:18:31', 'b46f16ea-cd33-4d9e-9bb3-526064db4786');
INSERT INTO `craft_content` (`id`, `elementId`, `locale`, `title`, `field_project_descrip`, `dateCreated`, `dateUpdated`, `uid`) VALUES ('46', '78', 'en_us', 'Find Gold Contest Page', '<p>For a summer promo Steam Whistle Brewing invited consumers to check under their caps for a chance to win the ultimate bottle opener, crafted out of solid gold! The accompanying website provides information on the contest, where to buy specially-marked packs, and the option to enter the contest online.</p>', '2015-02-21 16:29:56', '2015-03-30 02:30:16', '6f5a4cda-5ad3-4035-afb4-8c3a65f3c326');
INSERT INTO `craft_content` (`id`, `elementId`, `locale`, `title`, `field_project_descrip`, `dateCreated`, `dateUpdated`, `uid`) VALUES ('47', '85', 'en_us', 'Steam Whistle Blog', '<p>Custom Wordpress template for Steam Whistle\'s blog page.</p>', '2015-02-21 16:32:31', '2015-03-30 03:36:33', '5f89e2ff-4f34-4b23-924b-1ad654d542f4');
INSERT INTO `craft_content` (`id`, `elementId`, `locale`, `title`, `field_project_descrip`, `dateCreated`, `dateUpdated`, `uid`) VALUES ('48', '91', 'en_us', 'The Steam Whistle Store', '<p>In high school, the language I most fell in love with happened to be a dead one: Latin. Sure, its spoken at the Vatican, and when I first began to study the tongue of <a href=\"http://www.poets.org/poetsorg/poet/virgil\">Virgil</a> and <a href=\"http://www.poets.org/poetsorg/poet/gaius-valerius-catullus\">Catullus</a>, friends joked that I could only use it if I moved to Rome. Tempting, but church Latin barely resembles the classical written language\r\n</p>', '2015-02-21 16:33:42', '2015-03-30 02:49:29', '3f4ed60f-d8fe-4eac-8dce-589bb4174440');
INSERT INTO `craft_content` (`id`, `elementId`, `locale`, `title`, `field_project_descrip`, `dateCreated`, `dateUpdated`, `uid`) VALUES ('50', '98', 'en_us', 'hero', NULL, '2015-02-21 20:57:22', '2015-02-21 22:27:18', '45ce8fad-2d68-423a-88d7-1826206f1fc8');
INSERT INTO `craft_content` (`id`, `elementId`, `locale`, `title`, `field_project_descrip`, `dateCreated`, `dateUpdated`, `uid`) VALUES ('51', '99', 'en_us', 'hero', NULL, '2015-02-21 21:00:51', '2015-03-12 18:04:59', 'beeb1031-b4e5-428e-a400-fbb3247bd3e1');
INSERT INTO `craft_content` (`id`, `elementId`, `locale`, `title`, `field_project_descrip`, `dateCreated`, `dateUpdated`, `uid`) VALUES ('58', '106', 'en_us', 'hero', NULL, '2015-02-21 23:47:46', '2015-03-21 22:16:41', '8925ccfc-8309-4934-bd64-157cc9c3998f');
INSERT INTO `craft_content` (`id`, `elementId`, `locale`, `title`, `field_project_descrip`, `dateCreated`, `dateUpdated`, `uid`) VALUES ('60', '108', 'en_us', 'hero-2', NULL, '2015-02-22 00:24:46', '2015-03-21 22:16:38', 'e9a0c307-ca8f-42ef-869b-cde23ccfdd02');
INSERT INTO `craft_content` (`id`, `elementId`, `locale`, `title`, `field_project_descrip`, `dateCreated`, `dateUpdated`, `uid`) VALUES ('65', '113', 'en_us', 'unsigned-1', NULL, '2015-02-23 20:14:13', '2015-02-23 20:14:13', '3bd30746-6905-4efd-9334-47f0d07e8540');
INSERT INTO `craft_content` (`id`, `elementId`, `locale`, `title`, `field_project_descrip`, `dateCreated`, `dateUpdated`, `uid`) VALUES ('68', '116', 'en_us', 'oktoberfest 1', NULL, '2015-02-23 21:22:48', '2015-02-23 21:22:48', '182626e8-65db-408a-b32f-6abc070dedf7');
INSERT INTO `craft_content` (`id`, `elementId`, `locale`, `title`, `field_project_descrip`, `dateCreated`, `dateUpdated`, `uid`) VALUES ('79', '127', 'en_us', 'iphone5s mockup preview-o', NULL, '2015-02-23 22:31:39', '2015-02-23 22:32:59', '7f1d0df4-2fd6-424e-beff-f056d5b5e3b7');
INSERT INTO `craft_content` (`id`, `elementId`, `locale`, `title`, `field_project_descrip`, `dateCreated`, `dateUpdated`, `uid`) VALUES ('92', '140', 'en_us', 'caroline 1', NULL, '2015-03-03 18:40:51', '2015-03-30 02:23:33', '1bffe96c-2531-4331-9b08-9a18d7758437');
INSERT INTO `craft_content` (`id`, `elementId`, `locale`, `title`, `field_project_descrip`, `dateCreated`, `dateUpdated`, `uid`) VALUES ('100', '148', 'en_us', 'product-preview-o', NULL, '2015-03-03 20:38:38', '2015-03-03 20:38:38', 'e399cf98-1112-45e1-8920-621be455a394');
INSERT INTO `craft_content` (`id`, `elementId`, `locale`, `title`, `field_project_descrip`, `dateCreated`, `dateUpdated`, `uid`) VALUES ('101', '149', 'en_us', 'Golden Opener Multiple Screens', NULL, '2015-03-03 20:40:30', '2015-03-21 22:18:25', '1607e039-265e-4a78-8612-08ad5ade52dd');
INSERT INTO `craft_content` (`id`, `elementId`, `locale`, `title`, `field_project_descrip`, `dateCreated`, `dateUpdated`, `uid`) VALUES ('102', '150', 'en_us', 'go page enter', NULL, '2015-03-03 20:40:32', '2015-03-03 20:40:32', '1900a098-6bf2-44da-970a-7d0a2f9d54ee');
INSERT INTO `craft_content` (`id`, `elementId`, `locale`, `title`, `field_project_descrip`, `dateCreated`, `dateUpdated`, `uid`) VALUES ('104', '152', 'en_us', 'lifefit-1', NULL, '2015-03-11 22:24:53', '2015-03-11 22:24:53', '807d861a-26f0-4441-bd3f-9bca5397facd');
INSERT INTO `craft_content` (`id`, `elementId`, `locale`, `title`, `field_project_descrip`, `dateCreated`, `dateUpdated`, `uid`) VALUES ('105', '153', 'en_us', 'lifefit-2', NULL, '2015-03-11 22:24:55', '2015-03-11 22:24:55', 'a124717d-8dbd-40b8-b7e5-3c6745bccb2c');
INSERT INTO `craft_content` (`id`, `elementId`, `locale`, `title`, `field_project_descrip`, `dateCreated`, `dateUpdated`, `uid`) VALUES ('119', '167', 'en_us', 'caroline-2', NULL, '2015-03-12 01:20:40', '2015-03-30 02:23:34', '0d9b6739-9477-425b-8aa8-413b1e84cd02');
INSERT INTO `craft_content` (`id`, `elementId`, `locale`, `title`, `field_project_descrip`, `dateCreated`, `dateUpdated`, `uid`) VALUES ('120', '168', 'en_us', 'caroline-3', NULL, '2015-03-12 01:20:42', '2015-03-30 02:23:34', 'fb76572d-4cae-4501-9728-ced22fa7d454');
INSERT INTO `craft_content` (`id`, `elementId`, `locale`, `title`, `field_project_descrip`, `dateCreated`, `dateUpdated`, `uid`) VALUES ('121', '169', 'en_us', 'lifefit logo', NULL, '2015-03-12 12:23:25', '2015-03-12 12:25:01', '97313dfd-488e-4bf1-af38-a1845d864ddd');
INSERT INTO `craft_content` (`id`, `elementId`, `locale`, `title`, `field_project_descrip`, `dateCreated`, `dateUpdated`, `uid`) VALUES ('129', '178', 'en_us', 'golden-opener-1', NULL, '2015-03-12 15:47:41', '2015-03-12 15:47:41', '0078f45e-38b0-40d1-b4a0-9013a6d95abb');
INSERT INTO `craft_content` (`id`, `elementId`, `locale`, `title`, `field_project_descrip`, `dateCreated`, `dateUpdated`, `uid`) VALUES ('134', '184', 'en_us', 'logo', NULL, '2015-03-12 17:27:00', '2015-03-12 17:27:00', '7fba7acf-8dce-4bb7-85ee-e9f0600fd89c');
INSERT INTO `craft_content` (`id`, `elementId`, `locale`, `title`, `field_project_descrip`, `dateCreated`, `dateUpdated`, `uid`) VALUES ('143', '193', 'en_us', 'hero', NULL, '2015-03-13 16:46:40', '2015-03-13 16:48:22', '4394c5ce-d193-48b4-b9f1-fbb014b5316a');
INSERT INTO `craft_content` (`id`, `elementId`, `locale`, `title`, `field_project_descrip`, `dateCreated`, `dateUpdated`, `uid`) VALUES ('170', '220', 'en_us', 'hero-3', NULL, '2015-03-19 14:51:44', '2015-03-19 14:51:44', 'a558bf72-d279-4f28-bcd7-b375ed5f807b');
INSERT INTO `craft_content` (`id`, `elementId`, `locale`, `title`, `field_project_descrip`, `dateCreated`, `dateUpdated`, `uid`) VALUES ('171', '221', 'en_us', '1558381 10151950244445847 1000969892 n', NULL, '2015-03-19 14:56:06', '2015-03-19 14:56:06', 'a86a3bc9-d2eb-4cb3-a9c6-9add60b65b80');
INSERT INTO `craft_content` (`id`, `elementId`, `locale`, `title`, `field_project_descrip`, `dateCreated`, `dateUpdated`, `uid`) VALUES ('172', '222', 'en_us', 'banner', NULL, '2015-03-19 14:57:35', '2015-03-19 14:57:35', '2603b29c-5ce4-438e-903d-f34a15cc067f');
INSERT INTO `craft_content` (`id`, `elementId`, `locale`, `title`, `field_project_descrip`, `dateCreated`, `dateUpdated`, `uid`) VALUES ('173', '223', 'en_us', 'winter-beer-fest-2up', NULL, '2015-03-19 16:59:33', '2015-03-19 16:59:33', '022ed7b5-a65f-40cc-a1ab-9f9b9cd3a83a');
INSERT INTO `craft_content` (`id`, `elementId`, `locale`, `title`, `field_project_descrip`, `dateCreated`, `dateUpdated`, `uid`) VALUES ('174', '224', 'en_us', 'winter-beer-fest-mobile', NULL, '2015-03-19 16:59:34', '2015-03-19 16:59:34', '66176b1d-f711-408e-b2f9-4c9792fc8256');
INSERT INTO `craft_content` (`id`, `elementId`, `locale`, `title`, `field_project_descrip`, `dateCreated`, `dateUpdated`, `uid`) VALUES ('175', '225', 'en_us', 'winter-beer-fest', NULL, '2015-03-19 16:59:35', '2015-03-19 16:59:35', '1eb4e87e-3914-4e4a-b2fe-8307ef1f08b8');
INSERT INTO `craft_content` (`id`, `elementId`, `locale`, `title`, `field_project_descrip`, `dateCreated`, `dateUpdated`, `uid`) VALUES ('177', '232', 'en_us', 'golden opener mobile-left', NULL, '2015-03-21 22:17:06', '2015-03-21 22:17:06', '6abc0843-93b0-4be8-8116-06ff8a7550f5');
INSERT INTO `craft_content` (`id`, `elementId`, `locale`, `title`, `field_project_descrip`, `dateCreated`, `dateUpdated`, `uid`) VALUES ('178', '233', 'en_us', 'golden opener mobile-mid', NULL, '2015-03-21 22:17:07', '2015-03-21 22:17:07', '40fcc0af-cd56-42d4-91d2-7d912b7c77ee');
INSERT INTO `craft_content` (`id`, `elementId`, `locale`, `title`, `field_project_descrip`, `dateCreated`, `dateUpdated`, `uid`) VALUES ('180', '237', 'en_us', 'golden opener mobile-right', NULL, '2015-03-21 23:30:13', '2015-03-21 23:30:13', 'b72ef181-885c-4530-bbae-d3338176f457');
INSERT INTO `craft_content` (`id`, `elementId`, `locale`, `title`, `field_project_descrip`, `dateCreated`, `dateUpdated`, `uid`) VALUES ('181', '238', 'en_us', 'golden-opener-2', NULL, '2015-03-21 23:40:30', '2015-03-21 23:54:10', 'b88f37c9-070e-4fdb-b67c-5ca2946574a6');
INSERT INTO `craft_content` (`id`, `elementId`, `locale`, `title`, `field_project_descrip`, `dateCreated`, `dateUpdated`, `uid`) VALUES ('182', '239', 'en_us', 'mobile-left', NULL, '2015-03-22 21:46:56', '2015-03-22 21:46:56', '631a8a86-c3ae-48cc-8694-b547ee85390a');
INSERT INTO `craft_content` (`id`, `elementId`, `locale`, `title`, `field_project_descrip`, `dateCreated`, `dateUpdated`, `uid`) VALUES ('183', '240', 'en_us', 'mobile-mid', NULL, '2015-03-22 21:46:58', '2015-03-22 21:46:58', '02d4c74e-7878-46cf-9735-baf23b5a5082');
INSERT INTO `craft_content` (`id`, `elementId`, `locale`, `title`, `field_project_descrip`, `dateCreated`, `dateUpdated`, `uid`) VALUES ('184', '241', 'en_us', 'mobile-right', NULL, '2015-03-22 21:46:59', '2015-03-22 21:46:59', '1135a493-e6ed-4d05-b8cf-b551e6515cb6');
INSERT INTO `craft_content` (`id`, `elementId`, `locale`, `title`, `field_project_descrip`, `dateCreated`, `dateUpdated`, `uid`) VALUES ('185', '243', 'en_us', 'store-1', NULL, '2015-03-22 21:48:11', '2015-03-22 21:48:11', 'cef28ae8-2127-4e67-84c9-c95b2514a162');
INSERT INTO `craft_content` (`id`, `elementId`, `locale`, `title`, `field_project_descrip`, `dateCreated`, `dateUpdated`, `uid`) VALUES ('186', '244', 'en_us', 'store-2', NULL, '2015-03-22 21:48:13', '2015-03-22 21:48:13', 'c9f17402-5e43-4e63-b109-5c8991c8fd7b');
INSERT INTO `craft_content` (`id`, `elementId`, `locale`, `title`, `field_project_descrip`, `dateCreated`, `dateUpdated`, `uid`) VALUES ('187', '245', 'en_us', 'store-3', NULL, '2015-03-22 21:48:16', '2015-03-22 21:48:16', 'd9b5d5fe-498d-489c-b007-e8b810d41740');
INSERT INTO `craft_content` (`id`, `elementId`, `locale`, `title`, `field_project_descrip`, `dateCreated`, `dateUpdated`, `uid`) VALUES ('188', '247', 'en_us', 'mobile-left', NULL, '2015-03-22 21:53:10', '2015-03-30 02:23:44', 'e4e6c46f-24c2-46a7-9d1f-d75b8dafd144');
INSERT INTO `craft_content` (`id`, `elementId`, `locale`, `title`, `field_project_descrip`, `dateCreated`, `dateUpdated`, `uid`) VALUES ('189', '248', 'en_us', 'mobile-mid', NULL, '2015-03-22 21:53:11', '2015-03-30 02:23:44', '5749086e-f621-4c33-b766-3108b8a0ef26');
INSERT INTO `craft_content` (`id`, `elementId`, `locale`, `title`, `field_project_descrip`, `dateCreated`, `dateUpdated`, `uid`) VALUES ('190', '249', 'en_us', 'mobile-right', NULL, '2015-03-22 21:53:13', '2015-03-30 02:23:45', 'f46764b7-c544-4d5b-9c69-e1d5faf7fbc6');
INSERT INTO `craft_content` (`id`, `elementId`, `locale`, `title`, `field_project_descrip`, `dateCreated`, `dateUpdated`, `uid`) VALUES ('197', '260', 'en_us', 'lifefit 2up-left', NULL, '2015-03-22 22:11:46', '2015-03-22 22:11:46', '4120d78a-a210-4055-bbdd-32f461ff3b48');
INSERT INTO `craft_content` (`id`, `elementId`, `locale`, `title`, `field_project_descrip`, `dateCreated`, `dateUpdated`, `uid`) VALUES ('198', '261', 'en_us', 'lifefit 2up-right', NULL, '2015-03-22 22:11:48', '2015-03-22 22:11:48', '960792e9-6aeb-4e32-b560-d1eeab5c5188');
INSERT INTO `craft_content` (`id`, `elementId`, `locale`, `title`, `field_project_descrip`, `dateCreated`, `dateUpdated`, `uid`) VALUES ('199', '262', 'en_us', 'lifefit-mobile-left', NULL, '2015-03-22 22:11:58', '2015-03-23 01:45:08', 'cc2a131a-719f-4e93-a49f-bb9c912acb67');
INSERT INTO `craft_content` (`id`, `elementId`, `locale`, `title`, `field_project_descrip`, `dateCreated`, `dateUpdated`, `uid`) VALUES ('200', '263', 'en_us', 'lifefit-mobile-mid', NULL, '2015-03-22 22:11:59', '2015-03-22 22:11:59', 'af4f7052-7fb8-4b67-9e9a-fed07690f92f');
INSERT INTO `craft_content` (`id`, `elementId`, `locale`, `title`, `field_project_descrip`, `dateCreated`, `dateUpdated`, `uid`) VALUES ('201', '264', 'en_us', 'lifefit-mobile-right', NULL, '2015-03-22 22:12:00', '2015-03-22 22:12:00', '466c0ca1-1c8a-4bd7-8d58-f943f45bc1ab');
INSERT INTO `craft_content` (`id`, `elementId`, `locale`, `title`, `field_project_descrip`, `dateCreated`, `dateUpdated`, `uid`) VALUES ('203', '269', 'en_us', 'okt-mobile-left', NULL, '2015-03-23 01:52:07', '2015-03-23 01:52:07', '9c1130f7-b490-4329-81a5-2945cdf467ed');
INSERT INTO `craft_content` (`id`, `elementId`, `locale`, `title`, `field_project_descrip`, `dateCreated`, `dateUpdated`, `uid`) VALUES ('204', '270', 'en_us', 'okt-mobile-mid', NULL, '2015-03-23 01:52:08', '2015-03-23 01:52:08', '5382fbb4-813b-4181-abd5-60c1296e30a5');
INSERT INTO `craft_content` (`id`, `elementId`, `locale`, `title`, `field_project_descrip`, `dateCreated`, `dateUpdated`, `uid`) VALUES ('205', '271', 'en_us', 'okt-mobile-right', NULL, '2015-03-23 01:52:09', '2015-03-23 01:52:09', '89652d07-01cd-4891-b3b0-3f800da377c2');
INSERT INTO `craft_content` (`id`, `elementId`, `locale`, `title`, `field_project_descrip`, `dateCreated`, `dateUpdated`, `uid`) VALUES ('210', '276', 'en_us', 'okt-2', NULL, '2015-03-23 02:39:58', '2015-03-23 02:39:58', '3226ed7b-c272-49cb-acff-dc623da58a39');
INSERT INTO `craft_content` (`id`, `elementId`, `locale`, `title`, `field_project_descrip`, `dateCreated`, `dateUpdated`, `uid`) VALUES ('211', '277', 'en_us', 'okt-3', NULL, '2015-03-23 02:40:08', '2015-03-23 02:40:08', '1a46f9c4-bb47-4a44-aeb9-79db2f5eef4c');
INSERT INTO `craft_content` (`id`, `elementId`, `locale`, `title`, `field_project_descrip`, `dateCreated`, `dateUpdated`, `uid`) VALUES ('212', '278', 'en_us', 'okt-left', NULL, '2015-03-23 02:40:11', '2015-03-23 02:42:39', 'bed198b9-0555-4596-9d70-853b1c217009');
INSERT INTO `craft_content` (`id`, `elementId`, `locale`, `title`, `field_project_descrip`, `dateCreated`, `dateUpdated`, `uid`) VALUES ('213', '279', 'en_us', 'okt-right', NULL, '2015-03-23 02:40:13', '2015-03-23 02:42:27', 'f8deabbe-9dce-478d-9366-bf27118bcbbf');
INSERT INTO `craft_content` (`id`, `elementId`, `locale`, `title`, `field_project_descrip`, `dateCreated`, `dateUpdated`, `uid`) VALUES ('216', '282', 'en_us', 'canvan-2', NULL, '2015-03-23 03:23:04', '2015-03-26 00:38:27', 'f1d8a7b7-957f-469b-afdc-4c395fd1af2b');
INSERT INTO `craft_content` (`id`, `elementId`, `locale`, `title`, `field_project_descrip`, `dateCreated`, `dateUpdated`, `uid`) VALUES ('217', '283', 'en_us', 'canvan-3', NULL, '2015-03-23 03:23:06', '2015-03-26 00:32:10', '995183bb-5979-4a16-9cb2-56eeaa3ab99d');
INSERT INTO `craft_content` (`id`, `elementId`, `locale`, `title`, `field_project_descrip`, `dateCreated`, `dateUpdated`, `uid`) VALUES ('218', '284', 'en_us', 'canvan-left', NULL, '2015-03-23 03:23:08', '2015-03-23 03:23:08', 'fe8e2bc9-dd99-4399-88a4-e61ee26ad0f5');
INSERT INTO `craft_content` (`id`, `elementId`, `locale`, `title`, `field_project_descrip`, `dateCreated`, `dateUpdated`, `uid`) VALUES ('219', '285', 'en_us', 'canvan-mobile-left', NULL, '2015-03-23 03:23:10', '2015-03-23 03:23:10', '560638f1-8913-42c2-b612-1d1f8d7e96bd');
INSERT INTO `craft_content` (`id`, `elementId`, `locale`, `title`, `field_project_descrip`, `dateCreated`, `dateUpdated`, `uid`) VALUES ('220', '286', 'en_us', 'canvan-mobile-mid', NULL, '2015-03-23 03:23:11', '2015-03-23 03:23:11', '309870bb-dd33-4ea9-9be1-857a98538a23');
INSERT INTO `craft_content` (`id`, `elementId`, `locale`, `title`, `field_project_descrip`, `dateCreated`, `dateUpdated`, `uid`) VALUES ('221', '287', 'en_us', 'canvan-mobile-right', NULL, '2015-03-23 03:23:13', '2015-03-23 03:23:13', 'f1d73d93-f4b6-4fe6-9ce6-9f89d405aa47');
INSERT INTO `craft_content` (`id`, `elementId`, `locale`, `title`, `field_project_descrip`, `dateCreated`, `dateUpdated`, `uid`) VALUES ('222', '288', 'en_us', 'canvan-right', NULL, '2015-03-23 03:23:15', '2015-03-23 03:23:15', '585f3229-836f-4781-8af4-8d0d3942d8c4');
INSERT INTO `craft_content` (`id`, `elementId`, `locale`, `title`, `field_project_descrip`, `dateCreated`, `dateUpdated`, `uid`) VALUES ('230', '304', 'en_us', 'winter-beer-fest-2', NULL, '2015-03-23 03:53:12', '2015-03-23 03:53:12', '905acd75-4ffd-49d6-ae17-210e0a3ae034');
INSERT INTO `craft_content` (`id`, `elementId`, `locale`, `title`, `field_project_descrip`, `dateCreated`, `dateUpdated`, `uid`) VALUES ('231', '305', 'en_us', 'winter-beer-left', NULL, '2015-03-23 03:53:15', '2015-03-27 23:02:27', '8d397d82-bbf8-4aa3-a337-0cdbd5ed07b4');
INSERT INTO `craft_content` (`id`, `elementId`, `locale`, `title`, `field_project_descrip`, `dateCreated`, `dateUpdated`, `uid`) VALUES ('232', '306', 'en_us', 'winter-beer-mobile-left', NULL, '2015-03-23 03:53:16', '2015-03-23 03:53:34', '7e709c2a-8a17-4956-97a1-acea43eb8118');
INSERT INTO `craft_content` (`id`, `elementId`, `locale`, `title`, `field_project_descrip`, `dateCreated`, `dateUpdated`, `uid`) VALUES ('234', '308', 'en_us', 'winter-beer-mobile-mid', NULL, '2015-03-23 03:53:27', '2015-03-23 03:53:27', '93367a81-1877-4839-be5c-58f5a9968f9a');
INSERT INTO `craft_content` (`id`, `elementId`, `locale`, `title`, `field_project_descrip`, `dateCreated`, `dateUpdated`, `uid`) VALUES ('235', '309', 'en_us', 'winter-beer-mobile-right', NULL, '2015-03-23 03:53:28', '2015-03-23 03:53:28', 'be61d840-c6e9-40a6-9a5b-988e12610c98');
INSERT INTO `craft_content` (`id`, `elementId`, `locale`, `title`, `field_project_descrip`, `dateCreated`, `dateUpdated`, `uid`) VALUES ('236', '310', 'en_us', 'winter-beer-right', NULL, '2015-03-23 03:53:31', '2015-03-27 23:02:26', '698d6e4c-7070-4e9b-bf3e-a84490973390');
INSERT INTO `craft_content` (`id`, `elementId`, `locale`, `title`, `field_project_descrip`, `dateCreated`, `dateUpdated`, `uid`) VALUES ('237', '311', 'en_us', 'winter-beer-fest', NULL, '2015-03-23 03:54:18', '2015-03-23 03:54:18', '6f6e571c-7ef4-46ff-b051-e6b2d0fc0cd6');
INSERT INTO `craft_content` (`id`, `elementId`, `locale`, `title`, `field_project_descrip`, `dateCreated`, `dateUpdated`, `uid`) VALUES ('241', '315', 'en_us', 'blog-2', NULL, '2015-03-26 01:34:03', '2015-03-26 01:34:03', 'acda43c3-f142-4f8c-a00e-63a7444bb216');
INSERT INTO `craft_content` (`id`, `elementId`, `locale`, `title`, `field_project_descrip`, `dateCreated`, `dateUpdated`, `uid`) VALUES ('242', '316', 'en_us', 'blog', NULL, '2015-03-26 01:34:16', '2015-03-26 01:34:16', '977ba86d-95cb-48f0-b77e-bdaa22398411');
INSERT INTO `craft_content` (`id`, `elementId`, `locale`, `title`, `field_project_descrip`, `dateCreated`, `dateUpdated`, `uid`) VALUES ('244', '320', 'en_us', 'unsigned-2', NULL, '2015-03-26 02:39:06', '2015-03-26 02:39:06', '548684d0-2ef4-4931-815f-bae76a35c6cf');
INSERT INTO `craft_content` (`id`, `elementId`, `locale`, `title`, `field_project_descrip`, `dateCreated`, `dateUpdated`, `uid`) VALUES ('245', '321', 'en_us', 'unsigned-mobile-left', NULL, '2015-03-26 02:45:35', '2015-03-26 02:45:35', '8174cfe8-4b04-41f9-98df-3723a44d759c');
INSERT INTO `craft_content` (`id`, `elementId`, `locale`, `title`, `field_project_descrip`, `dateCreated`, `dateUpdated`, `uid`) VALUES ('246', '322', 'en_us', 'unsigned-mobile-mid', NULL, '2015-03-26 02:45:36', '2015-03-26 02:45:36', '408a6da6-c2aa-4bad-a4bc-485ba8d903ca');
INSERT INTO `craft_content` (`id`, `elementId`, `locale`, `title`, `field_project_descrip`, `dateCreated`, `dateUpdated`, `uid`) VALUES ('247', '323', 'en_us', 'unsigned-mobile-right', NULL, '2015-03-26 02:45:38', '2015-03-26 02:45:38', '597d3555-5430-4f96-9fce-7c667cd42433');
INSERT INTO `craft_content` (`id`, `elementId`, `locale`, `title`, `field_project_descrip`, `dateCreated`, `dateUpdated`, `uid`) VALUES ('248', '324', 'en_us', 'unsigned-mobile-left-2', NULL, '2015-03-26 02:47:34', '2015-03-26 02:47:34', '209a49f4-8ad0-4e11-ac6d-2c094866cf62');
INSERT INTO `craft_content` (`id`, `elementId`, `locale`, `title`, `field_project_descrip`, `dateCreated`, `dateUpdated`, `uid`) VALUES ('249', '325', 'en_us', 'unsigned-mobile-mid-2', NULL, '2015-03-26 02:47:36', '2015-03-26 02:47:36', '1cff4be9-aa1b-482d-a490-cfa99f4dec3e');
INSERT INTO `craft_content` (`id`, `elementId`, `locale`, `title`, `field_project_descrip`, `dateCreated`, `dateUpdated`, `uid`) VALUES ('250', '326', 'en_us', 'unsigned-mobile-right-2', NULL, '2015-03-26 02:47:37', '2015-03-26 02:47:37', '792dee66-8a42-402b-a3d8-a2bfda011ab7');
INSERT INTO `craft_content` (`id`, `elementId`, `locale`, `title`, `field_project_descrip`, `dateCreated`, `dateUpdated`, `uid`) VALUES ('260', '339', 'en_us', 'unsigned-3', NULL, '2015-03-26 03:24:21', '2015-03-26 03:24:21', '153efc9f-18cc-4792-a1da-2eed60802ea2');
INSERT INTO `craft_content` (`id`, `elementId`, `locale`, `title`, `field_project_descrip`, `dateCreated`, `dateUpdated`, `uid`) VALUES ('261', '340', 'en_us', 'unsigned-left', NULL, '2015-03-26 03:24:26', '2015-03-26 03:24:26', 'bf2f1a57-b194-4655-8f4d-1896a6465424');
INSERT INTO `craft_content` (`id`, `elementId`, `locale`, `title`, `field_project_descrip`, `dateCreated`, `dateUpdated`, `uid`) VALUES ('262', '341', 'en_us', 'unsigned-right', NULL, '2015-03-26 03:24:30', '2015-03-26 03:24:30', '9291d8e0-7248-47f2-af01-30900351d7c4');
INSERT INTO `craft_content` (`id`, `elementId`, `locale`, `title`, `field_project_descrip`, `dateCreated`, `dateUpdated`, `uid`) VALUES ('270', '350', 'en_us', 'canvan-thumb', NULL, '2015-03-30 01:05:52', '2015-03-30 02:47:24', 'b12fa118-0656-49a7-9934-f7064a0f9e71');
INSERT INTO `craft_content` (`id`, `elementId`, `locale`, `title`, `field_project_descrip`, `dateCreated`, `dateUpdated`, `uid`) VALUES ('272', '352', 'en_us', 'caroline-thumb', NULL, '2015-03-30 01:06:19', '2015-03-30 01:06:19', '6d4f2e1b-bf64-4f75-8d53-97f41d374010');
INSERT INTO `craft_content` (`id`, `elementId`, `locale`, `title`, `field_project_descrip`, `dateCreated`, `dateUpdated`, `uid`) VALUES ('273', '353', 'en_us', 'canvan-thumb', NULL, '2015-03-30 01:07:09', '2015-03-30 01:07:09', 'f91f049f-6ca2-4ba8-8b1a-c0be531a0124');
INSERT INTO `craft_content` (`id`, `elementId`, `locale`, `title`, `field_project_descrip`, `dateCreated`, `dateUpdated`, `uid`) VALUES ('275', '355', 'en_us', 'store', NULL, '2015-03-30 01:11:34', '2015-03-30 01:11:34', '961a8801-9fdd-466d-bc08-18ce9d14cfa9');
INSERT INTO `craft_content` (`id`, `elementId`, `locale`, `title`, `field_project_descrip`, `dateCreated`, `dateUpdated`, `uid`) VALUES ('276', '356', 'en_us', 'blog-thumb', NULL, '2015-03-30 01:26:06', '2015-03-30 02:03:48', 'b275a6ca-b138-4462-b1fe-508d39e925ad');
INSERT INTO `craft_content` (`id`, `elementId`, `locale`, `title`, `field_project_descrip`, `dateCreated`, `dateUpdated`, `uid`) VALUES ('279', '359', 'en_us', 'find-gold-thumb', NULL, '2015-03-30 02:09:06', '2015-03-30 02:30:11', 'fa228706-c8ac-4a7f-b896-32bcc502379e');
INSERT INTO `craft_content` (`id`, `elementId`, `locale`, `title`, `field_project_descrip`, `dateCreated`, `dateUpdated`, `uid`) VALUES ('280', '360', 'en_us', 'oktoberfest-thumb', NULL, '2015-03-30 02:14:13', '2015-03-30 02:34:38', 'd87e563d-eb7b-4a9e-9ee6-f83a5b294e6b');
INSERT INTO `craft_content` (`id`, `elementId`, `locale`, `title`, `field_project_descrip`, `dateCreated`, `dateUpdated`, `uid`) VALUES ('282', '362', 'en_us', 'caroline-thumb', NULL, '2015-03-30 02:23:11', '2015-03-30 02:23:11', '7ed73221-be4f-4b22-bf3f-eac949e056ac');
INSERT INTO `craft_content` (`id`, `elementId`, `locale`, `title`, `field_project_descrip`, `dateCreated`, `dateUpdated`, `uid`) VALUES ('286', '366', 'en_us', 'caroline-thumb', NULL, '2015-03-30 02:31:15', '2015-03-30 02:31:15', '4d12fafa-22e9-4c88-8125-4148f350fa7d');
INSERT INTO `craft_content` (`id`, `elementId`, `locale`, `title`, `field_project_descrip`, `dateCreated`, `dateUpdated`, `uid`) VALUES ('288', '368', 'en_us', 'winter-beer-thumb', NULL, '2015-03-30 02:41:03', '2015-03-30 02:44:00', '18983505-15da-424b-a67d-fb11f54979ed');
INSERT INTO `craft_content` (`id`, `elementId`, `locale`, `title`, `field_project_descrip`, `dateCreated`, `dateUpdated`, `uid`) VALUES ('292', '372', 'en_us', 'store-thumb', NULL, '2015-03-30 02:49:26', '2015-03-30 02:49:26', '097b900a-fdf1-4718-8bf6-f6075b000dc2');
INSERT INTO `craft_content` (`id`, `elementId`, `locale`, `title`, `field_project_descrip`, `dateCreated`, `dateUpdated`, `uid`) VALUES ('293', '373', 'en_us', 'unsigned-thumb', NULL, '2015-03-30 03:15:05', '2015-03-30 03:15:05', 'cb6ad111-a050-4128-85dc-a999c3876136');
INSERT INTO `craft_content` (`id`, `elementId`, `locale`, `title`, `field_project_descrip`, `dateCreated`, `dateUpdated`, `uid`) VALUES ('295', '375', 'en_us', 'lifefit-thumb', NULL, '2015-03-30 03:20:29', '2015-03-30 03:20:29', '48f345f5-8497-4965-be06-d036ad32e1ff');
INSERT INTO `craft_content` (`id`, `elementId`, `locale`, `title`, `field_project_descrip`, `dateCreated`, `dateUpdated`, `uid`) VALUES ('296', '376', 'en_us', 'blog-thumb', NULL, '2015-03-30 03:24:53', '2015-03-30 03:36:31', '1c4b094f-e73b-480f-bc7c-d8df17609504');
INSERT INTO `craft_content` (`id`, `elementId`, `locale`, `title`, `field_project_descrip`, `dateCreated`, `dateUpdated`, `uid`) VALUES ('297', '377', 'en_us', 'favicon', NULL, '2015-04-30 14:39:35', '2015-04-30 14:39:35', 'bf7b0f6a-4906-4c4c-9a8b-965c9453ba51');



DROP TABLE IF EXISTS `craft_deprecationerrors`;


--
-- Schema for table `craft_deprecationerrors`
--
CREATE TABLE `craft_deprecationerrors` (
  `id` int(11) NOT NULL AUTO_INCREMENT,
  `key` varchar(255) COLLATE utf8_unicode_ci NOT NULL,
  `fingerprint` varchar(255) COLLATE utf8_unicode_ci NOT NULL,
  `lastOccurrence` datetime NOT NULL,
  `file` varchar(255) COLLATE utf8_unicode_ci NOT NULL,
  `line` smallint(6) unsigned NOT NULL,
  `class` varchar(255) COLLATE utf8_unicode_ci DEFAULT NULL,
  `method` varchar(255) COLLATE utf8_unicode_ci DEFAULT NULL,
  `template` varchar(255) COLLATE utf8_unicode_ci DEFAULT NULL,
  `templateLine` smallint(6) unsigned DEFAULT NULL,
  `message` varchar(255) COLLATE utf8_unicode_ci DEFAULT NULL,
  `traces` text COLLATE utf8_unicode_ci,
  `dateCreated` datetime NOT NULL,
  `dateUpdated` datetime NOT NULL,
  `uid` char(36) COLLATE utf8_unicode_ci NOT NULL DEFAULT '0',
  PRIMARY KEY (`id`),
  UNIQUE KEY `craft_deprecationerrors_key_fingerprint_unq_idx` (`key`,`fingerprint`)
) ENGINE=InnoDB DEFAULT CHARSET=utf8 COLLATE=utf8_unicode_ci;

DROP TABLE IF EXISTS `craft_elements`;


--
-- Schema for table `craft_elements`
--
CREATE TABLE `craft_elements` (
  `id` int(11) NOT NULL AUTO_INCREMENT,
  `type` varchar(150) COLLATE utf8_unicode_ci NOT NULL,
  `enabled` tinyint(1) unsigned NOT NULL DEFAULT '1',
  `archived` tinyint(1) unsigned NOT NULL DEFAULT '0',
  `dateCreated` datetime NOT NULL,
  `dateUpdated` datetime NOT NULL,
  `uid` char(36) COLLATE utf8_unicode_ci NOT NULL DEFAULT '0',
  PRIMARY KEY (`id`),
  KEY `craft_elements_type_idx` (`type`),
  KEY `craft_elements_enabled_idx` (`enabled`),
  KEY `craft_elements_archived_dateCreated_idx` (`archived`,`dateCreated`)
) ENGINE=InnoDB AUTO_INCREMENT=378 DEFAULT CHARSET=utf8 COLLATE=utf8_unicode_ci;

--
-- Data for table `craft_elements`
--

INSERT INTO `craft_elements` (`id`, `type`, `enabled`, `archived`, `dateCreated`, `dateUpdated`, `uid`) VALUES ('1', 'User', '1', '0', '2015-02-20 22:12:57', '2015-02-20 22:12:57', '496fd180-31e1-4ff1-9032-c8bdafc606eb');
INSERT INTO `craft_elements` (`id`, `type`, `enabled`, `archived`, `dateCreated`, `dateUpdated`, `uid`) VALUES ('2', 'Entry', '1', '0', '2015-02-20 22:13:00', '2015-02-20 22:13:00', 'b46cdf0a-445e-4199-b6bb-d943e2a368f3');
INSERT INTO `craft_elements` (`id`, `type`, `enabled`, `archived`, `dateCreated`, `dateUpdated`, `uid`) VALUES ('4', 'Entry', '1', '0', '2015-02-20 22:44:38', '2015-03-30 02:47:29', '49fd0061-88e8-4385-b462-ec169ec613ad');
INSERT INTO `craft_elements` (`id`, `type`, `enabled`, `archived`, `dateCreated`, `dateUpdated`, `uid`) VALUES ('5', 'MatrixBlock', '1', '0', '2015-02-20 22:44:38', '2015-03-30 02:47:29', '8e93d0da-31f2-469f-8136-6c471b8353e2');
INSERT INTO `craft_elements` (`id`, `type`, `enabled`, `archived`, `dateCreated`, `dateUpdated`, `uid`) VALUES ('6', 'MatrixBlock', '1', '0', '2015-02-20 22:44:38', '2015-03-30 02:47:29', '08d25038-3a21-4e2e-8d99-b2a4802380a0');
INSERT INTO `craft_elements` (`id`, `type`, `enabled`, `archived`, `dateCreated`, `dateUpdated`, `uid`) VALUES ('7', 'MatrixBlock', '1', '0', '2015-02-20 22:44:38', '2015-03-30 02:47:29', '419a224d-0830-4d6e-bf86-d81c5b5042c7');
INSERT INTO `craft_elements` (`id`, `type`, `enabled`, `archived`, `dateCreated`, `dateUpdated`, `uid`) VALUES ('8', 'MatrixBlock', '1', '0', '2015-02-20 22:44:38', '2015-03-30 02:47:29', '07d0e526-2926-427c-a4cd-0a64787c9d7c');
INSERT INTO `craft_elements` (`id`, `type`, `enabled`, `archived`, `dateCreated`, `dateUpdated`, `uid`) VALUES ('9', 'MatrixBlock', '1', '0', '2015-02-20 22:44:38', '2015-03-30 02:47:29', '24d539e6-ddc7-4fa6-9dc5-58ce5d93124a');
INSERT INTO `craft_elements` (`id`, `type`, `enabled`, `archived`, `dateCreated`, `dateUpdated`, `uid`) VALUES ('17', 'Asset', '1', '0', '2015-02-20 23:39:33', '2015-02-20 23:43:37', 'a0f01c05-2cf5-4a48-b3b1-7b0efdb82616');
INSERT INTO `craft_elements` (`id`, `type`, `enabled`, `archived`, `dateCreated`, `dateUpdated`, `uid`) VALUES ('18', 'Asset', '1', '0', '2015-02-20 23:39:34', '2015-02-20 23:43:39', '28748b41-4fef-4424-b780-d96d742070d9');
INSERT INTO `craft_elements` (`id`, `type`, `enabled`, `archived`, `dateCreated`, `dateUpdated`, `uid`) VALUES ('19', 'Asset', '1', '0', '2015-02-20 23:39:34', '2015-02-20 23:43:38', '3d9a5995-7c03-4e17-864e-990dd405a58f');
INSERT INTO `craft_elements` (`id`, `type`, `enabled`, `archived`, `dateCreated`, `dateUpdated`, `uid`) VALUES ('20', 'Asset', '1', '0', '2015-02-20 23:39:34', '2015-02-20 23:43:39', '6d6198ff-1545-4adb-b1ae-d180a8fe69db');
INSERT INTO `craft_elements` (`id`, `type`, `enabled`, `archived`, `dateCreated`, `dateUpdated`, `uid`) VALUES ('21', 'Asset', '1', '0', '2015-02-20 23:39:34', '2015-02-20 23:43:39', 'ad57041d-0e03-4feb-8455-4ec5d03e24a0');
INSERT INTO `craft_elements` (`id`, `type`, `enabled`, `archived`, `dateCreated`, `dateUpdated`, `uid`) VALUES ('22', 'Asset', '1', '0', '2015-02-20 23:39:35', '2015-02-20 23:43:39', 'd94a869a-282f-4c43-9f90-192176e2e9ad');
INSERT INTO `craft_elements` (`id`, `type`, `enabled`, `archived`, `dateCreated`, `dateUpdated`, `uid`) VALUES ('23', 'Asset', '1', '0', '2015-02-20 23:39:35', '2015-02-20 23:43:39', 'c21c2d9e-0c2a-4e78-8f14-bf89d0b967d4');
INSERT INTO `craft_elements` (`id`, `type`, `enabled`, `archived`, `dateCreated`, `dateUpdated`, `uid`) VALUES ('28', 'Asset', '1', '0', '2015-02-20 23:39:37', '2015-02-20 23:43:40', '02470b2c-a934-45dd-a7a0-92b7e6238a79');
INSERT INTO `craft_elements` (`id`, `type`, `enabled`, `archived`, `dateCreated`, `dateUpdated`, `uid`) VALUES ('29', 'Asset', '1', '0', '2015-02-20 23:39:37', '2015-02-20 23:43:41', 'a7a48529-5b6f-4223-8a1d-57265bd4391c');
INSERT INTO `craft_elements` (`id`, `type`, `enabled`, `archived`, `dateCreated`, `dateUpdated`, `uid`) VALUES ('30', 'Asset', '1', '0', '2015-02-20 23:39:37', '2015-02-20 23:43:41', '83366936-682d-44c9-ba85-bce3c2be0c04');
INSERT INTO `craft_elements` (`id`, `type`, `enabled`, `archived`, `dateCreated`, `dateUpdated`, `uid`) VALUES ('31', 'Asset', '1', '0', '2015-02-20 23:39:37', '2015-02-20 23:43:41', '91e3ae41-aa44-404e-a006-ca529de71805');
INSERT INTO `craft_elements` (`id`, `type`, `enabled`, `archived`, `dateCreated`, `dateUpdated`, `uid`) VALUES ('32', 'Asset', '1', '0', '2015-02-20 23:39:38', '2015-02-20 23:43:41', '02491cd8-d6f6-4085-927e-660ceb5d5974');
INSERT INTO `craft_elements` (`id`, `type`, `enabled`, `archived`, `dateCreated`, `dateUpdated`, `uid`) VALUES ('33', 'Asset', '1', '0', '2015-02-20 23:39:38', '2015-02-20 23:43:41', 'd3da0994-ac86-4c6b-a7b7-fb89dade77a2');
INSERT INTO `craft_elements` (`id`, `type`, `enabled`, `archived`, `dateCreated`, `dateUpdated`, `uid`) VALUES ('34', 'Asset', '1', '0', '2015-02-20 23:39:38', '2015-02-20 23:43:42', '46cfb2b1-046f-495a-b667-6968be6036f1');
INSERT INTO `craft_elements` (`id`, `type`, `enabled`, `archived`, `dateCreated`, `dateUpdated`, `uid`) VALUES ('35', 'Asset', '1', '0', '2015-02-20 23:39:38', '2015-02-20 23:43:42', '1f50e634-5104-4c90-aca5-c2558a095e96');
INSERT INTO `craft_elements` (`id`, `type`, `enabled`, `archived`, `dateCreated`, `dateUpdated`, `uid`) VALUES ('36', 'Asset', '1', '0', '2015-02-20 23:39:38', '2015-02-20 23:43:42', 'c0694b18-9f01-464a-a1db-ab28d960ebc0');
INSERT INTO `craft_elements` (`id`, `type`, `enabled`, `archived`, `dateCreated`, `dateUpdated`, `uid`) VALUES ('37', 'Asset', '1', '0', '2015-02-20 23:39:39', '2015-02-20 23:43:42', '60a16b2a-ff5b-465b-bb69-6b64107e9cfb');
INSERT INTO `craft_elements` (`id`, `type`, `enabled`, `archived`, `dateCreated`, `dateUpdated`, `uid`) VALUES ('38', 'Asset', '1', '0', '2015-02-20 23:39:39', '2015-02-20 23:43:42', '1f0a8b65-71de-4c4e-bfa0-b11ccb9c2a4a');
INSERT INTO `craft_elements` (`id`, `type`, `enabled`, `archived`, `dateCreated`, `dateUpdated`, `uid`) VALUES ('41', 'Asset', '1', '0', '2015-02-20 23:41:44', '2015-03-21 22:22:18', '6993d99f-cd59-437a-ada1-67041e66bdff');
INSERT INTO `craft_elements` (`id`, `type`, `enabled`, `archived`, `dateCreated`, `dateUpdated`, `uid`) VALUES ('45', 'Asset', '1', '0', '2015-02-21 00:49:25', '2015-02-21 00:49:26', '4859b03c-6b03-4eee-8407-15f1d3a41468');
INSERT INTO `craft_elements` (`id`, `type`, `enabled`, `archived`, `dateCreated`, `dateUpdated`, `uid`) VALUES ('46', 'Entry', '1', '0', '2015-02-21 16:23:52', '2015-03-30 03:20:31', 'b7c368eb-2976-4830-a948-07f421058392');
INSERT INTO `craft_elements` (`id`, `type`, `enabled`, `archived`, `dateCreated`, `dateUpdated`, `uid`) VALUES ('47', 'MatrixBlock', '1', '0', '2015-02-21 16:23:52', '2015-03-30 03:20:32', '520fa9e1-bd69-4bcf-abb9-db36d3555103');
INSERT INTO `craft_elements` (`id`, `type`, `enabled`, `archived`, `dateCreated`, `dateUpdated`, `uid`) VALUES ('48', 'MatrixBlock', '1', '0', '2015-02-21 16:23:52', '2015-03-30 03:20:32', '0c54a099-d86e-4dd8-8eed-1f66afc8b27e');
INSERT INTO `craft_elements` (`id`, `type`, `enabled`, `archived`, `dateCreated`, `dateUpdated`, `uid`) VALUES ('49', 'MatrixBlock', '1', '0', '2015-02-21 16:23:52', '2015-03-30 03:20:32', '1eadc031-1741-4e5f-b159-db4583654c84');
INSERT INTO `craft_elements` (`id`, `type`, `enabled`, `archived`, `dateCreated`, `dateUpdated`, `uid`) VALUES ('50', 'MatrixBlock', '1', '0', '2015-02-21 16:23:52', '2015-03-30 03:20:32', '9a53948d-b61f-41ed-91e4-575ab1e02beb');
INSERT INTO `craft_elements` (`id`, `type`, `enabled`, `archived`, `dateCreated`, `dateUpdated`, `uid`) VALUES ('51', 'MatrixBlock', '1', '0', '2015-02-21 16:23:52', '2015-03-30 03:20:32', 'e1a4f0d5-c6af-436d-ae62-b26f842cd5ed');
INSERT INTO `craft_elements` (`id`, `type`, `enabled`, `archived`, `dateCreated`, `dateUpdated`, `uid`) VALUES ('52', 'Entry', '1', '0', '2015-02-21 16:24:47', '2015-03-30 03:15:10', '57fb7327-b904-40c6-8f9c-0bc666c43abe');
INSERT INTO `craft_elements` (`id`, `type`, `enabled`, `archived`, `dateCreated`, `dateUpdated`, `uid`) VALUES ('53', 'MatrixBlock', '1', '0', '2015-02-21 16:24:47', '2015-03-30 03:15:10', 'd377afe2-896b-4bef-ab15-3681d67db796');
INSERT INTO `craft_elements` (`id`, `type`, `enabled`, `archived`, `dateCreated`, `dateUpdated`, `uid`) VALUES ('54', 'MatrixBlock', '1', '0', '2015-02-21 16:24:47', '2015-03-30 03:15:10', 'af223ae0-96b5-4c1d-9168-8ac70b95b0b1');
INSERT INTO `craft_elements` (`id`, `type`, `enabled`, `archived`, `dateCreated`, `dateUpdated`, `uid`) VALUES ('55', 'MatrixBlock', '1', '0', '2015-02-21 16:24:47', '2015-03-30 03:15:10', '5f04c989-3f1d-4be5-8775-27f093bfb032');
INSERT INTO `craft_elements` (`id`, `type`, `enabled`, `archived`, `dateCreated`, `dateUpdated`, `uid`) VALUES ('56', 'MatrixBlock', '1', '0', '2015-02-21 16:24:47', '2015-03-30 03:15:10', 'b5bb41ab-9738-4252-bb6f-d6a9da7ee53b');
INSERT INTO `craft_elements` (`id`, `type`, `enabled`, `archived`, `dateCreated`, `dateUpdated`, `uid`) VALUES ('57', 'MatrixBlock', '1', '0', '2015-02-21 16:24:47', '2015-03-30 03:15:10', 'd8cb5840-4a12-4b9f-933d-fbfdcfae4aa1');
INSERT INTO `craft_elements` (`id`, `type`, `enabled`, `archived`, `dateCreated`, `dateUpdated`, `uid`) VALUES ('58', 'MatrixBlock', '1', '0', '2015-02-21 16:24:47', '2015-03-30 03:15:10', 'f8d03a42-d24f-48ff-844a-5227fb6986b0');
INSERT INTO `craft_elements` (`id`, `type`, `enabled`, `archived`, `dateCreated`, `dateUpdated`, `uid`) VALUES ('59', 'Entry', '1', '0', '2015-02-21 16:26:49', '2015-03-30 02:44:05', 'f2e347c7-5a9d-4d7c-9c67-ea41f1c0acb9');
INSERT INTO `craft_elements` (`id`, `type`, `enabled`, `archived`, `dateCreated`, `dateUpdated`, `uid`) VALUES ('60', 'MatrixBlock', '1', '0', '2015-02-21 16:26:49', '2015-03-30 02:44:05', '48f30f30-3031-48eb-9c2b-63a56e0c77e4');
INSERT INTO `craft_elements` (`id`, `type`, `enabled`, `archived`, `dateCreated`, `dateUpdated`, `uid`) VALUES ('61', 'MatrixBlock', '1', '0', '2015-02-21 16:26:49', '2015-03-30 02:44:05', '66148c4b-4e33-4a44-8426-f28008f8731f');
INSERT INTO `craft_elements` (`id`, `type`, `enabled`, `archived`, `dateCreated`, `dateUpdated`, `uid`) VALUES ('62', 'MatrixBlock', '1', '0', '2015-02-21 16:26:49', '2015-03-30 02:44:05', 'a2b5598c-c09f-4762-b58b-ceceeaae359c');
INSERT INTO `craft_elements` (`id`, `type`, `enabled`, `archived`, `dateCreated`, `dateUpdated`, `uid`) VALUES ('63', 'MatrixBlock', '1', '0', '2015-02-21 16:26:49', '2015-03-30 02:44:05', 'a2d1d33d-8913-47d5-838e-ed057178c8f1');
INSERT INTO `craft_elements` (`id`, `type`, `enabled`, `archived`, `dateCreated`, `dateUpdated`, `uid`) VALUES ('64', 'MatrixBlock', '1', '0', '2015-02-21 16:26:49', '2015-03-30 02:44:05', '81a3dba1-fab5-480d-8310-8f8ee04ede7b');
INSERT INTO `craft_elements` (`id`, `type`, `enabled`, `archived`, `dateCreated`, `dateUpdated`, `uid`) VALUES ('65', 'MatrixBlock', '1', '0', '2015-02-21 16:26:49', '2015-03-30 02:44:05', '8b966d9a-4ec2-4d34-9560-d43163cd69a9');
INSERT INTO `craft_elements` (`id`, `type`, `enabled`, `archived`, `dateCreated`, `dateUpdated`, `uid`) VALUES ('66', 'Entry', '1', '0', '2015-02-21 16:28:03', '2015-03-30 02:31:19', '796ab967-3e2d-45eb-b795-ff306b9bbddf');
INSERT INTO `craft_elements` (`id`, `type`, `enabled`, `archived`, `dateCreated`, `dateUpdated`, `uid`) VALUES ('67', 'MatrixBlock', '1', '0', '2015-02-21 16:28:03', '2015-03-30 02:31:20', '59b66e8f-3119-4ab2-8c76-2010a3139350');
INSERT INTO `craft_elements` (`id`, `type`, `enabled`, `archived`, `dateCreated`, `dateUpdated`, `uid`) VALUES ('68', 'MatrixBlock', '1', '0', '2015-02-21 16:28:03', '2015-03-30 02:31:20', 'd79f0195-3431-42f0-a0f4-150fd84b68bb');
INSERT INTO `craft_elements` (`id`, `type`, `enabled`, `archived`, `dateCreated`, `dateUpdated`, `uid`) VALUES ('69', 'MatrixBlock', '1', '0', '2015-02-21 16:28:03', '2015-03-30 02:31:20', 'ac3fcc39-ea85-4972-9c20-9820b8c39fe4');
INSERT INTO `craft_elements` (`id`, `type`, `enabled`, `archived`, `dateCreated`, `dateUpdated`, `uid`) VALUES ('70', 'MatrixBlock', '1', '0', '2015-02-21 16:28:03', '2015-03-30 02:31:20', 'fef098fb-41f5-48c9-8074-2d233d252f29');
INSERT INTO `craft_elements` (`id`, `type`, `enabled`, `archived`, `dateCreated`, `dateUpdated`, `uid`) VALUES ('71', 'MatrixBlock', '1', '0', '2015-02-21 16:28:03', '2015-03-30 02:31:20', '5bb859e0-e1e9-4e25-aa8e-51c330f6e1aa');
INSERT INTO `craft_elements` (`id`, `type`, `enabled`, `archived`, `dateCreated`, `dateUpdated`, `uid`) VALUES ('72', 'Entry', '1', '0', '2015-02-21 16:28:54', '2015-03-30 02:18:31', 'f125693b-0bfa-4504-bfb7-521b6704294e');
INSERT INTO `craft_elements` (`id`, `type`, `enabled`, `archived`, `dateCreated`, `dateUpdated`, `uid`) VALUES ('73', 'MatrixBlock', '1', '0', '2015-02-21 16:28:54', '2015-03-30 02:18:31', '3cc95c77-52c2-4c4b-b9c3-c53232824564');
INSERT INTO `craft_elements` (`id`, `type`, `enabled`, `archived`, `dateCreated`, `dateUpdated`, `uid`) VALUES ('74', 'MatrixBlock', '1', '0', '2015-02-21 16:28:54', '2015-03-30 02:18:31', 'f186a82d-f0d9-4a28-a609-00b6de8447a6');
INSERT INTO `craft_elements` (`id`, `type`, `enabled`, `archived`, `dateCreated`, `dateUpdated`, `uid`) VALUES ('75', 'MatrixBlock', '1', '0', '2015-02-21 16:28:54', '2015-03-30 02:18:31', '0a9bf807-ffba-46b0-9b89-859c71a59d82');
INSERT INTO `craft_elements` (`id`, `type`, `enabled`, `archived`, `dateCreated`, `dateUpdated`, `uid`) VALUES ('76', 'MatrixBlock', '1', '0', '2015-02-21 16:28:54', '2015-03-30 02:18:31', 'dcb6d34e-e1a9-4af6-af4a-5be4fb3d8549');
INSERT INTO `craft_elements` (`id`, `type`, `enabled`, `archived`, `dateCreated`, `dateUpdated`, `uid`) VALUES ('77', 'MatrixBlock', '1', '0', '2015-02-21 16:28:54', '2015-03-30 02:18:31', 'd54a1f8f-7748-4011-a565-19f8947d2a4d');
INSERT INTO `craft_elements` (`id`, `type`, `enabled`, `archived`, `dateCreated`, `dateUpdated`, `uid`) VALUES ('78', 'Entry', '1', '0', '2015-02-21 16:29:56', '2015-03-30 02:30:16', '17d95cf3-5f25-47db-bc70-d16fcd6bb71d');
INSERT INTO `craft_elements` (`id`, `type`, `enabled`, `archived`, `dateCreated`, `dateUpdated`, `uid`) VALUES ('79', 'MatrixBlock', '1', '0', '2015-02-21 16:29:56', '2015-03-30 02:30:16', '4facc393-f297-46a3-ad71-d198477aa0ba');
INSERT INTO `craft_elements` (`id`, `type`, `enabled`, `archived`, `dateCreated`, `dateUpdated`, `uid`) VALUES ('80', 'MatrixBlock', '1', '0', '2015-02-21 16:29:56', '2015-03-30 02:30:16', 'bb7bafea-ff62-4b6c-901a-c40ba1db189b');
INSERT INTO `craft_elements` (`id`, `type`, `enabled`, `archived`, `dateCreated`, `dateUpdated`, `uid`) VALUES ('81', 'MatrixBlock', '1', '0', '2015-02-21 16:29:56', '2015-03-30 02:30:16', 'f0dadf8a-4708-41dc-8450-f97406a2524c');
INSERT INTO `craft_elements` (`id`, `type`, `enabled`, `archived`, `dateCreated`, `dateUpdated`, `uid`) VALUES ('82', 'MatrixBlock', '1', '0', '2015-02-21 16:29:56', '2015-03-30 02:30:16', '4a993652-60ab-424b-abca-a2429a5bb0ad');
INSERT INTO `craft_elements` (`id`, `type`, `enabled`, `archived`, `dateCreated`, `dateUpdated`, `uid`) VALUES ('83', 'MatrixBlock', '1', '0', '2015-02-21 16:29:56', '2015-03-30 02:30:16', '74b1d2bf-c8e0-4ba4-9f0a-12e0ed4bd147');
INSERT INTO `craft_elements` (`id`, `type`, `enabled`, `archived`, `dateCreated`, `dateUpdated`, `uid`) VALUES ('84', 'MatrixBlock', '1', '0', '2015-02-21 16:29:56', '2015-03-30 02:30:16', 'aeb0d9e3-e951-43e2-bf0e-3f4dec09b79a');
INSERT INTO `craft_elements` (`id`, `type`, `enabled`, `archived`, `dateCreated`, `dateUpdated`, `uid`) VALUES ('85', 'Entry', '1', '0', '2015-02-21 16:32:31', '2015-03-30 03:36:33', '5d7b861f-c0ab-4cbd-93f1-9ebe19a89164');
INSERT INTO `craft_elements` (`id`, `type`, `enabled`, `archived`, `dateCreated`, `dateUpdated`, `uid`) VALUES ('86', 'MatrixBlock', '1', '0', '2015-02-21 16:32:31', '2015-03-30 03:36:34', '97e31a1e-b96c-49ae-a023-6aafe47b349f');
INSERT INTO `craft_elements` (`id`, `type`, `enabled`, `archived`, `dateCreated`, `dateUpdated`, `uid`) VALUES ('87', 'MatrixBlock', '1', '0', '2015-02-21 16:32:31', '2015-03-30 03:36:34', '94c3188a-0f4b-4a3c-8674-1d939268fb59');
INSERT INTO `craft_elements` (`id`, `type`, `enabled`, `archived`, `dateCreated`, `dateUpdated`, `uid`) VALUES ('88', 'MatrixBlock', '1', '0', '2015-02-21 16:32:31', '2015-03-30 03:36:34', '630c6551-4da3-43c9-a969-9b361d5fe874');
INSERT INTO `craft_elements` (`id`, `type`, `enabled`, `archived`, `dateCreated`, `dateUpdated`, `uid`) VALUES ('89', 'MatrixBlock', '1', '0', '2015-02-21 16:32:31', '2015-03-30 03:36:34', 'baf9bc8d-c172-4d86-a072-5c103d6d632e');
INSERT INTO `craft_elements` (`id`, `type`, `enabled`, `archived`, `dateCreated`, `dateUpdated`, `uid`) VALUES ('90', 'MatrixBlock', '1', '0', '2015-02-21 16:32:31', '2015-03-30 03:36:34', '55b136b6-35a1-4fce-89a8-2efb50643356');
INSERT INTO `craft_elements` (`id`, `type`, `enabled`, `archived`, `dateCreated`, `dateUpdated`, `uid`) VALUES ('91', 'Entry', '1', '0', '2015-02-21 16:33:42', '2015-03-30 02:49:29', '72296ca1-dc78-4bff-ada3-e43d99c25cdd');
INSERT INTO `craft_elements` (`id`, `type`, `enabled`, `archived`, `dateCreated`, `dateUpdated`, `uid`) VALUES ('93', 'MatrixBlock', '1', '0', '2015-02-21 16:33:42', '2015-03-30 02:49:29', '3c5fb161-c312-4388-93b9-64014c2b83d5');
INSERT INTO `craft_elements` (`id`, `type`, `enabled`, `archived`, `dateCreated`, `dateUpdated`, `uid`) VALUES ('94', 'MatrixBlock', '1', '0', '2015-02-21 16:33:42', '2015-03-30 02:49:29', 'b5d6d6f7-74e2-4558-ba26-4cf6e2f027bd');
INSERT INTO `craft_elements` (`id`, `type`, `enabled`, `archived`, `dateCreated`, `dateUpdated`, `uid`) VALUES ('95', 'MatrixBlock', '1', '0', '2015-02-21 16:33:42', '2015-03-30 02:49:29', '87683ef2-b8c3-4dd5-b339-6ca049b4363e');
INSERT INTO `craft_elements` (`id`, `type`, `enabled`, `archived`, `dateCreated`, `dateUpdated`, `uid`) VALUES ('96', 'MatrixBlock', '1', '0', '2015-02-21 16:33:42', '2015-03-30 02:49:29', 'e026a671-5610-4180-9759-3593d3fa8075');
INSERT INTO `craft_elements` (`id`, `type`, `enabled`, `archived`, `dateCreated`, `dateUpdated`, `uid`) VALUES ('98', 'Asset', '1', '0', '2015-02-21 20:57:22', '2015-02-21 22:27:18', '013579df-35bb-459e-9bdd-43ace91d9d92');
INSERT INTO `craft_elements` (`id`, `type`, `enabled`, `archived`, `dateCreated`, `dateUpdated`, `uid`) VALUES ('99', 'Asset', '1', '0', '2015-02-21 21:00:51', '2015-03-12 18:04:59', 'b6063ea9-c708-4341-a05d-8581ecbf7ea7');
INSERT INTO `craft_elements` (`id`, `type`, `enabled`, `archived`, `dateCreated`, `dateUpdated`, `uid`) VALUES ('106', 'Asset', '1', '0', '2015-02-21 23:47:46', '2015-03-21 22:16:41', '8d08d92c-3cd8-48e2-a4d9-3a9db37a15fe');
INSERT INTO `craft_elements` (`id`, `type`, `enabled`, `archived`, `dateCreated`, `dateUpdated`, `uid`) VALUES ('108', 'Asset', '1', '0', '2015-02-22 00:24:46', '2015-03-21 22:16:38', 'e1bf2614-3fd3-41b1-9875-662e30dcfeab');
INSERT INTO `craft_elements` (`id`, `type`, `enabled`, `archived`, `dateCreated`, `dateUpdated`, `uid`) VALUES ('113', 'Asset', '1', '0', '2015-02-23 20:14:13', '2015-02-23 20:14:13', '9538a62c-a5d0-452e-b174-360d03e7bf12');
INSERT INTO `craft_elements` (`id`, `type`, `enabled`, `archived`, `dateCreated`, `dateUpdated`, `uid`) VALUES ('116', 'Asset', '1', '0', '2015-02-23 21:22:48', '2015-02-23 21:22:48', '935edcba-1fe0-4261-9bf6-14f35e0730eb');
INSERT INTO `craft_elements` (`id`, `type`, `enabled`, `archived`, `dateCreated`, `dateUpdated`, `uid`) VALUES ('127', 'Asset', '1', '0', '2015-02-23 22:31:39', '2015-02-23 22:32:59', 'a983796c-0849-4c7b-9abc-3f710783e03d');
INSERT INTO `craft_elements` (`id`, `type`, `enabled`, `archived`, `dateCreated`, `dateUpdated`, `uid`) VALUES ('140', 'Asset', '1', '0', '2015-03-03 18:40:51', '2015-03-30 02:23:33', '03bcec56-3352-4500-b89c-ee382eb93312');
INSERT INTO `craft_elements` (`id`, `type`, `enabled`, `archived`, `dateCreated`, `dateUpdated`, `uid`) VALUES ('148', 'Asset', '1', '0', '2015-03-03 20:38:38', '2015-03-03 20:38:38', 'ddc469d1-168c-4932-b5ed-f50aac3c582a');
INSERT INTO `craft_elements` (`id`, `type`, `enabled`, `archived`, `dateCreated`, `dateUpdated`, `uid`) VALUES ('149', 'Asset', '1', '0', '2015-03-03 20:40:30', '2015-03-21 22:18:25', '8752fc6f-81b5-431c-b458-142765a368cb');
INSERT INTO `craft_elements` (`id`, `type`, `enabled`, `archived`, `dateCreated`, `dateUpdated`, `uid`) VALUES ('150', 'Asset', '1', '0', '2015-03-03 20:40:32', '2015-03-03 20:40:32', 'fc53a728-725e-4729-8e61-27626f565264');
INSERT INTO `craft_elements` (`id`, `type`, `enabled`, `archived`, `dateCreated`, `dateUpdated`, `uid`) VALUES ('152', 'Asset', '1', '0', '2015-03-11 22:24:53', '2015-03-11 22:24:53', 'f096b3bc-3e48-4aa8-95d4-1d58ffdb1649');
INSERT INTO `craft_elements` (`id`, `type`, `enabled`, `archived`, `dateCreated`, `dateUpdated`, `uid`) VALUES ('153', 'Asset', '1', '0', '2015-03-11 22:24:55', '2015-03-11 22:24:55', '318fe651-1e8b-495f-8c28-e07f0b280517');
INSERT INTO `craft_elements` (`id`, `type`, `enabled`, `archived`, `dateCreated`, `dateUpdated`, `uid`) VALUES ('167', 'Asset', '1', '0', '2015-03-12 01:20:40', '2015-03-30 02:23:34', 'efe7ec66-4172-4a8d-a38c-fcf03e32308f');
INSERT INTO `craft_elements` (`id`, `type`, `enabled`, `archived`, `dateCreated`, `dateUpdated`, `uid`) VALUES ('168', 'Asset', '1', '0', '2015-03-12 01:20:42', '2015-03-30 02:23:34', 'b726ef1b-e5d9-4a61-ac72-033d1432b2d8');
INSERT INTO `craft_elements` (`id`, `type`, `enabled`, `archived`, `dateCreated`, `dateUpdated`, `uid`) VALUES ('169', 'Asset', '1', '0', '2015-03-12 12:23:25', '2015-03-12 12:25:01', '1e28f8db-dc60-4357-b263-8974db2a4c3b');
INSERT INTO `craft_elements` (`id`, `type`, `enabled`, `archived`, `dateCreated`, `dateUpdated`, `uid`) VALUES ('171', 'MatrixBlock', '1', '0', '2015-03-12 12:25:42', '2015-03-30 03:20:32', '458347fd-0cc5-47e1-82a1-673f673bce5e');
INSERT INTO `craft_elements` (`id`, `type`, `enabled`, `archived`, `dateCreated`, `dateUpdated`, `uid`) VALUES ('178', 'Asset', '1', '0', '2015-03-12 15:47:41', '2015-03-12 15:47:41', '5d267e08-eebb-4bcb-802e-6799883bafd7');
INSERT INTO `craft_elements` (`id`, `type`, `enabled`, `archived`, `dateCreated`, `dateUpdated`, `uid`) VALUES ('184', 'Asset', '1', '0', '2015-03-12 17:27:00', '2015-03-12 17:27:00', '50041c7f-d881-4fab-8736-5a28bde6b990');
INSERT INTO `craft_elements` (`id`, `type`, `enabled`, `archived`, `dateCreated`, `dateUpdated`, `uid`) VALUES ('193', 'Asset', '1', '0', '2015-03-13 16:46:40', '2015-03-13 16:48:22', 'ff8c0cb6-0b49-495b-8830-1823bc2e3081');
INSERT INTO `craft_elements` (`id`, `type`, `enabled`, `archived`, `dateCreated`, `dateUpdated`, `uid`) VALUES ('220', 'Asset', '1', '0', '2015-03-19 14:51:44', '2015-03-19 14:51:44', '6d1188eb-ef29-4728-8ff6-5f95b1657a82');
INSERT INTO `craft_elements` (`id`, `type`, `enabled`, `archived`, `dateCreated`, `dateUpdated`, `uid`) VALUES ('221', 'Asset', '1', '0', '2015-03-19 14:56:06', '2015-03-19 14:56:06', '77799b8e-c849-44d8-a19f-4bc7084b77b8');
INSERT INTO `craft_elements` (`id`, `type`, `enabled`, `archived`, `dateCreated`, `dateUpdated`, `uid`) VALUES ('222', 'Asset', '1', '0', '2015-03-19 14:57:35', '2015-03-19 14:57:35', '33445055-2247-418f-9443-d654d077595e');
INSERT INTO `craft_elements` (`id`, `type`, `enabled`, `archived`, `dateCreated`, `dateUpdated`, `uid`) VALUES ('223', 'Asset', '1', '0', '2015-03-19 16:59:33', '2015-03-19 16:59:33', '5a5048f0-97f1-4cd0-bc1d-65f56d34ed26');
INSERT INTO `craft_elements` (`id`, `type`, `enabled`, `archived`, `dateCreated`, `dateUpdated`, `uid`) VALUES ('224', 'Asset', '1', '0', '2015-03-19 16:59:34', '2015-03-19 16:59:34', '47aaefda-e796-4fb1-a2ae-1dbceef9d10c');
INSERT INTO `craft_elements` (`id`, `type`, `enabled`, `archived`, `dateCreated`, `dateUpdated`, `uid`) VALUES ('225', 'Asset', '1', '0', '2015-03-19 16:59:35', '2015-03-19 16:59:35', '3159df5a-65a6-48bf-bbe3-35616ec76508');
INSERT INTO `craft_elements` (`id`, `type`, `enabled`, `archived`, `dateCreated`, `dateUpdated`, `uid`) VALUES ('227', 'MatrixBlock', '1', '0', '2015-03-20 21:09:15', '2015-03-30 02:18:31', '6143cdea-81ce-4785-8010-d213ec3f59fc');
INSERT INTO `craft_elements` (`id`, `type`, `enabled`, `archived`, `dateCreated`, `dateUpdated`, `uid`) VALUES ('229', 'MatrixBlock', '1', '0', '2015-03-20 21:33:04', '2015-03-30 02:18:31', '492957b0-6bee-42a5-bb75-f47708a89fb9');
INSERT INTO `craft_elements` (`id`, `type`, `enabled`, `archived`, `dateCreated`, `dateUpdated`, `uid`) VALUES ('230', 'MatrixBlock', '1', '0', '2015-03-20 21:33:04', '2015-03-30 02:18:31', 'c627d16a-442f-47e6-a9f8-e59949c8a9cc');
INSERT INTO `craft_elements` (`id`, `type`, `enabled`, `archived`, `dateCreated`, `dateUpdated`, `uid`) VALUES ('231', 'MatrixBlock', '1', '0', '2015-03-21 22:04:55', '2015-03-30 02:18:31', '0d026892-00d7-4689-814d-4191c77f4220');
INSERT INTO `craft_elements` (`id`, `type`, `enabled`, `archived`, `dateCreated`, `dateUpdated`, `uid`) VALUES ('232', 'Asset', '1', '0', '2015-03-21 22:17:06', '2015-03-21 22:17:06', 'a5b9ad41-f0b1-4558-b827-9d1d0c631c08');
INSERT INTO `craft_elements` (`id`, `type`, `enabled`, `archived`, `dateCreated`, `dateUpdated`, `uid`) VALUES ('233', 'Asset', '1', '0', '2015-03-21 22:17:07', '2015-03-21 22:17:07', '9b3622fe-1595-47ef-8bd1-1b9406f2e38e');
INSERT INTO `craft_elements` (`id`, `type`, `enabled`, `archived`, `dateCreated`, `dateUpdated`, `uid`) VALUES ('235', 'MatrixBlock', '1', '0', '2015-03-21 22:19:28', '2015-03-30 02:30:16', '37e2938a-b1ac-484a-a625-3e23be262487');
INSERT INTO `craft_elements` (`id`, `type`, `enabled`, `archived`, `dateCreated`, `dateUpdated`, `uid`) VALUES ('236', 'MatrixBlock', '1', '0', '2015-03-21 22:19:28', '2015-03-30 02:30:16', '51a481bc-c13c-449a-997f-5e6fe75550fe');
INSERT INTO `craft_elements` (`id`, `type`, `enabled`, `archived`, `dateCreated`, `dateUpdated`, `uid`) VALUES ('237', 'Asset', '1', '0', '2015-03-21 23:30:13', '2015-03-21 23:30:13', '44399666-ef0c-48b3-af1c-60bc8277243c');
INSERT INTO `craft_elements` (`id`, `type`, `enabled`, `archived`, `dateCreated`, `dateUpdated`, `uid`) VALUES ('238', 'Asset', '1', '0', '2015-03-21 23:40:30', '2015-03-21 23:54:10', '9eb16226-0933-4bf0-a01e-b7cb41395b9a');
INSERT INTO `craft_elements` (`id`, `type`, `enabled`, `archived`, `dateCreated`, `dateUpdated`, `uid`) VALUES ('239', 'Asset', '1', '0', '2015-03-22 21:46:56', '2015-03-22 21:46:56', 'a34da4bf-dffe-415d-9e75-a56a137d418a');
INSERT INTO `craft_elements` (`id`, `type`, `enabled`, `archived`, `dateCreated`, `dateUpdated`, `uid`) VALUES ('240', 'Asset', '1', '0', '2015-03-22 21:46:58', '2015-03-22 21:46:58', '455d8773-f8b3-4770-a5ef-e74367dfa6cf');
INSERT INTO `craft_elements` (`id`, `type`, `enabled`, `archived`, `dateCreated`, `dateUpdated`, `uid`) VALUES ('241', 'Asset', '1', '0', '2015-03-22 21:46:59', '2015-03-22 21:46:59', '68024540-f591-4c6a-b75f-f1f8a6ebacec');
INSERT INTO `craft_elements` (`id`, `type`, `enabled`, `archived`, `dateCreated`, `dateUpdated`, `uid`) VALUES ('242', 'MatrixBlock', '1', '0', '2015-03-22 21:47:09', '2015-03-30 02:49:30', '8feee52f-e665-4927-95df-e18f8179d43c');
INSERT INTO `craft_elements` (`id`, `type`, `enabled`, `archived`, `dateCreated`, `dateUpdated`, `uid`) VALUES ('243', 'Asset', '1', '0', '2015-03-22 21:48:11', '2015-03-22 21:48:11', 'ebe8a5bd-2093-4a2b-9b7c-e674fcaff9fd');
INSERT INTO `craft_elements` (`id`, `type`, `enabled`, `archived`, `dateCreated`, `dateUpdated`, `uid`) VALUES ('244', 'Asset', '1', '0', '2015-03-22 21:48:13', '2015-03-22 21:48:13', '1e924242-8fde-439b-8902-a470981007f4');
INSERT INTO `craft_elements` (`id`, `type`, `enabled`, `archived`, `dateCreated`, `dateUpdated`, `uid`) VALUES ('245', 'Asset', '1', '0', '2015-03-22 21:48:16', '2015-03-22 21:48:16', '854fb359-485d-45f0-be20-8e3816794c26');
INSERT INTO `craft_elements` (`id`, `type`, `enabled`, `archived`, `dateCreated`, `dateUpdated`, `uid`) VALUES ('246', 'MatrixBlock', '1', '0', '2015-03-22 21:48:28', '2015-03-30 02:49:29', '6075444b-3044-4d3d-b436-3cd13ae1109a');
INSERT INTO `craft_elements` (`id`, `type`, `enabled`, `archived`, `dateCreated`, `dateUpdated`, `uid`) VALUES ('247', 'Asset', '1', '0', '2015-03-22 21:53:10', '2015-03-30 02:23:44', '3e4cacee-4043-4996-a97c-26d3135bd419');
INSERT INTO `craft_elements` (`id`, `type`, `enabled`, `archived`, `dateCreated`, `dateUpdated`, `uid`) VALUES ('248', 'Asset', '1', '0', '2015-03-22 21:53:11', '2015-03-30 02:23:44', '5c15d442-3760-4bbb-a603-57dec12ed473');
INSERT INTO `craft_elements` (`id`, `type`, `enabled`, `archived`, `dateCreated`, `dateUpdated`, `uid`) VALUES ('249', 'Asset', '1', '0', '2015-03-22 21:53:13', '2015-03-30 02:23:45', '82fcc5dc-5d41-4691-857d-d52f69a79a87');
INSERT INTO `craft_elements` (`id`, `type`, `enabled`, `archived`, `dateCreated`, `dateUpdated`, `uid`) VALUES ('253', 'MatrixBlock', '1', '0', '2015-03-22 21:54:35', '2015-03-30 02:31:20', '21e8121c-de62-406f-b00e-0c033bb1958d');
INSERT INTO `craft_elements` (`id`, `type`, `enabled`, `archived`, `dateCreated`, `dateUpdated`, `uid`) VALUES ('254', 'MatrixBlock', '1', '0', '2015-03-22 21:54:35', '2015-03-30 02:31:20', '318d8dec-3eb5-4a9a-92e7-684b3dc9932a');
INSERT INTO `craft_elements` (`id`, `type`, `enabled`, `archived`, `dateCreated`, `dateUpdated`, `uid`) VALUES ('258', 'MatrixBlock', '1', '0', '2015-03-22 22:02:59', '2015-03-30 03:20:32', '726a4206-2daf-474c-ada4-ab4d60acbc21');
INSERT INTO `craft_elements` (`id`, `type`, `enabled`, `archived`, `dateCreated`, `dateUpdated`, `uid`) VALUES ('260', 'Asset', '1', '0', '2015-03-22 22:11:46', '2015-03-22 22:11:46', 'd5edae69-f004-4c1e-a847-4b6eb895b8e5');
INSERT INTO `craft_elements` (`id`, `type`, `enabled`, `archived`, `dateCreated`, `dateUpdated`, `uid`) VALUES ('261', 'Asset', '1', '0', '2015-03-22 22:11:48', '2015-03-22 22:11:48', 'dc94ecd9-2c2a-41a0-a300-f37a3c5abd2b');
INSERT INTO `craft_elements` (`id`, `type`, `enabled`, `archived`, `dateCreated`, `dateUpdated`, `uid`) VALUES ('262', 'Asset', '1', '0', '2015-03-22 22:11:58', '2015-03-23 01:45:08', 'd72b0b71-05ea-45af-b02e-40b9eb835bdd');
INSERT INTO `craft_elements` (`id`, `type`, `enabled`, `archived`, `dateCreated`, `dateUpdated`, `uid`) VALUES ('263', 'Asset', '1', '0', '2015-03-22 22:11:59', '2015-03-22 22:11:59', 'd5cc9c88-241e-4ea7-a5bf-212acabf5180');
INSERT INTO `craft_elements` (`id`, `type`, `enabled`, `archived`, `dateCreated`, `dateUpdated`, `uid`) VALUES ('264', 'Asset', '1', '0', '2015-03-22 22:12:00', '2015-03-22 22:12:00', '37455ea9-f7a1-4aab-b27e-2a22caf2ea58');
INSERT INTO `craft_elements` (`id`, `type`, `enabled`, `archived`, `dateCreated`, `dateUpdated`, `uid`) VALUES ('265', 'MatrixBlock', '1', '0', '2015-03-22 22:12:54', '2015-03-30 03:20:32', '3ca26027-4c8d-483e-8ec3-63d4ee4babbb');
INSERT INTO `craft_elements` (`id`, `type`, `enabled`, `archived`, `dateCreated`, `dateUpdated`, `uid`) VALUES ('266', 'MatrixBlock', '1', '0', '2015-03-22 22:12:55', '2015-03-30 03:20:32', '5fcb8608-a2ba-471c-83cb-2af03232f305');
INSERT INTO `craft_elements` (`id`, `type`, `enabled`, `archived`, `dateCreated`, `dateUpdated`, `uid`) VALUES ('267', 'MatrixBlock', '1', '0', '2015-03-22 22:12:55', '2015-03-30 03:20:32', '6ed502ca-4711-45b9-924b-a84e603e6fae');
INSERT INTO `craft_elements` (`id`, `type`, `enabled`, `archived`, `dateCreated`, `dateUpdated`, `uid`) VALUES ('269', 'Asset', '1', '0', '2015-03-23 01:52:07', '2015-03-23 01:52:07', '4ff088ba-c953-4f04-9907-6c222529d172');
INSERT INTO `craft_elements` (`id`, `type`, `enabled`, `archived`, `dateCreated`, `dateUpdated`, `uid`) VALUES ('270', 'Asset', '1', '0', '2015-03-23 01:52:08', '2015-03-23 01:52:08', '5e4c03b6-7ffd-4c74-8219-5dfe08e844b9');
INSERT INTO `craft_elements` (`id`, `type`, `enabled`, `archived`, `dateCreated`, `dateUpdated`, `uid`) VALUES ('271', 'Asset', '1', '0', '2015-03-23 01:52:09', '2015-03-23 01:52:09', '7897e566-fcfa-4786-ba38-c8d6d8e9967b');
INSERT INTO `craft_elements` (`id`, `type`, `enabled`, `archived`, `dateCreated`, `dateUpdated`, `uid`) VALUES ('276', 'Asset', '1', '0', '2015-03-23 02:39:58', '2015-03-23 02:39:58', '057ac635-218a-4fbe-b376-2c9a5dfaeda8');
INSERT INTO `craft_elements` (`id`, `type`, `enabled`, `archived`, `dateCreated`, `dateUpdated`, `uid`) VALUES ('277', 'Asset', '1', '0', '2015-03-23 02:40:08', '2015-03-23 02:40:08', '636f5272-c963-4321-b06a-b0ce393737e5');
INSERT INTO `craft_elements` (`id`, `type`, `enabled`, `archived`, `dateCreated`, `dateUpdated`, `uid`) VALUES ('278', 'Asset', '1', '0', '2015-03-23 02:40:11', '2015-03-23 02:42:39', '94e7d45f-b94b-452c-afdf-72947be27cb1');
INSERT INTO `craft_elements` (`id`, `type`, `enabled`, `archived`, `dateCreated`, `dateUpdated`, `uid`) VALUES ('279', 'Asset', '1', '0', '2015-03-23 02:40:13', '2015-03-23 02:42:27', '4e6e009d-109e-4935-bf13-100d8e524787');
INSERT INTO `craft_elements` (`id`, `type`, `enabled`, `archived`, `dateCreated`, `dateUpdated`, `uid`) VALUES ('282', 'Asset', '1', '0', '2015-03-23 03:23:04', '2015-03-26 00:38:27', '8d98806f-5564-42f4-8768-7d87b2705601');
INSERT INTO `craft_elements` (`id`, `type`, `enabled`, `archived`, `dateCreated`, `dateUpdated`, `uid`) VALUES ('283', 'Asset', '1', '0', '2015-03-23 03:23:06', '2015-03-26 00:32:10', '9a4ef416-2430-4cb7-93b2-6b48b018ae69');
INSERT INTO `craft_elements` (`id`, `type`, `enabled`, `archived`, `dateCreated`, `dateUpdated`, `uid`) VALUES ('284', 'Asset', '1', '0', '2015-03-23 03:23:08', '2015-03-23 03:23:08', '009d1598-c638-4a77-b7ff-449b60910a9e');
INSERT INTO `craft_elements` (`id`, `type`, `enabled`, `archived`, `dateCreated`, `dateUpdated`, `uid`) VALUES ('285', 'Asset', '1', '0', '2015-03-23 03:23:10', '2015-03-23 03:23:10', '1f3f3f0a-169c-4a4b-ae2f-218dc7f66896');
INSERT INTO `craft_elements` (`id`, `type`, `enabled`, `archived`, `dateCreated`, `dateUpdated`, `uid`) VALUES ('286', 'Asset', '1', '0', '2015-03-23 03:23:11', '2015-03-23 03:23:11', '9c0d52d0-f65b-4d4c-9c7e-746672c1fae3');
INSERT INTO `craft_elements` (`id`, `type`, `enabled`, `archived`, `dateCreated`, `dateUpdated`, `uid`) VALUES ('287', 'Asset', '1', '0', '2015-03-23 03:23:13', '2015-03-23 03:23:13', 'a7660807-739a-4b2f-9da9-03d0944446f7');
INSERT INTO `craft_elements` (`id`, `type`, `enabled`, `archived`, `dateCreated`, `dateUpdated`, `uid`) VALUES ('288', 'Asset', '1', '0', '2015-03-23 03:23:15', '2015-03-23 03:23:15', 'c96785c5-55d5-4e90-868e-4bbf70cd52a0');
INSERT INTO `craft_elements` (`id`, `type`, `enabled`, `archived`, `dateCreated`, `dateUpdated`, `uid`) VALUES ('289', 'MatrixBlock', '1', '0', '2015-03-23 03:25:27', '2015-03-30 02:47:30', '494568fc-d409-4fbd-98d3-d1a8748ee415');
INSERT INTO `craft_elements` (`id`, `type`, `enabled`, `archived`, `dateCreated`, `dateUpdated`, `uid`) VALUES ('290', 'MatrixBlock', '1', '0', '2015-03-23 03:25:27', '2015-03-30 02:47:30', '824d6284-7f8f-4eb0-a025-30a1dcef5ba3');
INSERT INTO `craft_elements` (`id`, `type`, `enabled`, `archived`, `dateCreated`, `dateUpdated`, `uid`) VALUES ('291', 'MatrixBlock', '1', '0', '2015-03-23 03:25:27', '2015-03-30 02:47:30', '0a031f08-0af7-4d28-aa4f-b40ae66fd1bb');
INSERT INTO `craft_elements` (`id`, `type`, `enabled`, `archived`, `dateCreated`, `dateUpdated`, `uid`) VALUES ('292', 'MatrixBlock', '1', '0', '2015-03-23 03:25:27', '2015-03-30 02:47:30', '8e5fe572-c43e-4b79-93aa-96a0dd81cb21');
INSERT INTO `craft_elements` (`id`, `type`, `enabled`, `archived`, `dateCreated`, `dateUpdated`, `uid`) VALUES ('298', 'MatrixBlock', '1', '0', '2015-03-23 03:37:21', '2015-03-30 02:44:05', 'ab36711c-1a9c-4c8c-9a80-65bcd7b26f67');
INSERT INTO `craft_elements` (`id`, `type`, `enabled`, `archived`, `dateCreated`, `dateUpdated`, `uid`) VALUES ('299', 'MatrixBlock', '1', '0', '2015-03-23 03:37:21', '2015-03-30 02:44:05', '4c239445-0679-4f08-9863-e6c54f82eec0');
INSERT INTO `craft_elements` (`id`, `type`, `enabled`, `archived`, `dateCreated`, `dateUpdated`, `uid`) VALUES ('301', 'MatrixBlock', '1', '0', '2015-03-23 03:37:21', '2015-03-30 02:44:05', '5cb072d0-5757-4e9b-993f-6cd5b2134207');
INSERT INTO `craft_elements` (`id`, `type`, `enabled`, `archived`, `dateCreated`, `dateUpdated`, `uid`) VALUES ('304', 'Asset', '1', '0', '2015-03-23 03:53:12', '2015-03-23 03:53:12', '40039113-8ada-44c2-9cbc-43764cb02abf');
INSERT INTO `craft_elements` (`id`, `type`, `enabled`, `archived`, `dateCreated`, `dateUpdated`, `uid`) VALUES ('305', 'Asset', '1', '0', '2015-03-23 03:53:15', '2015-03-27 23:02:27', '3d5efb2d-cf18-4a4b-bce7-7dd90a0189d9');
INSERT INTO `craft_elements` (`id`, `type`, `enabled`, `archived`, `dateCreated`, `dateUpdated`, `uid`) VALUES ('306', 'Asset', '1', '0', '2015-03-23 03:53:16', '2015-03-23 03:53:34', 'cdf611ea-d218-4ea6-8143-9077f2ad648f');
INSERT INTO `craft_elements` (`id`, `type`, `enabled`, `archived`, `dateCreated`, `dateUpdated`, `uid`) VALUES ('308', 'Asset', '1', '0', '2015-03-23 03:53:27', '2015-03-23 03:53:27', '0d83627a-f36a-4fa9-949e-ada7a81c42e3');
INSERT INTO `craft_elements` (`id`, `type`, `enabled`, `archived`, `dateCreated`, `dateUpdated`, `uid`) VALUES ('309', 'Asset', '1', '0', '2015-03-23 03:53:28', '2015-03-23 03:53:28', '06e92dc3-2b4b-4496-858a-2cf1a91d7695');
INSERT INTO `craft_elements` (`id`, `type`, `enabled`, `archived`, `dateCreated`, `dateUpdated`, `uid`) VALUES ('310', 'Asset', '1', '0', '2015-03-23 03:53:31', '2015-03-27 23:02:26', 'bdff7cfa-5451-48bf-a322-5b3ff31c45b0');
INSERT INTO `craft_elements` (`id`, `type`, `enabled`, `archived`, `dateCreated`, `dateUpdated`, `uid`) VALUES ('311', 'Asset', '1', '0', '2015-03-23 03:54:18', '2015-03-23 03:54:18', '881a4331-7d05-472d-9745-39cf5e198533');
INSERT INTO `craft_elements` (`id`, `type`, `enabled`, `archived`, `dateCreated`, `dateUpdated`, `uid`) VALUES ('315', 'Asset', '1', '0', '2015-03-26 01:34:03', '2015-03-26 01:34:03', 'd51ea959-e2dc-40bb-b246-72174e24a335');
INSERT INTO `craft_elements` (`id`, `type`, `enabled`, `archived`, `dateCreated`, `dateUpdated`, `uid`) VALUES ('316', 'Asset', '1', '0', '2015-03-26 01:34:16', '2015-03-26 01:34:16', '2b6a112b-e201-408f-b9e2-03dcb42c6b02');
INSERT INTO `craft_elements` (`id`, `type`, `enabled`, `archived`, `dateCreated`, `dateUpdated`, `uid`) VALUES ('317', 'MatrixBlock', '1', '0', '2015-03-26 01:34:40', '2015-03-30 03:36:34', '6e2f037b-4794-46ba-b7b9-54de66921cfc');
INSERT INTO `craft_elements` (`id`, `type`, `enabled`, `archived`, `dateCreated`, `dateUpdated`, `uid`) VALUES ('319', 'MatrixBlock', '1', '0', '2015-03-26 02:34:29', '2015-03-30 03:15:10', '3e3a2cab-47e4-4167-826b-5084e342ebcf');
INSERT INTO `craft_elements` (`id`, `type`, `enabled`, `archived`, `dateCreated`, `dateUpdated`, `uid`) VALUES ('320', 'Asset', '1', '0', '2015-03-26 02:39:06', '2015-03-26 02:39:06', 'e1f8eba3-133c-45f0-9f5f-356418871e64');
INSERT INTO `craft_elements` (`id`, `type`, `enabled`, `archived`, `dateCreated`, `dateUpdated`, `uid`) VALUES ('321', 'Asset', '1', '0', '2015-03-26 02:45:35', '2015-03-26 02:45:35', '9be9a1af-4afb-472f-9bf8-60849f3de429');
INSERT INTO `craft_elements` (`id`, `type`, `enabled`, `archived`, `dateCreated`, `dateUpdated`, `uid`) VALUES ('322', 'Asset', '1', '0', '2015-03-26 02:45:36', '2015-03-26 02:45:36', '71b8fd96-8b9e-4546-99b4-151a94d26ede');
INSERT INTO `craft_elements` (`id`, `type`, `enabled`, `archived`, `dateCreated`, `dateUpdated`, `uid`) VALUES ('323', 'Asset', '1', '0', '2015-03-26 02:45:38', '2015-03-26 02:45:38', '0bb4ca02-cfd0-4fe2-af25-f2c519a99ca9');
INSERT INTO `craft_elements` (`id`, `type`, `enabled`, `archived`, `dateCreated`, `dateUpdated`, `uid`) VALUES ('324', 'Asset', '1', '0', '2015-03-26 02:47:34', '2015-03-26 02:47:34', 'db2029ca-05b5-44d9-87bf-4d95abda96ce');
INSERT INTO `craft_elements` (`id`, `type`, `enabled`, `archived`, `dateCreated`, `dateUpdated`, `uid`) VALUES ('325', 'Asset', '1', '0', '2015-03-26 02:47:36', '2015-03-26 02:47:36', '8fb15e10-89d3-4728-8c4a-7dee0fb0f90f');
INSERT INTO `craft_elements` (`id`, `type`, `enabled`, `archived`, `dateCreated`, `dateUpdated`, `uid`) VALUES ('326', 'Asset', '1', '0', '2015-03-26 02:47:37', '2015-03-26 02:47:37', '67063182-1ce0-4db9-811e-81617a00f157');
INSERT INTO `craft_elements` (`id`, `type`, `enabled`, `archived`, `dateCreated`, `dateUpdated`, `uid`) VALUES ('327', 'MatrixBlock', '1', '0', '2015-03-26 02:48:10', '2015-03-30 03:15:10', '1a214b26-2316-4f68-ab3d-0b08e542b312');
INSERT INTO `craft_elements` (`id`, `type`, `enabled`, `archived`, `dateCreated`, `dateUpdated`, `uid`) VALUES ('330', 'MatrixBlock', '1', '0', '2015-03-26 02:53:51', '2015-03-30 03:15:10', '39ecbf1e-0362-450e-9790-0318ce46c49c');
INSERT INTO `craft_elements` (`id`, `type`, `enabled`, `archived`, `dateCreated`, `dateUpdated`, `uid`) VALUES ('338', 'MatrixBlock', '1', '0', '2015-03-26 03:01:55', '2015-03-30 03:15:10', '284b00ba-f0f1-4dad-9e08-a16cd92672d9');
INSERT INTO `craft_elements` (`id`, `type`, `enabled`, `archived`, `dateCreated`, `dateUpdated`, `uid`) VALUES ('339', 'Asset', '1', '0', '2015-03-26 03:24:21', '2015-03-26 03:24:21', '32a58472-f2ef-4ce3-a18a-599228de4776');
INSERT INTO `craft_elements` (`id`, `type`, `enabled`, `archived`, `dateCreated`, `dateUpdated`, `uid`) VALUES ('340', 'Asset', '1', '0', '2015-03-26 03:24:26', '2015-03-26 03:24:26', 'cd8ad22c-d547-4448-a753-d9be3949e688');
INSERT INTO `craft_elements` (`id`, `type`, `enabled`, `archived`, `dateCreated`, `dateUpdated`, `uid`) VALUES ('341', 'Asset', '1', '0', '2015-03-26 03:24:30', '2015-03-26 03:24:30', '834675f5-e5f8-4181-944b-bba8d357f11b');
INSERT INTO `craft_elements` (`id`, `type`, `enabled`, `archived`, `dateCreated`, `dateUpdated`, `uid`) VALUES ('342', 'MatrixBlock', '1', '0', '2015-03-26 03:25:35', '2015-03-30 03:15:10', 'e346a8db-1eff-4ef1-a96e-daa72bcff9b7');
INSERT INTO `craft_elements` (`id`, `type`, `enabled`, `archived`, `dateCreated`, `dateUpdated`, `uid`) VALUES ('350', 'Asset', '1', '0', '2015-03-30 01:05:52', '2015-03-30 02:47:24', 'eb44e5ce-452d-4005-b6b9-c4e6b0e543c3');
INSERT INTO `craft_elements` (`id`, `type`, `enabled`, `archived`, `dateCreated`, `dateUpdated`, `uid`) VALUES ('352', 'Asset', '1', '0', '2015-03-30 01:06:19', '2015-03-30 01:06:19', 'f8ff2af2-cb7b-4e9a-a071-77634cc08435');
INSERT INTO `craft_elements` (`id`, `type`, `enabled`, `archived`, `dateCreated`, `dateUpdated`, `uid`) VALUES ('353', 'Asset', '1', '0', '2015-03-30 01:07:09', '2015-03-30 01:07:09', 'f4279b20-dbde-40ba-a440-5e5966b52a69');
INSERT INTO `craft_elements` (`id`, `type`, `enabled`, `archived`, `dateCreated`, `dateUpdated`, `uid`) VALUES ('355', 'Asset', '1', '0', '2015-03-30 01:11:34', '2015-03-30 01:11:34', '0742edba-14b3-425c-bf83-e04f0b44f02d');
INSERT INTO `craft_elements` (`id`, `type`, `enabled`, `archived`, `dateCreated`, `dateUpdated`, `uid`) VALUES ('356', 'Asset', '1', '0', '2015-03-30 01:26:06', '2015-03-30 02:03:48', 'ae5f14f4-31df-4ec0-91bd-26f01e603106');
INSERT INTO `craft_elements` (`id`, `type`, `enabled`, `archived`, `dateCreated`, `dateUpdated`, `uid`) VALUES ('359', 'Asset', '1', '0', '2015-03-30 02:09:06', '2015-03-30 02:30:11', 'a42b56f5-645f-4271-b1a9-4eee24b52c84');
INSERT INTO `craft_elements` (`id`, `type`, `enabled`, `archived`, `dateCreated`, `dateUpdated`, `uid`) VALUES ('360', 'Asset', '1', '0', '2015-03-30 02:14:13', '2015-03-30 02:34:38', 'fe3b3914-5e4e-4e36-8e8d-f1a304de0c04');
INSERT INTO `craft_elements` (`id`, `type`, `enabled`, `archived`, `dateCreated`, `dateUpdated`, `uid`) VALUES ('362', 'Asset', '1', '0', '2015-03-30 02:23:11', '2015-03-30 02:23:11', 'ddbabf08-3284-46da-9446-75c2e8e01c33');
INSERT INTO `craft_elements` (`id`, `type`, `enabled`, `archived`, `dateCreated`, `dateUpdated`, `uid`) VALUES ('366', 'Asset', '1', '0', '2015-03-30 02:31:15', '2015-03-30 02:31:15', '40eef62c-05b3-468b-af26-531b6cf76351');
INSERT INTO `craft_elements` (`id`, `type`, `enabled`, `archived`, `dateCreated`, `dateUpdated`, `uid`) VALUES ('368', 'Asset', '1', '0', '2015-03-30 02:41:03', '2015-03-30 02:44:00', 'ab4a27ca-91c7-4715-b00d-4de817097f20');
INSERT INTO `craft_elements` (`id`, `type`, `enabled`, `archived`, `dateCreated`, `dateUpdated`, `uid`) VALUES ('372', 'Asset', '1', '0', '2015-03-30 02:49:26', '2015-03-30 02:49:26', '10790094-57ee-45d8-a323-9e816438679e');
INSERT INTO `craft_elements` (`id`, `type`, `enabled`, `archived`, `dateCreated`, `dateUpdated`, `uid`) VALUES ('373', 'Asset', '1', '0', '2015-03-30 03:15:05', '2015-03-30 03:15:05', 'd7e8ded2-49fa-465a-ba4e-416820c53722');
INSERT INTO `craft_elements` (`id`, `type`, `enabled`, `archived`, `dateCreated`, `dateUpdated`, `uid`) VALUES ('375', 'Asset', '1', '0', '2015-03-30 03:20:29', '2015-03-30 03:20:29', 'fdfbcba0-edd8-4f7c-b17d-0a5c27f431d4');
INSERT INTO `craft_elements` (`id`, `type`, `enabled`, `archived`, `dateCreated`, `dateUpdated`, `uid`) VALUES ('376', 'Asset', '1', '0', '2015-03-30 03:24:53', '2015-03-30 03:36:31', 'e080fdf6-8628-4430-a6c1-744f59cd9ae2');
INSERT INTO `craft_elements` (`id`, `type`, `enabled`, `archived`, `dateCreated`, `dateUpdated`, `uid`) VALUES ('377', 'Asset', '1', '0', '2015-04-30 14:39:35', '2015-04-30 14:39:35', '0bcf1c2c-322a-426c-bee6-edd728e6ebd3');



DROP TABLE IF EXISTS `craft_elements_i18n`;


--
-- Schema for table `craft_elements_i18n`
--
CREATE TABLE `craft_elements_i18n` (
  `id` int(11) NOT NULL AUTO_INCREMENT,
  `elementId` int(11) NOT NULL,
  `locale` char(12) COLLATE utf8_unicode_ci NOT NULL,
  `slug` varchar(255) COLLATE utf8_unicode_ci DEFAULT NULL,
  `uri` varchar(255) COLLATE utf8_unicode_ci DEFAULT NULL,
  `enabled` tinyint(1) unsigned NOT NULL DEFAULT '1',
  `dateCreated` datetime NOT NULL,
  `dateUpdated` datetime NOT NULL,
  `uid` char(36) COLLATE utf8_unicode_ci NOT NULL DEFAULT '0',
  PRIMARY KEY (`id`),
  UNIQUE KEY `craft_elements_i18n_elementId_locale_unq_idx` (`elementId`,`locale`),
  UNIQUE KEY `craft_elements_i18n_uri_locale_unq_idx` (`uri`,`locale`),
  KEY `craft_elements_i18n_slug_locale_idx` (`slug`,`locale`),
  KEY `craft_elements_i18n_enabled_idx` (`enabled`),
  KEY `craft_elements_i18n_locale_fk` (`locale`)
) ENGINE=InnoDB AUTO_INCREMENT=378 DEFAULT CHARSET=utf8 COLLATE=utf8_unicode_ci;

--
-- Data for table `craft_elements_i18n`
--

INSERT INTO `craft_elements_i18n` (`id`, `elementId`, `locale`, `slug`, `uri`, `enabled`, `dateCreated`, `dateUpdated`, `uid`) VALUES ('1', '1', 'en_us', '', NULL, '1', '2015-02-20 22:12:57', '2015-02-20 22:12:57', '5789d4ee-9e27-4a45-b173-1fe8fa8139ff');
INSERT INTO `craft_elements_i18n` (`id`, `elementId`, `locale`, `slug`, `uri`, `enabled`, `dateCreated`, `dateUpdated`, `uid`) VALUES ('2', '2', 'en_us', 'homepage', '__home__', '1', '2015-02-20 22:13:00', '2015-02-20 22:13:00', 'f94b239b-ef6d-417f-b68f-23afa4b9406c');
INSERT INTO `craft_elements_i18n` (`id`, `elementId`, `locale`, `slug`, `uri`, `enabled`, `dateCreated`, `dateUpdated`, `uid`) VALUES ('4', '4', 'en_us', 'can-van', 'projects/can-van', '1', '2015-02-20 22:44:38', '2015-03-30 02:47:29', 'f82c1f7c-898a-4e81-b30c-2b1f96545628');
INSERT INTO `craft_elements_i18n` (`id`, `elementId`, `locale`, `slug`, `uri`, `enabled`, `dateCreated`, `dateUpdated`, `uid`) VALUES ('5', '5', 'en_us', '', NULL, '1', '2015-02-20 22:44:38', '2015-03-30 02:47:29', '1d42e16e-3b5f-498e-b986-3ae41b78b3ed');
INSERT INTO `craft_elements_i18n` (`id`, `elementId`, `locale`, `slug`, `uri`, `enabled`, `dateCreated`, `dateUpdated`, `uid`) VALUES ('6', '6', 'en_us', '', NULL, '1', '2015-02-20 22:44:38', '2015-03-30 02:47:29', '06253b91-4825-4c90-a34f-1064aa4bf3f0');
INSERT INTO `craft_elements_i18n` (`id`, `elementId`, `locale`, `slug`, `uri`, `enabled`, `dateCreated`, `dateUpdated`, `uid`) VALUES ('7', '7', 'en_us', '', NULL, '1', '2015-02-20 22:44:38', '2015-03-30 02:47:29', '66d3753d-9243-47bc-9bee-3be5a2fa3c11');
INSERT INTO `craft_elements_i18n` (`id`, `elementId`, `locale`, `slug`, `uri`, `enabled`, `dateCreated`, `dateUpdated`, `uid`) VALUES ('8', '8', 'en_us', '', NULL, '1', '2015-02-20 22:44:38', '2015-03-30 02:47:29', '2588765a-5da7-43bd-b217-2980458b8f6a');
INSERT INTO `craft_elements_i18n` (`id`, `elementId`, `locale`, `slug`, `uri`, `enabled`, `dateCreated`, `dateUpdated`, `uid`) VALUES ('9', '9', 'en_us', '', NULL, '1', '2015-02-20 22:44:38', '2015-03-30 02:47:29', '6b27c0d9-9fe7-41a2-8690-720c22265911');
INSERT INTO `craft_elements_i18n` (`id`, `elementId`, `locale`, `slug`, `uri`, `enabled`, `dateCreated`, `dateUpdated`, `uid`) VALUES ('17', '17', 'en_us', 'all-devices', NULL, '1', '2015-02-20 23:39:33', '2015-02-20 23:43:37', 'eaf85bd7-6564-4c2d-8074-1430e2f5e601');
INSERT INTO `craft_elements_i18n` (`id`, `elementId`, `locale`, `slug`, `uri`, `enabled`, `dateCreated`, `dateUpdated`, `uid`) VALUES ('18', '18', 'en_us', 'ed-image-web-cropped', NULL, '1', '2015-02-20 23:39:34', '2015-02-20 23:43:39', 'd2408d75-c318-4058-aeed-24a7d2915013');
INSERT INTO `craft_elements_i18n` (`id`, `elementId`, `locale`, `slug`, `uri`, `enabled`, `dateCreated`, `dateUpdated`, `uid`) VALUES ('19', '19', 'en_us', 'all-projects', NULL, '1', '2015-02-20 23:39:34', '2015-02-20 23:43:38', 'f089d20b-5a38-49cf-9ff0-4ba46f21a550');
INSERT INTO `craft_elements_i18n` (`id`, `elementId`, `locale`, `slug`, `uri`, `enabled`, `dateCreated`, `dateUpdated`, `uid`) VALUES ('20', '20', 'en_us', 'ed-image-web-1200', NULL, '1', '2015-02-20 23:39:34', '2015-02-20 23:43:39', 'cbc60f27-fc59-4ea7-9666-0b3cd1a5fa2c');
INSERT INTO `craft_elements_i18n` (`id`, `elementId`, `locale`, `slug`, `uri`, `enabled`, `dateCreated`, `dateUpdated`, `uid`) VALUES ('21', '21', 'en_us', 'ed-image-web-nologo', NULL, '1', '2015-02-20 23:39:34', '2015-02-20 23:43:39', 'af6d3f69-229e-4f1e-bd35-f1552b1c668c');
INSERT INTO `craft_elements_i18n` (`id`, `elementId`, `locale`, `slug`, `uri`, `enabled`, `dateCreated`, `dateUpdated`, `uid`) VALUES ('22', '22', 'en_us', 'ed-image-web', NULL, '1', '2015-02-20 23:39:35', '2015-02-20 23:43:39', '2d40f8f1-860b-42dc-b6d3-e2a28acb3a0d');
INSERT INTO `craft_elements_i18n` (`id`, `elementId`, `locale`, `slug`, `uri`, `enabled`, `dateCreated`, `dateUpdated`, `uid`) VALUES ('23', '23', 'en_us', 'ed-logo-tiny', NULL, '1', '2015-02-20 23:39:35', '2015-02-20 23:43:39', '3660c087-5361-49fa-9d09-cae3070f12dd');
INSERT INTO `craft_elements_i18n` (`id`, `elementId`, `locale`, `slug`, `uri`, `enabled`, `dateCreated`, `dateUpdated`, `uid`) VALUES ('28', '28', 'en_us', 'header-logo', NULL, '1', '2015-02-20 23:39:37', '2015-02-20 23:43:40', '460256a3-35ed-4d83-aa83-a0268eaa560c');
INSERT INTO `craft_elements_i18n` (`id`, `elementId`, `locale`, `slug`, `uri`, `enabled`, `dateCreated`, `dateUpdated`, `uid`) VALUES ('29', '29', 'en_us', 'logo-banner', NULL, '1', '2015-02-20 23:39:37', '2015-02-20 23:43:41', '56e373d1-2598-49a6-8f1b-7dc538724624');
INSERT INTO `craft_elements_i18n` (`id`, `elementId`, `locale`, `slug`, `uri`, `enabled`, `dateCreated`, `dateUpdated`, `uid`) VALUES ('30', '30', 'en_us', 'logo', NULL, '1', '2015-02-20 23:39:37', '2015-02-20 23:43:41', '692a71c1-3796-4d1c-8d93-b62d8f96f3cd');
INSERT INTO `craft_elements_i18n` (`id`, `elementId`, `locale`, `slug`, `uri`, `enabled`, `dateCreated`, `dateUpdated`, `uid`) VALUES ('31', '31', 'en_us', 'masthead-2', NULL, '1', '2015-02-20 23:39:37', '2015-02-20 23:43:41', '8d54ed7c-2812-4428-a96d-19d0363205fa');
INSERT INTO `craft_elements_i18n` (`id`, `elementId`, `locale`, `slug`, `uri`, `enabled`, `dateCreated`, `dateUpdated`, `uid`) VALUES ('32', '32', 'en_us', 'masthead', NULL, '1', '2015-02-20 23:39:38', '2015-02-20 23:43:41', '696c98b8-046b-4496-8e27-8e635f2c5f76');
INSERT INTO `craft_elements_i18n` (`id`, `elementId`, `locale`, `slug`, `uri`, `enabled`, `dateCreated`, `dateUpdated`, `uid`) VALUES ('33', '33', 'en_us', 'my-logo', NULL, '1', '2015-02-20 23:39:38', '2015-02-20 23:43:41', 'dc97df3e-1a1b-4bf8-b4b0-b09f770726be');
INSERT INTO `craft_elements_i18n` (`id`, `elementId`, `locale`, `slug`, `uri`, `enabled`, `dateCreated`, `dateUpdated`, `uid`) VALUES ('34', '34', 'en_us', 'my-logo', NULL, '1', '2015-02-20 23:39:38', '2015-02-20 23:43:42', 'e32b8e63-3757-42df-a582-59c6650b8ee7');
INSERT INTO `craft_elements_i18n` (`id`, `elementId`, `locale`, `slug`, `uri`, `enabled`, `dateCreated`, `dateUpdated`, `uid`) VALUES ('35', '35', 'en_us', 'dribbble', NULL, '1', '2015-02-20 23:39:38', '2015-02-20 23:43:42', '71556267-1c9c-4697-8da9-5febc29dd669');
INSERT INTO `craft_elements_i18n` (`id`, `elementId`, `locale`, `slug`, `uri`, `enabled`, `dateCreated`, `dateUpdated`, `uid`) VALUES ('36', '36', 'en_us', 'insta', NULL, '1', '2015-02-20 23:39:38', '2015-02-20 23:43:42', '19ce512f-b4a5-4524-b64e-0cd5535be37b');
INSERT INTO `craft_elements_i18n` (`id`, `elementId`, `locale`, `slug`, `uri`, `enabled`, `dateCreated`, `dateUpdated`, `uid`) VALUES ('37', '37', 'en_us', 'linkedin', NULL, '1', '2015-02-20 23:39:39', '2015-02-20 23:43:42', '78908071-ced7-4a56-b8a7-9b368899d8aa');
INSERT INTO `craft_elements_i18n` (`id`, `elementId`, `locale`, `slug`, `uri`, `enabled`, `dateCreated`, `dateUpdated`, `uid`) VALUES ('38', '38', 'en_us', 'twitter', NULL, '1', '2015-02-20 23:39:39', '2015-02-20 23:43:42', 'b3eb6428-4dca-4a3f-9f2b-257e0c05d13e');
INSERT INTO `craft_elements_i18n` (`id`, `elementId`, `locale`, `slug`, `uri`, `enabled`, `dateCreated`, `dateUpdated`, `uid`) VALUES ('41', '41', 'en_us', 'canvan-1', NULL, '1', '2015-02-20 23:41:44', '2015-03-21 22:22:18', 'a362926d-1759-4073-b395-8c7c2d2bd45c');
INSERT INTO `craft_elements_i18n` (`id`, `elementId`, `locale`, `slug`, `uri`, `enabled`, `dateCreated`, `dateUpdated`, `uid`) VALUES ('45', '45', 'en_us', 'hero', NULL, '1', '2015-02-21 00:49:25', '2015-02-21 00:49:26', 'd9291ba9-0d37-4cb8-8475-2d673706559e');
INSERT INTO `craft_elements_i18n` (`id`, `elementId`, `locale`, `slug`, `uri`, `enabled`, `dateCreated`, `dateUpdated`, `uid`) VALUES ('46', '46', 'en_us', 'life-fit', 'projects/life-fit', '1', '2015-02-21 16:23:52', '2015-03-30 03:20:32', '17e21bc6-2261-44de-80cc-2d41239b72c2');
INSERT INTO `craft_elements_i18n` (`id`, `elementId`, `locale`, `slug`, `uri`, `enabled`, `dateCreated`, `dateUpdated`, `uid`) VALUES ('47', '47', 'en_us', '', NULL, '1', '2015-02-21 16:23:52', '2015-03-30 03:20:32', 'a5777c4c-fa2f-4c42-b01e-3f5a5f2e92e1');
INSERT INTO `craft_elements_i18n` (`id`, `elementId`, `locale`, `slug`, `uri`, `enabled`, `dateCreated`, `dateUpdated`, `uid`) VALUES ('48', '48', 'en_us', '', NULL, '1', '2015-02-21 16:23:52', '2015-03-30 03:20:32', 'bb34afd5-ba7b-4dfa-aa51-773f22dc2ff6');
INSERT INTO `craft_elements_i18n` (`id`, `elementId`, `locale`, `slug`, `uri`, `enabled`, `dateCreated`, `dateUpdated`, `uid`) VALUES ('49', '49', 'en_us', '', NULL, '1', '2015-02-21 16:23:52', '2015-03-30 03:20:32', 'a4396abd-b5ef-4b51-bf07-9d468d1d2412');
INSERT INTO `craft_elements_i18n` (`id`, `elementId`, `locale`, `slug`, `uri`, `enabled`, `dateCreated`, `dateUpdated`, `uid`) VALUES ('50', '50', 'en_us', '', NULL, '1', '2015-02-21 16:23:52', '2015-03-30 03:20:32', 'c9f992c7-ff13-4086-82e3-e66cca63559b');
INSERT INTO `craft_elements_i18n` (`id`, `elementId`, `locale`, `slug`, `uri`, `enabled`, `dateCreated`, `dateUpdated`, `uid`) VALUES ('51', '51', 'en_us', '', NULL, '1', '2015-02-21 16:23:52', '2015-03-30 03:20:32', 'bc7188a5-5380-4e3c-b7ff-c1d3d28796b3');
INSERT INTO `craft_elements_i18n` (`id`, `elementId`, `locale`, `slug`, `uri`, `enabled`, `dateCreated`, `dateUpdated`, `uid`) VALUES ('52', '52', 'en_us', 'unsigned', 'projects/unsigned', '1', '2015-02-21 16:24:47', '2015-03-30 03:15:10', 'a1573fb2-d9e0-4907-a556-be39a97a5c16');
INSERT INTO `craft_elements_i18n` (`id`, `elementId`, `locale`, `slug`, `uri`, `enabled`, `dateCreated`, `dateUpdated`, `uid`) VALUES ('53', '53', 'en_us', '', NULL, '1', '2015-02-21 16:24:47', '2015-03-30 03:15:10', '82665e4d-85df-4ccc-bd8f-2dfbb56fce84');
INSERT INTO `craft_elements_i18n` (`id`, `elementId`, `locale`, `slug`, `uri`, `enabled`, `dateCreated`, `dateUpdated`, `uid`) VALUES ('54', '54', 'en_us', '', NULL, '1', '2015-02-21 16:24:47', '2015-03-30 03:15:10', 'd19a6fd4-3609-4083-ab78-61186f399952');
INSERT INTO `craft_elements_i18n` (`id`, `elementId`, `locale`, `slug`, `uri`, `enabled`, `dateCreated`, `dateUpdated`, `uid`) VALUES ('55', '55', 'en_us', '', NULL, '1', '2015-02-21 16:24:47', '2015-03-30 03:15:10', '6fb3e441-f3cc-4827-bba5-3f85cb555738');
INSERT INTO `craft_elements_i18n` (`id`, `elementId`, `locale`, `slug`, `uri`, `enabled`, `dateCreated`, `dateUpdated`, `uid`) VALUES ('56', '56', 'en_us', '', NULL, '1', '2015-02-21 16:24:47', '2015-03-30 03:15:10', 'c2519187-53f1-4e8a-a499-7e7489da8168');
INSERT INTO `craft_elements_i18n` (`id`, `elementId`, `locale`, `slug`, `uri`, `enabled`, `dateCreated`, `dateUpdated`, `uid`) VALUES ('57', '57', 'en_us', '', NULL, '1', '2015-02-21 16:24:47', '2015-03-30 03:15:10', 'ceeb0d92-d92e-4648-a4fe-8adb7c469cba');
INSERT INTO `craft_elements_i18n` (`id`, `elementId`, `locale`, `slug`, `uri`, `enabled`, `dateCreated`, `dateUpdated`, `uid`) VALUES ('58', '58', 'en_us', '', NULL, '1', '2015-02-21 16:24:47', '2015-03-30 03:15:10', '66f3bf72-6399-4f98-9bf2-bf2f899d1d6b');
INSERT INTO `craft_elements_i18n` (`id`, `elementId`, `locale`, `slug`, `uri`, `enabled`, `dateCreated`, `dateUpdated`, `uid`) VALUES ('59', '59', 'en_us', 'winter-beer-festival', 'projects/winter-beer-festival', '1', '2015-02-21 16:26:49', '2015-03-30 02:44:05', '4bc9e6a3-f3e4-4cdb-bd00-14afddfabbb1');
INSERT INTO `craft_elements_i18n` (`id`, `elementId`, `locale`, `slug`, `uri`, `enabled`, `dateCreated`, `dateUpdated`, `uid`) VALUES ('60', '60', 'en_us', '', NULL, '1', '2015-02-21 16:26:49', '2015-03-30 02:44:05', '8a953d3b-2d68-415a-81e4-e024ca0a529c');
INSERT INTO `craft_elements_i18n` (`id`, `elementId`, `locale`, `slug`, `uri`, `enabled`, `dateCreated`, `dateUpdated`, `uid`) VALUES ('61', '61', 'en_us', '', NULL, '1', '2015-02-21 16:26:49', '2015-03-30 02:44:05', 'cb61edc4-048e-410f-93bb-d5c60c5903a9');
INSERT INTO `craft_elements_i18n` (`id`, `elementId`, `locale`, `slug`, `uri`, `enabled`, `dateCreated`, `dateUpdated`, `uid`) VALUES ('62', '62', 'en_us', '', NULL, '1', '2015-02-21 16:26:49', '2015-03-30 02:44:05', '0b99f518-8617-457d-b0ff-2587e6a382cb');
INSERT INTO `craft_elements_i18n` (`id`, `elementId`, `locale`, `slug`, `uri`, `enabled`, `dateCreated`, `dateUpdated`, `uid`) VALUES ('63', '63', 'en_us', '', NULL, '1', '2015-02-21 16:26:49', '2015-03-30 02:44:05', 'da0743cf-9262-47f9-b851-7c033718add2');
INSERT INTO `craft_elements_i18n` (`id`, `elementId`, `locale`, `slug`, `uri`, `enabled`, `dateCreated`, `dateUpdated`, `uid`) VALUES ('64', '64', 'en_us', '', NULL, '1', '2015-02-21 16:26:49', '2015-03-30 02:44:05', '9e8266ea-75aa-4127-81c9-5b08f230b52d');
INSERT INTO `craft_elements_i18n` (`id`, `elementId`, `locale`, `slug`, `uri`, `enabled`, `dateCreated`, `dateUpdated`, `uid`) VALUES ('65', '65', 'en_us', '', NULL, '1', '2015-02-21 16:26:49', '2015-03-30 02:44:05', '5c8025eb-90c2-47c9-92b0-60db98a7ced6');
INSERT INTO `craft_elements_i18n` (`id`, `elementId`, `locale`, `slug`, `uri`, `enabled`, `dateCreated`, `dateUpdated`, `uid`) VALUES ('66', '66', 'en_us', 'carolines-portfolio', 'projects/carolines-portfolio', '1', '2015-02-21 16:28:03', '2015-03-30 02:31:20', 'f8b3c765-014c-43a6-895c-11f8163a2acc');
INSERT INTO `craft_elements_i18n` (`id`, `elementId`, `locale`, `slug`, `uri`, `enabled`, `dateCreated`, `dateUpdated`, `uid`) VALUES ('67', '67', 'en_us', '', NULL, '1', '2015-02-21 16:28:03', '2015-03-30 02:31:20', '3b105c78-e9b0-4374-ba2a-7b3cf7abc670');
INSERT INTO `craft_elements_i18n` (`id`, `elementId`, `locale`, `slug`, `uri`, `enabled`, `dateCreated`, `dateUpdated`, `uid`) VALUES ('68', '68', 'en_us', '', NULL, '1', '2015-02-21 16:28:03', '2015-03-30 02:31:20', '6e8c092b-92d4-4fd5-9356-6d06b6dc900a');
INSERT INTO `craft_elements_i18n` (`id`, `elementId`, `locale`, `slug`, `uri`, `enabled`, `dateCreated`, `dateUpdated`, `uid`) VALUES ('69', '69', 'en_us', '', NULL, '1', '2015-02-21 16:28:03', '2015-03-30 02:31:20', '14fca9f1-7053-41c7-8a9d-1ac9d9eeceea');
INSERT INTO `craft_elements_i18n` (`id`, `elementId`, `locale`, `slug`, `uri`, `enabled`, `dateCreated`, `dateUpdated`, `uid`) VALUES ('70', '70', 'en_us', '', NULL, '1', '2015-02-21 16:28:03', '2015-03-30 02:31:20', '4e3d3560-fea7-4032-abfc-fa96f202c0d0');
INSERT INTO `craft_elements_i18n` (`id`, `elementId`, `locale`, `slug`, `uri`, `enabled`, `dateCreated`, `dateUpdated`, `uid`) VALUES ('71', '71', 'en_us', '', NULL, '1', '2015-02-21 16:28:03', '2015-03-30 02:31:20', '4a71f8e0-46b9-42c0-bee3-a7d18b415bf5');
INSERT INTO `craft_elements_i18n` (`id`, `elementId`, `locale`, `slug`, `uri`, `enabled`, `dateCreated`, `dateUpdated`, `uid`) VALUES ('72', '72', 'en_us', 'oktoberfest', 'projects/oktoberfest', '1', '2015-02-21 16:28:54', '2015-03-30 02:18:31', '5c22e782-6e4e-456e-bfe0-accaaaeb022c');
INSERT INTO `craft_elements_i18n` (`id`, `elementId`, `locale`, `slug`, `uri`, `enabled`, `dateCreated`, `dateUpdated`, `uid`) VALUES ('73', '73', 'en_us', '', NULL, '1', '2015-02-21 16:28:54', '2015-03-30 02:18:31', '7877acb5-2dd3-4604-b9cc-04ed3f1bf06a');
INSERT INTO `craft_elements_i18n` (`id`, `elementId`, `locale`, `slug`, `uri`, `enabled`, `dateCreated`, `dateUpdated`, `uid`) VALUES ('74', '74', 'en_us', '', NULL, '1', '2015-02-21 16:28:54', '2015-03-30 02:18:31', '8b821eb2-0f40-4014-9bc8-25cc26f93272');
INSERT INTO `craft_elements_i18n` (`id`, `elementId`, `locale`, `slug`, `uri`, `enabled`, `dateCreated`, `dateUpdated`, `uid`) VALUES ('75', '75', 'en_us', '', NULL, '1', '2015-02-21 16:28:54', '2015-03-30 02:18:31', '27d15fd9-dad2-4a3e-a23a-5cdb4e3c12fc');
INSERT INTO `craft_elements_i18n` (`id`, `elementId`, `locale`, `slug`, `uri`, `enabled`, `dateCreated`, `dateUpdated`, `uid`) VALUES ('76', '76', 'en_us', '', NULL, '1', '2015-02-21 16:28:54', '2015-03-30 02:18:31', '195278e4-6cd2-40d6-a9d9-93cfd64ac2dd');
INSERT INTO `craft_elements_i18n` (`id`, `elementId`, `locale`, `slug`, `uri`, `enabled`, `dateCreated`, `dateUpdated`, `uid`) VALUES ('77', '77', 'en_us', '', NULL, '1', '2015-02-21 16:28:54', '2015-03-30 02:18:31', '1065e3dd-e967-4dfc-a951-2630631bae95');
INSERT INTO `craft_elements_i18n` (`id`, `elementId`, `locale`, `slug`, `uri`, `enabled`, `dateCreated`, `dateUpdated`, `uid`) VALUES ('78', '78', 'en_us', 'find-gold', 'projects/find-gold', '1', '2015-02-21 16:29:56', '2015-03-30 02:30:16', 'c43c3c3c-6e16-4122-ad1f-3160f2798784');
INSERT INTO `craft_elements_i18n` (`id`, `elementId`, `locale`, `slug`, `uri`, `enabled`, `dateCreated`, `dateUpdated`, `uid`) VALUES ('79', '79', 'en_us', '', NULL, '1', '2015-02-21 16:29:56', '2015-03-30 02:30:16', 'ec64a4ce-e7ff-45b3-8f4b-8971dd528f56');
INSERT INTO `craft_elements_i18n` (`id`, `elementId`, `locale`, `slug`, `uri`, `enabled`, `dateCreated`, `dateUpdated`, `uid`) VALUES ('80', '80', 'en_us', '', NULL, '1', '2015-02-21 16:29:56', '2015-03-30 02:30:16', '56530a3f-66f9-4fee-a4cd-c89af6114d2d');
INSERT INTO `craft_elements_i18n` (`id`, `elementId`, `locale`, `slug`, `uri`, `enabled`, `dateCreated`, `dateUpdated`, `uid`) VALUES ('81', '81', 'en_us', '', NULL, '1', '2015-02-21 16:29:56', '2015-03-30 02:30:16', '750e4823-b7cb-4690-aba2-5e6623f43e5c');
INSERT INTO `craft_elements_i18n` (`id`, `elementId`, `locale`, `slug`, `uri`, `enabled`, `dateCreated`, `dateUpdated`, `uid`) VALUES ('82', '82', 'en_us', '', NULL, '1', '2015-02-21 16:29:56', '2015-03-30 02:30:16', 'aa2b5bbb-2d48-4638-b37a-5d8b5e8fef99');
INSERT INTO `craft_elements_i18n` (`id`, `elementId`, `locale`, `slug`, `uri`, `enabled`, `dateCreated`, `dateUpdated`, `uid`) VALUES ('83', '83', 'en_us', '', NULL, '1', '2015-02-21 16:29:56', '2015-03-30 02:30:16', 'fa45d229-1985-4653-8210-e3d74490e032');
INSERT INTO `craft_elements_i18n` (`id`, `elementId`, `locale`, `slug`, `uri`, `enabled`, `dateCreated`, `dateUpdated`, `uid`) VALUES ('84', '84', 'en_us', '', NULL, '1', '2015-02-21 16:29:56', '2015-03-30 02:30:16', '4613f965-4efb-4ba7-87af-2e96fa109b17');
INSERT INTO `craft_elements_i18n` (`id`, `elementId`, `locale`, `slug`, `uri`, `enabled`, `dateCreated`, `dateUpdated`, `uid`) VALUES ('85', '85', 'en_us', 'steam-whistle-blog', 'projects/steam-whistle-blog', '1', '2015-02-21 16:32:31', '2015-03-30 03:36:34', '272fa6ae-b9e8-4304-94a7-cb146217e0bd');
INSERT INTO `craft_elements_i18n` (`id`, `elementId`, `locale`, `slug`, `uri`, `enabled`, `dateCreated`, `dateUpdated`, `uid`) VALUES ('86', '86', 'en_us', '', NULL, '1', '2015-02-21 16:32:31', '2015-03-30 03:36:34', '402693c1-6ed2-405a-9c5a-4b156012827d');
INSERT INTO `craft_elements_i18n` (`id`, `elementId`, `locale`, `slug`, `uri`, `enabled`, `dateCreated`, `dateUpdated`, `uid`) VALUES ('87', '87', 'en_us', '', NULL, '1', '2015-02-21 16:32:31', '2015-03-30 03:36:34', 'fde295f5-fde5-4b40-897e-099d1d081376');
INSERT INTO `craft_elements_i18n` (`id`, `elementId`, `locale`, `slug`, `uri`, `enabled`, `dateCreated`, `dateUpdated`, `uid`) VALUES ('88', '88', 'en_us', '', NULL, '1', '2015-02-21 16:32:31', '2015-03-30 03:36:34', 'c4bbba1e-d590-48d6-9e14-e66005bc2194');
INSERT INTO `craft_elements_i18n` (`id`, `elementId`, `locale`, `slug`, `uri`, `enabled`, `dateCreated`, `dateUpdated`, `uid`) VALUES ('89', '89', 'en_us', '', NULL, '1', '2015-02-21 16:32:31', '2015-03-30 03:36:34', '657a9d3b-6a2a-4529-902b-7b48da97a2ae');
INSERT INTO `craft_elements_i18n` (`id`, `elementId`, `locale`, `slug`, `uri`, `enabled`, `dateCreated`, `dateUpdated`, `uid`) VALUES ('90', '90', 'en_us', '', NULL, '1', '2015-02-21 16:32:31', '2015-03-30 03:36:34', '079adf72-6f61-44d1-b613-b73348c43014');
INSERT INTO `craft_elements_i18n` (`id`, `elementId`, `locale`, `slug`, `uri`, `enabled`, `dateCreated`, `dateUpdated`, `uid`) VALUES ('91', '91', 'en_us', 'steam-whistle-store', 'projects/steam-whistle-store', '1', '2015-02-21 16:33:42', '2015-03-30 02:49:29', 'bc7f65d8-d9d9-4ea4-934e-8c6a4f102ec1');
INSERT INTO `craft_elements_i18n` (`id`, `elementId`, `locale`, `slug`, `uri`, `enabled`, `dateCreated`, `dateUpdated`, `uid`) VALUES ('93', '93', 'en_us', '', NULL, '1', '2015-02-21 16:33:42', '2015-03-30 02:49:29', '14ab246a-33f7-44c7-9e27-3d0755d74361');
INSERT INTO `craft_elements_i18n` (`id`, `elementId`, `locale`, `slug`, `uri`, `enabled`, `dateCreated`, `dateUpdated`, `uid`) VALUES ('94', '94', 'en_us', '', NULL, '1', '2015-02-21 16:33:42', '2015-03-30 02:49:29', 'aea4b279-a925-41bd-aa28-ea1f42731274');
INSERT INTO `craft_elements_i18n` (`id`, `elementId`, `locale`, `slug`, `uri`, `enabled`, `dateCreated`, `dateUpdated`, `uid`) VALUES ('95', '95', 'en_us', '', NULL, '1', '2015-02-21 16:33:42', '2015-03-30 02:49:29', '0a98efaf-154d-451b-80c8-2776095cfc4b');
INSERT INTO `craft_elements_i18n` (`id`, `elementId`, `locale`, `slug`, `uri`, `enabled`, `dateCreated`, `dateUpdated`, `uid`) VALUES ('96', '96', 'en_us', '', NULL, '1', '2015-02-21 16:33:42', '2015-03-30 02:49:29', 'ceb016c3-f121-446b-a9c9-9a4ed1ae369c');
INSERT INTO `craft_elements_i18n` (`id`, `elementId`, `locale`, `slug`, `uri`, `enabled`, `dateCreated`, `dateUpdated`, `uid`) VALUES ('98', '98', 'en_us', 'hero', NULL, '1', '2015-02-21 20:57:22', '2015-02-21 22:27:18', 'a579cad5-afc4-458a-94fd-c42b71665f90');
INSERT INTO `craft_elements_i18n` (`id`, `elementId`, `locale`, `slug`, `uri`, `enabled`, `dateCreated`, `dateUpdated`, `uid`) VALUES ('99', '99', 'en_us', 'salesgraphic5-o', NULL, '1', '2015-02-21 21:00:51', '2015-03-12 18:04:59', '6689ee8d-08b3-4807-8ae5-947b5b181ec2');
INSERT INTO `craft_elements_i18n` (`id`, `elementId`, `locale`, `slug`, `uri`, `enabled`, `dateCreated`, `dateUpdated`, `uid`) VALUES ('106', '106', 'en_us', 'hero', NULL, '1', '2015-02-21 23:47:46', '2015-03-21 22:16:41', '9c7f6d49-9f9d-4e20-9c13-d72f23ed2e80');
INSERT INTO `craft_elements_i18n` (`id`, `elementId`, `locale`, `slug`, `uri`, `enabled`, `dateCreated`, `dateUpdated`, `uid`) VALUES ('108', '108', 'en_us', 'hero-2', NULL, '1', '2015-02-22 00:24:46', '2015-03-21 22:16:38', '79b99006-ac11-4ee9-836d-818514f058eb');
INSERT INTO `craft_elements_i18n` (`id`, `elementId`, `locale`, `slug`, `uri`, `enabled`, `dateCreated`, `dateUpdated`, `uid`) VALUES ('113', '113', 'en_us', 'unsigned-1', NULL, '1', '2015-02-23 20:14:13', '2015-02-23 20:14:13', '470273c4-86ae-4ed8-bb35-23f3bf84e79a');
INSERT INTO `craft_elements_i18n` (`id`, `elementId`, `locale`, `slug`, `uri`, `enabled`, `dateCreated`, `dateUpdated`, `uid`) VALUES ('116', '116', 'en_us', 'oktoberfest-1', NULL, '1', '2015-02-23 21:22:48', '2015-02-23 21:22:48', 'cd015fbb-db65-45e7-97a3-5bcbcb62c025');
INSERT INTO `craft_elements_i18n` (`id`, `elementId`, `locale`, `slug`, `uri`, `enabled`, `dateCreated`, `dateUpdated`, `uid`) VALUES ('127', '127', 'en_us', 'iphone5s-mockup-preview-o', NULL, '1', '2015-02-23 22:31:39', '2015-02-23 22:32:59', 'b657f09e-2e6a-4cec-8bf8-c137c4c97b76');
INSERT INTO `craft_elements_i18n` (`id`, `elementId`, `locale`, `slug`, `uri`, `enabled`, `dateCreated`, `dateUpdated`, `uid`) VALUES ('140', '140', 'en_us', 'caroline-1', NULL, '1', '2015-03-03 18:40:51', '2015-03-30 02:23:33', 'eea3f8cb-432c-4096-bdeb-c19c7f87b337');
INSERT INTO `craft_elements_i18n` (`id`, `elementId`, `locale`, `slug`, `uri`, `enabled`, `dateCreated`, `dateUpdated`, `uid`) VALUES ('148', '148', 'en_us', 'product-preview-o', NULL, '1', '2015-03-03 20:38:38', '2015-03-03 20:38:38', '3025c96e-e993-4eb5-aad6-0603506696f2');
INSERT INTO `craft_elements_i18n` (`id`, `elementId`, `locale`, `slug`, `uri`, `enabled`, `dateCreated`, `dateUpdated`, `uid`) VALUES ('149', '149', 'en_us', 'go-home', NULL, '1', '2015-03-03 20:40:30', '2015-03-21 22:18:25', '379a5b61-5196-4481-9ccb-0c123235c1fa');
INSERT INTO `craft_elements_i18n` (`id`, `elementId`, `locale`, `slug`, `uri`, `enabled`, `dateCreated`, `dateUpdated`, `uid`) VALUES ('150', '150', 'en_us', 'go-page-enter', NULL, '1', '2015-03-03 20:40:32', '2015-03-03 20:40:32', 'bbf3332d-dd4d-463c-8968-0c7e9557a422');
INSERT INTO `craft_elements_i18n` (`id`, `elementId`, `locale`, `slug`, `uri`, `enabled`, `dateCreated`, `dateUpdated`, `uid`) VALUES ('152', '152', 'en_us', 'lifefit-1', NULL, '1', '2015-03-11 22:24:53', '2015-03-11 22:24:53', 'b2c6483a-ffbf-4837-9c89-a7ab76ba2954');
INSERT INTO `craft_elements_i18n` (`id`, `elementId`, `locale`, `slug`, `uri`, `enabled`, `dateCreated`, `dateUpdated`, `uid`) VALUES ('153', '153', 'en_us', 'lifefit-2', NULL, '1', '2015-03-11 22:24:55', '2015-03-11 22:24:55', '8421d3af-ca34-49c7-a20a-ba66fd0f491e');
INSERT INTO `craft_elements_i18n` (`id`, `elementId`, `locale`, `slug`, `uri`, `enabled`, `dateCreated`, `dateUpdated`, `uid`) VALUES ('167', '167', 'en_us', 'caroline-2', NULL, '1', '2015-03-12 01:20:40', '2015-03-30 02:23:34', '55506df9-88f4-4994-87b6-2ebd1ec212f2');
INSERT INTO `craft_elements_i18n` (`id`, `elementId`, `locale`, `slug`, `uri`, `enabled`, `dateCreated`, `dateUpdated`, `uid`) VALUES ('168', '168', 'en_us', 'caroline-3', NULL, '1', '2015-03-12 01:20:42', '2015-03-30 02:23:34', 'dc99c7fa-b93e-41ca-961e-2abc830c2cda');
INSERT INTO `craft_elements_i18n` (`id`, `elementId`, `locale`, `slug`, `uri`, `enabled`, `dateCreated`, `dateUpdated`, `uid`) VALUES ('169', '169', 'en_us', 'lifefit-logo', NULL, '1', '2015-03-12 12:23:25', '2015-03-12 12:25:01', '07665988-e61f-464d-90a5-3178e2514b05');
INSERT INTO `craft_elements_i18n` (`id`, `elementId`, `locale`, `slug`, `uri`, `enabled`, `dateCreated`, `dateUpdated`, `uid`) VALUES ('171', '171', 'en_us', '', NULL, '1', '2015-03-12 12:25:42', '2015-03-30 03:20:32', 'd460053b-e185-4d0c-b6a6-849e1805e5b0');
INSERT INTO `craft_elements_i18n` (`id`, `elementId`, `locale`, `slug`, `uri`, `enabled`, `dateCreated`, `dateUpdated`, `uid`) VALUES ('178', '178', 'en_us', 'golden-opener-1', NULL, '1', '2015-03-12 15:47:41', '2015-03-12 15:47:41', '4df6f965-6d44-4a11-a697-644fc9277ba8');
INSERT INTO `craft_elements_i18n` (`id`, `elementId`, `locale`, `slug`, `uri`, `enabled`, `dateCreated`, `dateUpdated`, `uid`) VALUES ('184', '184', 'en_us', 'logo', NULL, '1', '2015-03-12 17:27:00', '2015-03-12 17:27:00', '8f5f76e4-acb3-47fa-81fd-d7e3275bc5ee');
INSERT INTO `craft_elements_i18n` (`id`, `elementId`, `locale`, `slug`, `uri`, `enabled`, `dateCreated`, `dateUpdated`, `uid`) VALUES ('193', '193', 'en_us', 'hero', NULL, '1', '2015-03-13 16:46:40', '2015-03-13 16:48:22', '5dfbaa55-12a4-435f-8f3e-6c8b8ca5f775');
INSERT INTO `craft_elements_i18n` (`id`, `elementId`, `locale`, `slug`, `uri`, `enabled`, `dateCreated`, `dateUpdated`, `uid`) VALUES ('220', '220', 'en_us', 'hero-3', NULL, '1', '2015-03-19 14:51:44', '2015-03-19 14:51:44', '0fb69b14-6dcb-4eee-a2e0-2c2fdd08fb94');
INSERT INTO `craft_elements_i18n` (`id`, `elementId`, `locale`, `slug`, `uri`, `enabled`, `dateCreated`, `dateUpdated`, `uid`) VALUES ('221', '221', 'en_us', '1558381-10151950244445847-1000969892-n', NULL, '1', '2015-03-19 14:56:06', '2015-03-19 14:56:06', '31daedb9-a329-4d2c-895a-0fa8967a4128');
INSERT INTO `craft_elements_i18n` (`id`, `elementId`, `locale`, `slug`, `uri`, `enabled`, `dateCreated`, `dateUpdated`, `uid`) VALUES ('222', '222', 'en_us', 'banner', NULL, '1', '2015-03-19 14:57:35', '2015-03-19 14:57:35', '4927cdac-69d5-49a2-a276-756c8ce8354f');
INSERT INTO `craft_elements_i18n` (`id`, `elementId`, `locale`, `slug`, `uri`, `enabled`, `dateCreated`, `dateUpdated`, `uid`) VALUES ('223', '223', 'en_us', 'winter-beer-fest-2up', NULL, '1', '2015-03-19 16:59:33', '2015-03-19 16:59:33', '6cda3549-041c-463f-9ce1-0292409031d5');
INSERT INTO `craft_elements_i18n` (`id`, `elementId`, `locale`, `slug`, `uri`, `enabled`, `dateCreated`, `dateUpdated`, `uid`) VALUES ('224', '224', 'en_us', 'winter-beer-fest-mobile', NULL, '1', '2015-03-19 16:59:34', '2015-03-19 16:59:34', '91c3c156-0cb8-4507-933e-541211403020');
INSERT INTO `craft_elements_i18n` (`id`, `elementId`, `locale`, `slug`, `uri`, `enabled`, `dateCreated`, `dateUpdated`, `uid`) VALUES ('225', '225', 'en_us', 'winter-beer-fest', NULL, '1', '2015-03-19 16:59:35', '2015-03-19 16:59:35', 'f93f6a25-05e5-433f-a933-1c38b2802163');
INSERT INTO `craft_elements_i18n` (`id`, `elementId`, `locale`, `slug`, `uri`, `enabled`, `dateCreated`, `dateUpdated`, `uid`) VALUES ('227', '227', 'en_us', '', NULL, '1', '2015-03-20 21:09:15', '2015-03-30 02:18:31', '883a4a20-fc5a-4404-a129-473ab2d1309e');
INSERT INTO `craft_elements_i18n` (`id`, `elementId`, `locale`, `slug`, `uri`, `enabled`, `dateCreated`, `dateUpdated`, `uid`) VALUES ('229', '229', 'en_us', '', NULL, '1', '2015-03-20 21:33:04', '2015-03-30 02:18:31', '6e1700d1-335e-4e0b-86a6-037966fb15de');
INSERT INTO `craft_elements_i18n` (`id`, `elementId`, `locale`, `slug`, `uri`, `enabled`, `dateCreated`, `dateUpdated`, `uid`) VALUES ('230', '230', 'en_us', '', NULL, '1', '2015-03-20 21:33:04', '2015-03-30 02:18:31', '2094a5b5-cdfd-4eb1-ab0b-caa70ee40b24');
INSERT INTO `craft_elements_i18n` (`id`, `elementId`, `locale`, `slug`, `uri`, `enabled`, `dateCreated`, `dateUpdated`, `uid`) VALUES ('231', '231', 'en_us', '', NULL, '1', '2015-03-21 22:04:55', '2015-03-30 02:18:31', '44e4aae7-6c2a-4090-a958-17d4aa8f4b9e');
INSERT INTO `craft_elements_i18n` (`id`, `elementId`, `locale`, `slug`, `uri`, `enabled`, `dateCreated`, `dateUpdated`, `uid`) VALUES ('232', '232', 'en_us', 'golden-opener-mobile-left', NULL, '1', '2015-03-21 22:17:06', '2015-03-21 22:17:06', '80d46efa-978e-4c40-ae18-7596777ff9ea');
INSERT INTO `craft_elements_i18n` (`id`, `elementId`, `locale`, `slug`, `uri`, `enabled`, `dateCreated`, `dateUpdated`, `uid`) VALUES ('233', '233', 'en_us', 'golden-opener-mobile-mid', NULL, '1', '2015-03-21 22:17:07', '2015-03-21 22:17:07', '752eb498-4b96-46e9-847c-fe6525b2bf28');
INSERT INTO `craft_elements_i18n` (`id`, `elementId`, `locale`, `slug`, `uri`, `enabled`, `dateCreated`, `dateUpdated`, `uid`) VALUES ('235', '235', 'en_us', '', NULL, '1', '2015-03-21 22:19:28', '2015-03-30 02:30:16', '1583bc72-bcad-4659-8bdc-06ac5af1a940');
INSERT INTO `craft_elements_i18n` (`id`, `elementId`, `locale`, `slug`, `uri`, `enabled`, `dateCreated`, `dateUpdated`, `uid`) VALUES ('236', '236', 'en_us', '', NULL, '1', '2015-03-21 22:19:28', '2015-03-30 02:30:16', 'a8a8069e-db24-4e8e-88c7-1c58bf46e9d3');
INSERT INTO `craft_elements_i18n` (`id`, `elementId`, `locale`, `slug`, `uri`, `enabled`, `dateCreated`, `dateUpdated`, `uid`) VALUES ('237', '237', 'en_us', 'golden-opener-mobile-right', NULL, '1', '2015-03-21 23:30:13', '2015-03-21 23:30:13', '2b591106-f795-4129-9631-5e01ade089c2');
INSERT INTO `craft_elements_i18n` (`id`, `elementId`, `locale`, `slug`, `uri`, `enabled`, `dateCreated`, `dateUpdated`, `uid`) VALUES ('238', '238', 'en_us', 'golden-opener-2', NULL, '1', '2015-03-21 23:40:30', '2015-03-21 23:54:10', 'ff7d10eb-db6d-4a8f-b934-cbae7cd9f3d7');
INSERT INTO `craft_elements_i18n` (`id`, `elementId`, `locale`, `slug`, `uri`, `enabled`, `dateCreated`, `dateUpdated`, `uid`) VALUES ('239', '239', 'en_us', 'mobile-left', NULL, '1', '2015-03-22 21:46:56', '2015-03-22 21:46:56', '06bcd4ad-5c4e-47fb-a6ba-ace24bee18b5');
INSERT INTO `craft_elements_i18n` (`id`, `elementId`, `locale`, `slug`, `uri`, `enabled`, `dateCreated`, `dateUpdated`, `uid`) VALUES ('240', '240', 'en_us', 'mobile-mid', NULL, '1', '2015-03-22 21:46:58', '2015-03-22 21:46:58', '9ba5f2b1-cc70-4d4c-8a01-d7264aebdc09');
INSERT INTO `craft_elements_i18n` (`id`, `elementId`, `locale`, `slug`, `uri`, `enabled`, `dateCreated`, `dateUpdated`, `uid`) VALUES ('241', '241', 'en_us', 'mobile-right', NULL, '1', '2015-03-22 21:46:59', '2015-03-22 21:46:59', '271f7a9f-bf0f-4173-873e-a839f37f4603');
INSERT INTO `craft_elements_i18n` (`id`, `elementId`, `locale`, `slug`, `uri`, `enabled`, `dateCreated`, `dateUpdated`, `uid`) VALUES ('242', '242', 'en_us', '', NULL, '1', '2015-03-22 21:47:09', '2015-03-30 02:49:30', '9077149b-693f-4f7d-b873-4e61195641b1');
INSERT INTO `craft_elements_i18n` (`id`, `elementId`, `locale`, `slug`, `uri`, `enabled`, `dateCreated`, `dateUpdated`, `uid`) VALUES ('243', '243', 'en_us', 'store-1', NULL, '1', '2015-03-22 21:48:11', '2015-03-22 21:48:11', '548524c6-7605-4c4d-8538-4d7a4268e73a');
INSERT INTO `craft_elements_i18n` (`id`, `elementId`, `locale`, `slug`, `uri`, `enabled`, `dateCreated`, `dateUpdated`, `uid`) VALUES ('244', '244', 'en_us', 'store-2', NULL, '1', '2015-03-22 21:48:13', '2015-03-22 21:48:13', '10e82824-2ac2-49a2-8582-84df115d42f6');
INSERT INTO `craft_elements_i18n` (`id`, `elementId`, `locale`, `slug`, `uri`, `enabled`, `dateCreated`, `dateUpdated`, `uid`) VALUES ('245', '245', 'en_us', 'store-3', NULL, '1', '2015-03-22 21:48:16', '2015-03-22 21:48:16', 'adf19534-bdf1-4abd-b480-33847db436f8');
INSERT INTO `craft_elements_i18n` (`id`, `elementId`, `locale`, `slug`, `uri`, `enabled`, `dateCreated`, `dateUpdated`, `uid`) VALUES ('246', '246', 'en_us', '', NULL, '1', '2015-03-22 21:48:28', '2015-03-30 02:49:30', 'f6955796-88f5-4d22-a15b-58f46a646f60');
INSERT INTO `craft_elements_i18n` (`id`, `elementId`, `locale`, `slug`, `uri`, `enabled`, `dateCreated`, `dateUpdated`, `uid`) VALUES ('247', '247', 'en_us', 'mobile-left', NULL, '1', '2015-03-22 21:53:10', '2015-03-30 02:23:44', '14045cfc-0200-485b-aeb7-e60b85251e76');
INSERT INTO `craft_elements_i18n` (`id`, `elementId`, `locale`, `slug`, `uri`, `enabled`, `dateCreated`, `dateUpdated`, `uid`) VALUES ('248', '248', 'en_us', 'mobile-mid', NULL, '1', '2015-03-22 21:53:11', '2015-03-30 02:23:44', '097249bc-ab9b-44e2-b183-f4f094bddd8f');
INSERT INTO `craft_elements_i18n` (`id`, `elementId`, `locale`, `slug`, `uri`, `enabled`, `dateCreated`, `dateUpdated`, `uid`) VALUES ('249', '249', 'en_us', 'mobile-right', NULL, '1', '2015-03-22 21:53:13', '2015-03-30 02:23:45', 'c1f2b1d8-3d58-4ad3-9cc0-ba51ae9f17f0');
INSERT INTO `craft_elements_i18n` (`id`, `elementId`, `locale`, `slug`, `uri`, `enabled`, `dateCreated`, `dateUpdated`, `uid`) VALUES ('253', '253', 'en_us', '', NULL, '1', '2015-03-22 21:54:35', '2015-03-30 02:31:20', 'c432f9c1-5a81-422d-bad3-14baec2ee78b');
INSERT INTO `craft_elements_i18n` (`id`, `elementId`, `locale`, `slug`, `uri`, `enabled`, `dateCreated`, `dateUpdated`, `uid`) VALUES ('254', '254', 'en_us', '', NULL, '1', '2015-03-22 21:54:35', '2015-03-30 02:31:20', '4733eaba-4e38-4afe-b887-dde1ceb7d85d');
INSERT INTO `craft_elements_i18n` (`id`, `elementId`, `locale`, `slug`, `uri`, `enabled`, `dateCreated`, `dateUpdated`, `uid`) VALUES ('258', '258', 'en_us', '', NULL, '1', '2015-03-22 22:02:59', '2015-03-30 03:20:32', '4bcc21e2-8fc8-4100-bcc7-d8797e646fe8');
INSERT INTO `craft_elements_i18n` (`id`, `elementId`, `locale`, `slug`, `uri`, `enabled`, `dateCreated`, `dateUpdated`, `uid`) VALUES ('260', '260', 'en_us', 'lifefit-2up-left', NULL, '1', '2015-03-22 22:11:46', '2015-03-22 22:11:46', 'b5462fdd-fff6-4e3e-abf8-1ca2c68d68ed');
INSERT INTO `craft_elements_i18n` (`id`, `elementId`, `locale`, `slug`, `uri`, `enabled`, `dateCreated`, `dateUpdated`, `uid`) VALUES ('261', '261', 'en_us', 'lifefit-2up-right', NULL, '1', '2015-03-22 22:11:48', '2015-03-22 22:11:48', '35575f3b-8e8d-4d2d-93ae-16d53950f0f8');
INSERT INTO `craft_elements_i18n` (`id`, `elementId`, `locale`, `slug`, `uri`, `enabled`, `dateCreated`, `dateUpdated`, `uid`) VALUES ('262', '262', 'en_us', 'lifefit-mobile-left', NULL, '1', '2015-03-22 22:11:58', '2015-03-23 01:45:08', '9902830f-07ed-4d92-b58c-f1ac52a91290');
INSERT INTO `craft_elements_i18n` (`id`, `elementId`, `locale`, `slug`, `uri`, `enabled`, `dateCreated`, `dateUpdated`, `uid`) VALUES ('263', '263', 'en_us', 'lifefit-mobile-mid', NULL, '1', '2015-03-22 22:11:59', '2015-03-22 22:11:59', 'bf6a852d-1db2-48cc-9d02-ce9a9fd1bced');
INSERT INTO `craft_elements_i18n` (`id`, `elementId`, `locale`, `slug`, `uri`, `enabled`, `dateCreated`, `dateUpdated`, `uid`) VALUES ('264', '264', 'en_us', 'lifefit-mobile-right', NULL, '1', '2015-03-22 22:12:00', '2015-03-22 22:12:00', '504bb610-63fa-4f3c-bdc8-18758ac3db2d');
INSERT INTO `craft_elements_i18n` (`id`, `elementId`, `locale`, `slug`, `uri`, `enabled`, `dateCreated`, `dateUpdated`, `uid`) VALUES ('265', '265', 'en_us', '', NULL, '1', '2015-03-22 22:12:54', '2015-03-30 03:20:32', 'd14e8151-aff5-48c5-9cb1-bb5ef7b228fe');
INSERT INTO `craft_elements_i18n` (`id`, `elementId`, `locale`, `slug`, `uri`, `enabled`, `dateCreated`, `dateUpdated`, `uid`) VALUES ('266', '266', 'en_us', '', NULL, '1', '2015-03-22 22:12:55', '2015-03-30 03:20:32', 'd9664e2d-ada7-41d6-90e0-12532bb8ff51');
INSERT INTO `craft_elements_i18n` (`id`, `elementId`, `locale`, `slug`, `uri`, `enabled`, `dateCreated`, `dateUpdated`, `uid`) VALUES ('267', '267', 'en_us', '', NULL, '1', '2015-03-22 22:12:55', '2015-03-30 03:20:32', 'df027e8b-8cd3-4760-88d3-85b744408e71');
INSERT INTO `craft_elements_i18n` (`id`, `elementId`, `locale`, `slug`, `uri`, `enabled`, `dateCreated`, `dateUpdated`, `uid`) VALUES ('269', '269', 'en_us', 'okt-mobile-left', NULL, '1', '2015-03-23 01:52:07', '2015-03-23 01:52:07', 'b8e8de2b-7303-4170-87b3-aa11e62c9cb2');
INSERT INTO `craft_elements_i18n` (`id`, `elementId`, `locale`, `slug`, `uri`, `enabled`, `dateCreated`, `dateUpdated`, `uid`) VALUES ('270', '270', 'en_us', 'okt-mobile-mid', NULL, '1', '2015-03-23 01:52:08', '2015-03-23 01:52:08', 'b0ca9be2-2eb0-4464-9dd2-6796ebc45ef5');
INSERT INTO `craft_elements_i18n` (`id`, `elementId`, `locale`, `slug`, `uri`, `enabled`, `dateCreated`, `dateUpdated`, `uid`) VALUES ('271', '271', 'en_us', 'okt-mobile-right', NULL, '1', '2015-03-23 01:52:09', '2015-03-23 01:52:09', 'a4a9f714-57f5-4473-b96b-f93a134e4279');
INSERT INTO `craft_elements_i18n` (`id`, `elementId`, `locale`, `slug`, `uri`, `enabled`, `dateCreated`, `dateUpdated`, `uid`) VALUES ('276', '276', 'en_us', 'okt-2', NULL, '1', '2015-03-23 02:39:58', '2015-03-23 02:39:58', 'f3165a92-1dc5-46df-845e-99192ff3952e');
INSERT INTO `craft_elements_i18n` (`id`, `elementId`, `locale`, `slug`, `uri`, `enabled`, `dateCreated`, `dateUpdated`, `uid`) VALUES ('277', '277', 'en_us', 'okt-3', NULL, '1', '2015-03-23 02:40:08', '2015-03-23 02:40:08', '720923ff-7ef6-4d25-87b5-58156727b07b');
INSERT INTO `craft_elements_i18n` (`id`, `elementId`, `locale`, `slug`, `uri`, `enabled`, `dateCreated`, `dateUpdated`, `uid`) VALUES ('278', '278', 'en_us', 'okt-left', NULL, '1', '2015-03-23 02:40:11', '2015-03-23 02:42:39', '3c60c8ee-3599-45c9-ac60-5024ed6688b3');
INSERT INTO `craft_elements_i18n` (`id`, `elementId`, `locale`, `slug`, `uri`, `enabled`, `dateCreated`, `dateUpdated`, `uid`) VALUES ('279', '279', 'en_us', 'okt-right', NULL, '1', '2015-03-23 02:40:13', '2015-03-23 02:42:27', '1057e37f-3d3e-420a-8d84-d70b568623e7');
INSERT INTO `craft_elements_i18n` (`id`, `elementId`, `locale`, `slug`, `uri`, `enabled`, `dateCreated`, `dateUpdated`, `uid`) VALUES ('282', '282', 'en_us', 'canvan-2', NULL, '1', '2015-03-23 03:23:04', '2015-03-26 00:38:27', '9d706dde-9954-40c8-a89f-e555353b798a');
INSERT INTO `craft_elements_i18n` (`id`, `elementId`, `locale`, `slug`, `uri`, `enabled`, `dateCreated`, `dateUpdated`, `uid`) VALUES ('283', '283', 'en_us', 'canvan-3', NULL, '1', '2015-03-23 03:23:06', '2015-03-26 00:32:10', '4aeb24d1-7a4b-4c1f-a3bd-114de43c5218');
INSERT INTO `craft_elements_i18n` (`id`, `elementId`, `locale`, `slug`, `uri`, `enabled`, `dateCreated`, `dateUpdated`, `uid`) VALUES ('284', '284', 'en_us', 'canvan-left', NULL, '1', '2015-03-23 03:23:08', '2015-03-23 03:23:08', '53fac06c-1ee9-430c-9b7b-0b6263b2c5c3');
INSERT INTO `craft_elements_i18n` (`id`, `elementId`, `locale`, `slug`, `uri`, `enabled`, `dateCreated`, `dateUpdated`, `uid`) VALUES ('285', '285', 'en_us', 'canvan-mobile-left', NULL, '1', '2015-03-23 03:23:10', '2015-03-23 03:23:10', '830b83fe-2c87-4273-9378-099449dcce08');
INSERT INTO `craft_elements_i18n` (`id`, `elementId`, `locale`, `slug`, `uri`, `enabled`, `dateCreated`, `dateUpdated`, `uid`) VALUES ('286', '286', 'en_us', 'canvan-mobile-mid', NULL, '1', '2015-03-23 03:23:11', '2015-03-23 03:23:11', 'a4197cfa-bbee-4bad-9ce4-326e6faf6362');
INSERT INTO `craft_elements_i18n` (`id`, `elementId`, `locale`, `slug`, `uri`, `enabled`, `dateCreated`, `dateUpdated`, `uid`) VALUES ('287', '287', 'en_us', 'canvan-mobile-right', NULL, '1', '2015-03-23 03:23:13', '2015-03-23 03:23:13', '13882c7d-71da-45b6-8351-2a61ffecf1fe');
INSERT INTO `craft_elements_i18n` (`id`, `elementId`, `locale`, `slug`, `uri`, `enabled`, `dateCreated`, `dateUpdated`, `uid`) VALUES ('288', '288', 'en_us', 'canvan-right', NULL, '1', '2015-03-23 03:23:15', '2015-03-23 03:23:15', '73e9d583-5978-4bfd-a320-a47652009319');
INSERT INTO `craft_elements_i18n` (`id`, `elementId`, `locale`, `slug`, `uri`, `enabled`, `dateCreated`, `dateUpdated`, `uid`) VALUES ('289', '289', 'en_us', '', NULL, '1', '2015-03-23 03:25:27', '2015-03-30 02:47:30', '60ba0bc6-55b3-4f7d-898f-05cd198f447a');
INSERT INTO `craft_elements_i18n` (`id`, `elementId`, `locale`, `slug`, `uri`, `enabled`, `dateCreated`, `dateUpdated`, `uid`) VALUES ('290', '290', 'en_us', '', NULL, '1', '2015-03-23 03:25:27', '2015-03-30 02:47:30', 'd1d76061-5e37-4552-bdaa-3393c8841833');
INSERT INTO `craft_elements_i18n` (`id`, `elementId`, `locale`, `slug`, `uri`, `enabled`, `dateCreated`, `dateUpdated`, `uid`) VALUES ('291', '291', 'en_us', '', NULL, '1', '2015-03-23 03:25:27', '2015-03-30 02:47:30', '5c43b0d2-205e-4d4d-97f5-bf5864308372');
INSERT INTO `craft_elements_i18n` (`id`, `elementId`, `locale`, `slug`, `uri`, `enabled`, `dateCreated`, `dateUpdated`, `uid`) VALUES ('292', '292', 'en_us', '', NULL, '1', '2015-03-23 03:25:27', '2015-03-30 02:47:30', 'bf6b4432-3e00-4911-aeb2-afd41e8ba433');
INSERT INTO `craft_elements_i18n` (`id`, `elementId`, `locale`, `slug`, `uri`, `enabled`, `dateCreated`, `dateUpdated`, `uid`) VALUES ('298', '298', 'en_us', '', NULL, '1', '2015-03-23 03:37:21', '2015-03-30 02:44:05', '552bb159-c338-4421-acbf-ab2319770f43');
INSERT INTO `craft_elements_i18n` (`id`, `elementId`, `locale`, `slug`, `uri`, `enabled`, `dateCreated`, `dateUpdated`, `uid`) VALUES ('299', '299', 'en_us', '', NULL, '1', '2015-03-23 03:37:21', '2015-03-30 02:44:05', 'abc1f3bd-6e10-4abf-bb90-1db2df72bc08');
INSERT INTO `craft_elements_i18n` (`id`, `elementId`, `locale`, `slug`, `uri`, `enabled`, `dateCreated`, `dateUpdated`, `uid`) VALUES ('301', '301', 'en_us', '', NULL, '1', '2015-03-23 03:37:21', '2015-03-30 02:44:05', '18753cd0-96e7-4f42-8ebd-223527410e8d');
INSERT INTO `craft_elements_i18n` (`id`, `elementId`, `locale`, `slug`, `uri`, `enabled`, `dateCreated`, `dateUpdated`, `uid`) VALUES ('304', '304', 'en_us', 'winter-beer-fest-2', NULL, '1', '2015-03-23 03:53:12', '2015-03-23 03:53:12', '259e83ab-64de-4db0-8127-38dc8afeff99');
INSERT INTO `craft_elements_i18n` (`id`, `elementId`, `locale`, `slug`, `uri`, `enabled`, `dateCreated`, `dateUpdated`, `uid`) VALUES ('305', '305', 'en_us', 'winter-beer-left', NULL, '1', '2015-03-23 03:53:15', '2015-03-27 23:02:27', '0ffe0208-d9b4-4f5b-92d0-fa3173b6a6eb');
INSERT INTO `craft_elements_i18n` (`id`, `elementId`, `locale`, `slug`, `uri`, `enabled`, `dateCreated`, `dateUpdated`, `uid`) VALUES ('306', '306', 'en_us', 'winter-beer-mobile-left', NULL, '1', '2015-03-23 03:53:16', '2015-03-23 03:53:34', '6bfdaa3f-23f9-479e-ac91-e9620fb31847');
INSERT INTO `craft_elements_i18n` (`id`, `elementId`, `locale`, `slug`, `uri`, `enabled`, `dateCreated`, `dateUpdated`, `uid`) VALUES ('308', '308', 'en_us', 'winter-beer-mobile-mid', NULL, '1', '2015-03-23 03:53:27', '2015-03-23 03:53:27', '239f5abe-f6ae-4d6c-ad66-a98825a06b9c');
INSERT INTO `craft_elements_i18n` (`id`, `elementId`, `locale`, `slug`, `uri`, `enabled`, `dateCreated`, `dateUpdated`, `uid`) VALUES ('309', '309', 'en_us', 'winter-beer-mobile-right', NULL, '1', '2015-03-23 03:53:28', '2015-03-23 03:53:28', '6dd4fbd6-8e94-448f-b8e1-b59d0872ce01');
INSERT INTO `craft_elements_i18n` (`id`, `elementId`, `locale`, `slug`, `uri`, `enabled`, `dateCreated`, `dateUpdated`, `uid`) VALUES ('310', '310', 'en_us', 'winter-beer-right', NULL, '1', '2015-03-23 03:53:31', '2015-03-27 23:02:26', 'a97c3e39-ee8f-4377-a177-b86223c11c05');
INSERT INTO `craft_elements_i18n` (`id`, `elementId`, `locale`, `slug`, `uri`, `enabled`, `dateCreated`, `dateUpdated`, `uid`) VALUES ('311', '311', 'en_us', 'winter-beer-fest', NULL, '1', '2015-03-23 03:54:18', '2015-03-23 03:54:18', '02e959df-0706-4400-a258-3ad7f84891f8');
INSERT INTO `craft_elements_i18n` (`id`, `elementId`, `locale`, `slug`, `uri`, `enabled`, `dateCreated`, `dateUpdated`, `uid`) VALUES ('315', '315', 'en_us', 'blog-2', NULL, '1', '2015-03-26 01:34:03', '2015-03-26 01:34:03', '40f33716-9be0-43df-853c-5f8332d7950f');
INSERT INTO `craft_elements_i18n` (`id`, `elementId`, `locale`, `slug`, `uri`, `enabled`, `dateCreated`, `dateUpdated`, `uid`) VALUES ('316', '316', 'en_us', 'blog', NULL, '1', '2015-03-26 01:34:16', '2015-03-26 01:34:16', '28e12a9a-d523-4230-bb3e-e31d89883413');
INSERT INTO `craft_elements_i18n` (`id`, `elementId`, `locale`, `slug`, `uri`, `enabled`, `dateCreated`, `dateUpdated`, `uid`) VALUES ('317', '317', 'en_us', '', NULL, '1', '2015-03-26 01:34:40', '2015-03-30 03:36:34', '10bfd963-6294-4311-bae0-28ee489423fc');
INSERT INTO `craft_elements_i18n` (`id`, `elementId`, `locale`, `slug`, `uri`, `enabled`, `dateCreated`, `dateUpdated`, `uid`) VALUES ('319', '319', 'en_us', '', NULL, '1', '2015-03-26 02:34:29', '2015-03-30 03:15:10', '2f93b317-e7b0-4c8a-94e0-0e11c5777f7f');
INSERT INTO `craft_elements_i18n` (`id`, `elementId`, `locale`, `slug`, `uri`, `enabled`, `dateCreated`, `dateUpdated`, `uid`) VALUES ('320', '320', 'en_us', 'unsigned-2', NULL, '1', '2015-03-26 02:39:06', '2015-03-26 02:39:06', '0d4d6fdd-064a-436d-abdd-1167b29866d8');
INSERT INTO `craft_elements_i18n` (`id`, `elementId`, `locale`, `slug`, `uri`, `enabled`, `dateCreated`, `dateUpdated`, `uid`) VALUES ('321', '321', 'en_us', 'unsigned-mobile-left', NULL, '1', '2015-03-26 02:45:35', '2015-03-26 02:45:35', '03084bb4-aed1-4543-beb8-4608568570cb');
INSERT INTO `craft_elements_i18n` (`id`, `elementId`, `locale`, `slug`, `uri`, `enabled`, `dateCreated`, `dateUpdated`, `uid`) VALUES ('322', '322', 'en_us', 'unsigned-mobile-mid', NULL, '1', '2015-03-26 02:45:36', '2015-03-26 02:45:36', '06c3aed1-78a2-453f-8f20-8f57cb3d1d0c');
INSERT INTO `craft_elements_i18n` (`id`, `elementId`, `locale`, `slug`, `uri`, `enabled`, `dateCreated`, `dateUpdated`, `uid`) VALUES ('323', '323', 'en_us', 'unsigned-mobile-right', NULL, '1', '2015-03-26 02:45:38', '2015-03-26 02:45:38', 'e0ba097d-ffb5-48bb-83e9-6cf8ffc33cb8');
INSERT INTO `craft_elements_i18n` (`id`, `elementId`, `locale`, `slug`, `uri`, `enabled`, `dateCreated`, `dateUpdated`, `uid`) VALUES ('324', '324', 'en_us', 'unsigned-mobile-left-2', NULL, '1', '2015-03-26 02:47:34', '2015-03-26 02:47:34', '502a95da-2595-4032-b98b-401ac177606f');
INSERT INTO `craft_elements_i18n` (`id`, `elementId`, `locale`, `slug`, `uri`, `enabled`, `dateCreated`, `dateUpdated`, `uid`) VALUES ('325', '325', 'en_us', 'unsigned-mobile-mid-2', NULL, '1', '2015-03-26 02:47:36', '2015-03-26 02:47:36', '76058a88-a0f2-4a79-a9a9-d776372690ba');
INSERT INTO `craft_elements_i18n` (`id`, `elementId`, `locale`, `slug`, `uri`, `enabled`, `dateCreated`, `dateUpdated`, `uid`) VALUES ('326', '326', 'en_us', 'unsigned-mobile-right-2', NULL, '1', '2015-03-26 02:47:37', '2015-03-26 02:47:37', 'bb36ab43-c86a-437d-8f1a-fe50a2b22222');
INSERT INTO `craft_elements_i18n` (`id`, `elementId`, `locale`, `slug`, `uri`, `enabled`, `dateCreated`, `dateUpdated`, `uid`) VALUES ('327', '327', 'en_us', '', NULL, '1', '2015-03-26 02:48:10', '2015-03-30 03:15:10', 'd7f08d19-8f58-4c20-92ab-35e249c7a144');
INSERT INTO `craft_elements_i18n` (`id`, `elementId`, `locale`, `slug`, `uri`, `enabled`, `dateCreated`, `dateUpdated`, `uid`) VALUES ('330', '330', 'en_us', '', NULL, '1', '2015-03-26 02:53:51', '2015-03-30 03:15:10', '6a737c90-710a-4a8e-a2de-c0a83bb347a5');
INSERT INTO `craft_elements_i18n` (`id`, `elementId`, `locale`, `slug`, `uri`, `enabled`, `dateCreated`, `dateUpdated`, `uid`) VALUES ('338', '338', 'en_us', '', NULL, '1', '2015-03-26 03:01:55', '2015-03-30 03:15:10', 'e8418a01-c179-4323-b94a-72d2d8d46bc6');
INSERT INTO `craft_elements_i18n` (`id`, `elementId`, `locale`, `slug`, `uri`, `enabled`, `dateCreated`, `dateUpdated`, `uid`) VALUES ('339', '339', 'en_us', 'unsigned-3', NULL, '1', '2015-03-26 03:24:21', '2015-03-26 03:24:21', '121727ea-2930-4dc4-8ece-96d562f9a6d8');
INSERT INTO `craft_elements_i18n` (`id`, `elementId`, `locale`, `slug`, `uri`, `enabled`, `dateCreated`, `dateUpdated`, `uid`) VALUES ('340', '340', 'en_us', 'unsigned-left', NULL, '1', '2015-03-26 03:24:26', '2015-03-26 03:24:26', '86a509e9-372e-4c4f-abd9-daf58b8ab6e6');
INSERT INTO `craft_elements_i18n` (`id`, `elementId`, `locale`, `slug`, `uri`, `enabled`, `dateCreated`, `dateUpdated`, `uid`) VALUES ('341', '341', 'en_us', 'unsigned-right', NULL, '1', '2015-03-26 03:24:30', '2015-03-26 03:24:30', '5d97f4a7-330e-469f-b7e9-1bc9f6059565');
INSERT INTO `craft_elements_i18n` (`id`, `elementId`, `locale`, `slug`, `uri`, `enabled`, `dateCreated`, `dateUpdated`, `uid`) VALUES ('342', '342', 'en_us', '', NULL, '1', '2015-03-26 03:25:35', '2015-03-30 03:15:10', 'b84ac9b3-9e82-4e2d-b690-1bf4a13e2433');
INSERT INTO `craft_elements_i18n` (`id`, `elementId`, `locale`, `slug`, `uri`, `enabled`, `dateCreated`, `dateUpdated`, `uid`) VALUES ('350', '350', 'en_us', 'canvan-thumb', NULL, '1', '2015-03-30 01:05:52', '2015-03-30 02:47:24', 'ab498518-fe4a-42d1-9aa1-d3d9cba39790');
INSERT INTO `craft_elements_i18n` (`id`, `elementId`, `locale`, `slug`, `uri`, `enabled`, `dateCreated`, `dateUpdated`, `uid`) VALUES ('352', '352', 'en_us', 'caroline-thumb', NULL, '1', '2015-03-30 01:06:19', '2015-03-30 01:06:19', 'c14addba-3bfe-4b2f-becf-91832888346e');
INSERT INTO `craft_elements_i18n` (`id`, `elementId`, `locale`, `slug`, `uri`, `enabled`, `dateCreated`, `dateUpdated`, `uid`) VALUES ('353', '353', 'en_us', 'canvan-thumb', NULL, '1', '2015-03-30 01:07:09', '2015-03-30 01:07:09', '923e2e82-83dc-4cf9-b32d-1da0b194acf2');
INSERT INTO `craft_elements_i18n` (`id`, `elementId`, `locale`, `slug`, `uri`, `enabled`, `dateCreated`, `dateUpdated`, `uid`) VALUES ('355', '355', 'en_us', 'store', NULL, '1', '2015-03-30 01:11:34', '2015-03-30 01:11:34', '7aecd052-2f6f-4aff-960e-d793d8ef9a5d');
INSERT INTO `craft_elements_i18n` (`id`, `elementId`, `locale`, `slug`, `uri`, `enabled`, `dateCreated`, `dateUpdated`, `uid`) VALUES ('356', '356', 'en_us', 'blog-thumb', NULL, '1', '2015-03-30 01:26:06', '2015-03-30 02:03:48', '1c3d5552-3047-4213-b01e-0dab61ea497c');
INSERT INTO `craft_elements_i18n` (`id`, `elementId`, `locale`, `slug`, `uri`, `enabled`, `dateCreated`, `dateUpdated`, `uid`) VALUES ('359', '359', 'en_us', 'find-gold-thumb', NULL, '1', '2015-03-30 02:09:06', '2015-03-30 02:30:11', 'a50c39c0-d100-4271-bca8-f4668f9129f2');
INSERT INTO `craft_elements_i18n` (`id`, `elementId`, `locale`, `slug`, `uri`, `enabled`, `dateCreated`, `dateUpdated`, `uid`) VALUES ('360', '360', 'en_us', 'oktoberfest-thumb', NULL, '1', '2015-03-30 02:14:13', '2015-03-30 02:34:38', '891ae7fc-2dd2-4869-814d-e338aa25703f');
INSERT INTO `craft_elements_i18n` (`id`, `elementId`, `locale`, `slug`, `uri`, `enabled`, `dateCreated`, `dateUpdated`, `uid`) VALUES ('362', '362', 'en_us', 'caroline-thumb', NULL, '1', '2015-03-30 02:23:11', '2015-03-30 02:23:11', 'f6c36c9a-a02d-4a72-af04-ea6eb9c253e8');
INSERT INTO `craft_elements_i18n` (`id`, `elementId`, `locale`, `slug`, `uri`, `enabled`, `dateCreated`, `dateUpdated`, `uid`) VALUES ('366', '366', 'en_us', 'caroline-thumb', NULL, '1', '2015-03-30 02:31:15', '2015-03-30 02:31:15', 'fcf56953-eccc-4083-89d0-3037a54a54b1');
INSERT INTO `craft_elements_i18n` (`id`, `elementId`, `locale`, `slug`, `uri`, `enabled`, `dateCreated`, `dateUpdated`, `uid`) VALUES ('368', '368', 'en_us', 'winter-beer-thumb', NULL, '1', '2015-03-30 02:41:03', '2015-03-30 02:44:00', '75eefd6c-4713-4cb6-92fd-d537522b6138');
INSERT INTO `craft_elements_i18n` (`id`, `elementId`, `locale`, `slug`, `uri`, `enabled`, `dateCreated`, `dateUpdated`, `uid`) VALUES ('372', '372', 'en_us', 'store-thumb', NULL, '1', '2015-03-30 02:49:26', '2015-03-30 02:49:26', '56bb3006-1f37-4811-901f-e52926bc97e1');
INSERT INTO `craft_elements_i18n` (`id`, `elementId`, `locale`, `slug`, `uri`, `enabled`, `dateCreated`, `dateUpdated`, `uid`) VALUES ('373', '373', 'en_us', 'unsigned-thumb', NULL, '1', '2015-03-30 03:15:05', '2015-03-30 03:15:05', 'c0ef6fe4-3de4-4cd1-9477-f4d43ee30721');
INSERT INTO `craft_elements_i18n` (`id`, `elementId`, `locale`, `slug`, `uri`, `enabled`, `dateCreated`, `dateUpdated`, `uid`) VALUES ('375', '375', 'en_us', 'lifefit-thumb', NULL, '1', '2015-03-30 03:20:29', '2015-03-30 03:20:29', '4ce06dd8-f86a-484b-accf-5d2c5a5f3a12');
INSERT INTO `craft_elements_i18n` (`id`, `elementId`, `locale`, `slug`, `uri`, `enabled`, `dateCreated`, `dateUpdated`, `uid`) VALUES ('376', '376', 'en_us', 'blog-thumb', NULL, '1', '2015-03-30 03:24:53', '2015-03-30 03:36:31', 'f84a59fe-9a8a-45fc-9ea6-edb4e9ea74a8');
INSERT INTO `craft_elements_i18n` (`id`, `elementId`, `locale`, `slug`, `uri`, `enabled`, `dateCreated`, `dateUpdated`, `uid`) VALUES ('377', '377', 'en_us', 'favicon', NULL, '1', '2015-04-30 14:39:35', '2015-04-30 14:39:35', '681eac51-bbae-4964-9944-0c1eb8c51978');



DROP TABLE IF EXISTS `craft_emailmessages`;


--
-- Schema for table `craft_emailmessages`
--
CREATE TABLE `craft_emailmessages` (
  `id` int(11) NOT NULL AUTO_INCREMENT,
  `key` char(150) COLLATE utf8_unicode_ci NOT NULL,
  `locale` char(12) COLLATE utf8_unicode_ci NOT NULL,
  `subject` varchar(1000) COLLATE utf8_unicode_ci NOT NULL,
  `body` text COLLATE utf8_unicode_ci NOT NULL,
  `dateCreated` datetime NOT NULL,
  `dateUpdated` datetime NOT NULL,
  `uid` char(36) COLLATE utf8_unicode_ci NOT NULL DEFAULT '0',
  PRIMARY KEY (`id`),
  UNIQUE KEY `craft_emailmessages_key_locale_unq_idx` (`key`,`locale`),
  KEY `craft_emailmessages_locale_fk` (`locale`)
) ENGINE=InnoDB DEFAULT CHARSET=utf8 COLLATE=utf8_unicode_ci;

DROP TABLE IF EXISTS `craft_entries`;


--
-- Schema for table `craft_entries`
--
CREATE TABLE `craft_entries` (
  `id` int(11) NOT NULL,
  `sectionId` int(11) NOT NULL,
  `typeId` int(11) DEFAULT NULL,
  `authorId` int(11) DEFAULT NULL,
  `postDate` datetime DEFAULT NULL,
  `expiryDate` datetime DEFAULT NULL,
  `dateCreated` datetime NOT NULL,
  `dateUpdated` datetime NOT NULL,
  `uid` char(36) COLLATE utf8_unicode_ci NOT NULL DEFAULT '0',
  PRIMARY KEY (`id`),
  KEY `craft_entries_sectionId_idx` (`sectionId`),
  KEY `craft_entries_typeId_idx` (`typeId`),
  KEY `craft_entries_postDate_idx` (`postDate`),
  KEY `craft_entries_expiryDate_idx` (`expiryDate`),
  KEY `craft_entries_authorId_fk` (`authorId`)
) ENGINE=InnoDB DEFAULT CHARSET=utf8 COLLATE=utf8_unicode_ci;

--
-- Data for table `craft_entries`
--

INSERT INTO `craft_entries` (`id`, `sectionId`, `typeId`, `authorId`, `postDate`, `expiryDate`, `dateCreated`, `dateUpdated`, `uid`) VALUES ('2', '1', '1', NULL, '2015-02-20 22:13:00', NULL, '2015-02-20 22:13:00', '2015-02-20 22:13:00', 'b7565573-8228-45b6-9fd8-3694c68bd65a');
INSERT INTO `craft_entries` (`id`, `sectionId`, `typeId`, `authorId`, `postDate`, `expiryDate`, `dateCreated`, `dateUpdated`, `uid`) VALUES ('4', '3', '3', '1', '2015-02-20 22:44:00', NULL, '2015-02-20 22:44:38', '2015-03-30 02:47:30', '8b7a00ca-5981-4c75-ad68-277b82d7b7de');
INSERT INTO `craft_entries` (`id`, `sectionId`, `typeId`, `authorId`, `postDate`, `expiryDate`, `dateCreated`, `dateUpdated`, `uid`) VALUES ('46', '3', '3', '1', '2015-02-21 16:23:00', NULL, '2015-02-21 16:23:52', '2015-03-30 03:20:32', '14f06ce4-3398-4083-9e59-75b4e1645e21');
INSERT INTO `craft_entries` (`id`, `sectionId`, `typeId`, `authorId`, `postDate`, `expiryDate`, `dateCreated`, `dateUpdated`, `uid`) VALUES ('52', '3', '3', '1', '2015-02-21 16:24:00', NULL, '2015-02-21 16:24:47', '2015-03-30 03:15:10', '2a57d55c-b219-42f6-8dd7-75f36c1fe384');
INSERT INTO `craft_entries` (`id`, `sectionId`, `typeId`, `authorId`, `postDate`, `expiryDate`, `dateCreated`, `dateUpdated`, `uid`) VALUES ('59', '3', '3', '1', '2015-02-21 16:26:00', NULL, '2015-02-21 16:26:49', '2015-03-30 02:44:05', '0f2843ab-7924-46c1-9224-c7fae5a2777c');
INSERT INTO `craft_entries` (`id`, `sectionId`, `typeId`, `authorId`, `postDate`, `expiryDate`, `dateCreated`, `dateUpdated`, `uid`) VALUES ('66', '3', '3', '1', '2015-02-21 16:28:00', NULL, '2015-02-21 16:28:03', '2015-03-30 02:31:20', '5cd884d6-82ea-4385-b939-a6bf57179b52');
INSERT INTO `craft_entries` (`id`, `sectionId`, `typeId`, `authorId`, `postDate`, `expiryDate`, `dateCreated`, `dateUpdated`, `uid`) VALUES ('72', '3', '3', '1', '2015-02-21 16:28:00', NULL, '2015-02-21 16:28:54', '2015-03-30 02:18:31', 'cfb8443c-8f57-4c03-8015-4fcb35cf1a9d');
INSERT INTO `craft_entries` (`id`, `sectionId`, `typeId`, `authorId`, `postDate`, `expiryDate`, `dateCreated`, `dateUpdated`, `uid`) VALUES ('78', '3', '3', '1', '2015-02-21 16:29:00', NULL, '2015-02-21 16:29:56', '2015-03-30 02:30:16', '6e5158df-d278-4c80-847a-c3b54a7cacd7');
INSERT INTO `craft_entries` (`id`, `sectionId`, `typeId`, `authorId`, `postDate`, `expiryDate`, `dateCreated`, `dateUpdated`, `uid`) VALUES ('85', '3', '3', '1', '2015-02-21 16:32:00', NULL, '2015-02-21 16:32:31', '2015-03-30 03:36:34', '5452354b-51ab-45fd-9b40-03741b7d70b5');
INSERT INTO `craft_entries` (`id`, `sectionId`, `typeId`, `authorId`, `postDate`, `expiryDate`, `dateCreated`, `dateUpdated`, `uid`) VALUES ('91', '3', '3', '1', '2015-02-21 16:33:00', NULL, '2015-02-21 16:33:42', '2015-03-30 02:49:30', '6f5215ab-bcc5-4c33-bf79-362f35f7bbb0');



DROP TABLE IF EXISTS `craft_entrydrafts`;


--
-- Schema for table `craft_entrydrafts`
--
CREATE TABLE `craft_entrydrafts` (
  `id` int(11) NOT NULL AUTO_INCREMENT,
  `entryId` int(11) NOT NULL,
  `sectionId` int(11) NOT NULL,
  `creatorId` int(11) NOT NULL,
  `locale` char(12) COLLATE utf8_unicode_ci NOT NULL,
  `name` varchar(255) COLLATE utf8_unicode_ci NOT NULL,
  `notes` tinytext COLLATE utf8_unicode_ci,
  `data` mediumtext COLLATE utf8_unicode_ci NOT NULL,
  `dateCreated` datetime NOT NULL,
  `dateUpdated` datetime NOT NULL,
  `uid` char(36) COLLATE utf8_unicode_ci NOT NULL DEFAULT '0',
  PRIMARY KEY (`id`),
  KEY `craft_entrydrafts_entryId_locale_idx` (`entryId`,`locale`),
  KEY `craft_entrydrafts_sectionId_fk` (`sectionId`),
  KEY `craft_entrydrafts_creatorId_fk` (`creatorId`),
  KEY `craft_entrydrafts_locale_fk` (`locale`)
) ENGINE=InnoDB DEFAULT CHARSET=utf8 COLLATE=utf8_unicode_ci;

DROP TABLE IF EXISTS `craft_entrytypes`;


--
-- Schema for table `craft_entrytypes`
--
CREATE TABLE `craft_entrytypes` (
  `id` int(11) NOT NULL AUTO_INCREMENT,
  `sectionId` int(11) NOT NULL,
  `fieldLayoutId` int(11) DEFAULT NULL,
  `name` varchar(255) COLLATE utf8_unicode_ci NOT NULL,
  `handle` varchar(255) COLLATE utf8_unicode_ci NOT NULL,
  `hasTitleField` tinyint(1) unsigned NOT NULL DEFAULT '1',
  `titleLabel` varchar(255) COLLATE utf8_unicode_ci DEFAULT 'Title',
  `titleFormat` varchar(255) COLLATE utf8_unicode_ci DEFAULT NULL,
  `sortOrder` tinyint(4) DEFAULT NULL,
  `dateCreated` datetime NOT NULL,
  `dateUpdated` datetime NOT NULL,
  `uid` char(36) COLLATE utf8_unicode_ci NOT NULL DEFAULT '0',
  PRIMARY KEY (`id`),
  UNIQUE KEY `craft_entrytypes_name_sectionId_unq_idx` (`name`,`sectionId`),
  UNIQUE KEY `craft_entrytypes_handle_sectionId_unq_idx` (`handle`,`sectionId`),
  KEY `craft_entrytypes_sectionId_fk` (`sectionId`),
  KEY `craft_entrytypes_fieldLayoutId_fk` (`fieldLayoutId`)
) ENGINE=InnoDB AUTO_INCREMENT=4 DEFAULT CHARSET=utf8 COLLATE=utf8_unicode_ci;

--
-- Data for table `craft_entrytypes`
--

INSERT INTO `craft_entrytypes` (`id`, `sectionId`, `fieldLayoutId`, `name`, `handle`, `hasTitleField`, `titleLabel`, `titleFormat`, `sortOrder`, `dateCreated`, `dateUpdated`, `uid`) VALUES ('1', '1', '3', 'Homepage', 'homepage', '1', 'Title', NULL, NULL, '2015-02-20 22:13:00', '2015-02-20 22:13:00', '4c633cbd-58f9-45bd-a767-618dfc9360e5');
INSERT INTO `craft_entrytypes` (`id`, `sectionId`, `fieldLayoutId`, `name`, `handle`, `hasTitleField`, `titleLabel`, `titleFormat`, `sortOrder`, `dateCreated`, `dateUpdated`, `uid`) VALUES ('3', '3', '25', 'Projects', 'projects', '1', 'Title', NULL, NULL, '2015-02-20 22:35:06', '2015-03-20 21:30:55', '0996005b-d7ae-4b9c-bcf8-c336589a3ef3');



DROP TABLE IF EXISTS `craft_entryversions`;


--
-- Schema for table `craft_entryversions`
--
CREATE TABLE `craft_entryversions` (
  `id` int(11) NOT NULL AUTO_INCREMENT,
  `entryId` int(11) NOT NULL,
  `sectionId` int(11) NOT NULL,
  `creatorId` int(11) DEFAULT NULL,
  `locale` char(12) COLLATE utf8_unicode_ci NOT NULL,
  `num` smallint(6) unsigned NOT NULL,
  `notes` tinytext COLLATE utf8_unicode_ci,
  `data` mediumtext COLLATE utf8_unicode_ci NOT NULL,
  `dateCreated` datetime NOT NULL,
  `dateUpdated` datetime NOT NULL,
  `uid` char(36) COLLATE utf8_unicode_ci NOT NULL DEFAULT '0',
  PRIMARY KEY (`id`),
  KEY `craft_entryversions_entryId_locale_idx` (`entryId`,`locale`),
  KEY `craft_entryversions_sectionId_fk` (`sectionId`),
  KEY `craft_entryversions_creatorId_fk` (`creatorId`),
  KEY `craft_entryversions_locale_fk` (`locale`)
) ENGINE=InnoDB DEFAULT CHARSET=utf8 COLLATE=utf8_unicode_ci;

DROP TABLE IF EXISTS `craft_fieldgroups`;


--
-- Schema for table `craft_fieldgroups`
--
CREATE TABLE `craft_fieldgroups` (
  `id` int(11) NOT NULL AUTO_INCREMENT,
  `name` varchar(255) COLLATE utf8_unicode_ci NOT NULL,
  `dateCreated` datetime NOT NULL,
  `dateUpdated` datetime NOT NULL,
  `uid` char(36) COLLATE utf8_unicode_ci NOT NULL DEFAULT '0',
  PRIMARY KEY (`id`),
  UNIQUE KEY `craft_fieldgroups_name_unq_idx` (`name`)
) ENGINE=InnoDB AUTO_INCREMENT=3 DEFAULT CHARSET=utf8 COLLATE=utf8_unicode_ci;

--
-- Data for table `craft_fieldgroups`
--

INSERT INTO `craft_fieldgroups` (`id`, `name`, `dateCreated`, `dateUpdated`, `uid`) VALUES ('1', 'Default', '2015-02-20 22:13:00', '2015-02-20 22:13:00', '2c330b28-18bc-48c1-a60e-a1c654dc22ad');
INSERT INTO `craft_fieldgroups` (`id`, `name`, `dateCreated`, `dateUpdated`, `uid`) VALUES ('2', 'Project Fields', '2015-02-20 22:36:38', '2015-02-20 22:36:38', 'ee11eaa2-f4c3-425e-8f6a-e5181a47102d');



DROP TABLE IF EXISTS `craft_fieldlayoutfields`;


--
-- Schema for table `craft_fieldlayoutfields`
--
CREATE TABLE `craft_fieldlayoutfields` (
  `id` int(11) NOT NULL AUTO_INCREMENT,
  `layoutId` int(11) NOT NULL,
  `tabId` int(11) NOT NULL,
  `fieldId` int(11) NOT NULL,
  `required` tinyint(1) unsigned NOT NULL DEFAULT '0',
  `sortOrder` tinyint(4) DEFAULT NULL,
  `dateCreated` datetime NOT NULL,
  `dateUpdated` datetime NOT NULL,
  `uid` char(36) COLLATE utf8_unicode_ci NOT NULL DEFAULT '0',
  PRIMARY KEY (`id`),
  UNIQUE KEY `craft_fieldlayoutfields_layoutId_fieldId_unq_idx` (`layoutId`,`fieldId`),
  KEY `craft_fieldlayoutfields_sortOrder_idx` (`sortOrder`),
  KEY `craft_fieldlayoutfields_tabId_fk` (`tabId`),
  KEY `craft_fieldlayoutfields_fieldId_fk` (`fieldId`)
) ENGINE=InnoDB AUTO_INCREMENT=50 DEFAULT CHARSET=utf8 COLLATE=utf8_unicode_ci;

--
-- Data for table `craft_fieldlayoutfields`
--

INSERT INTO `craft_fieldlayoutfields` (`id`, `layoutId`, `tabId`, `fieldId`, `required`, `sortOrder`, `dateCreated`, `dateUpdated`, `uid`) VALUES ('7', '9', '4', '6', '0', '1', '2015-02-20 22:43:30', '2015-02-20 22:43:30', 'f9e05d3c-f675-4b13-b6c2-a32aa67f73d8');
INSERT INTO `craft_fieldlayoutfields` (`id`, `layoutId`, `tabId`, `fieldId`, `required`, `sortOrder`, `dateCreated`, `dateUpdated`, `uid`) VALUES ('42', '25', '16', '9', '0', '1', '2015-03-20 21:30:55', '2015-03-20 21:30:55', '7a52d59f-ec6b-458a-a52c-20f3a5a1c9b4');
INSERT INTO `craft_fieldlayoutfields` (`id`, `layoutId`, `tabId`, `fieldId`, `required`, `sortOrder`, `dateCreated`, `dateUpdated`, `uid`) VALUES ('43', '25', '16', '8', '0', '2', '2015-03-20 21:30:55', '2015-03-20 21:30:55', '4cdecb53-3b5f-47bb-9dd5-073b0232243c');
INSERT INTO `craft_fieldlayoutfields` (`id`, `layoutId`, `tabId`, `fieldId`, `required`, `sortOrder`, `dateCreated`, `dateUpdated`, `uid`) VALUES ('44', '25', '16', '5', '0', '3', '2015-03-20 21:30:55', '2015-03-20 21:30:55', '82fb67da-9d11-4dc4-90e5-fcfa503ac69b');
INSERT INTO `craft_fieldlayoutfields` (`id`, `layoutId`, `tabId`, `fieldId`, `required`, `sortOrder`, `dateCreated`, `dateUpdated`, `uid`) VALUES ('45', '25', '16', '4', '0', '4', '2015-03-20 21:30:55', '2015-03-20 21:30:55', 'c5a184c5-deef-4dd2-9691-b5bad9762a39');
INSERT INTO `craft_fieldlayoutfields` (`id`, `layoutId`, `tabId`, `fieldId`, `required`, `sortOrder`, `dateCreated`, `dateUpdated`, `uid`) VALUES ('46', '25', '16', '10', '0', '5', '2015-03-20 21:30:55', '2015-03-20 21:30:55', 'e43fbb1b-76a5-4b5a-b23f-ae35a36738a8');
INSERT INTO `craft_fieldlayoutfields` (`id`, `layoutId`, `tabId`, `fieldId`, `required`, `sortOrder`, `dateCreated`, `dateUpdated`, `uid`) VALUES ('47', '26', '17', '11', '0', '1', '2015-03-20 21:31:48', '2015-03-20 21:31:48', '12ca1634-b59a-4e69-aecc-cc696da667f9');
INSERT INTO `craft_fieldlayoutfields` (`id`, `layoutId`, `tabId`, `fieldId`, `required`, `sortOrder`, `dateCreated`, `dateUpdated`, `uid`) VALUES ('48', '27', '18', '13', '0', '1', '2015-03-20 21:31:48', '2015-03-20 21:31:48', '88b4cb82-2565-4673-aa10-7eeadfb12e3a');
INSERT INTO `craft_fieldlayoutfields` (`id`, `layoutId`, `tabId`, `fieldId`, `required`, `sortOrder`, `dateCreated`, `dateUpdated`, `uid`) VALUES ('49', '28', '19', '15', '0', '1', '2015-03-20 21:31:48', '2015-03-20 21:31:48', '9d97475b-0a37-440d-acf8-9677db3a80f4');



DROP TABLE IF EXISTS `craft_fieldlayouts`;


--
-- Schema for table `craft_fieldlayouts`
--
CREATE TABLE `craft_fieldlayouts` (
  `id` int(11) NOT NULL AUTO_INCREMENT,
  `type` varchar(150) COLLATE utf8_unicode_ci NOT NULL,
  `dateCreated` datetime NOT NULL,
  `dateUpdated` datetime NOT NULL,
  `uid` char(36) COLLATE utf8_unicode_ci NOT NULL DEFAULT '0',
  PRIMARY KEY (`id`),
  KEY `craft_fieldlayouts_type_idx` (`type`)
) ENGINE=InnoDB AUTO_INCREMENT=29 DEFAULT CHARSET=utf8 COLLATE=utf8_unicode_ci;

--
-- Data for table `craft_fieldlayouts`
--

INSERT INTO `craft_fieldlayouts` (`id`, `type`, `dateCreated`, `dateUpdated`, `uid`) VALUES ('1', 'Tag', '2015-02-20 22:13:00', '2015-02-20 22:13:00', 'e9dfbb12-1a29-463b-a8fa-59637310c49b');
INSERT INTO `craft_fieldlayouts` (`id`, `type`, `dateCreated`, `dateUpdated`, `uid`) VALUES ('3', 'Entry', '2015-02-20 22:13:00', '2015-02-20 22:13:00', '71ec46ec-a768-41cc-840f-66e48c1783d0');
INSERT INTO `craft_fieldlayouts` (`id`, `type`, `dateCreated`, `dateUpdated`, `uid`) VALUES ('5', 'Entry', '2015-02-20 22:13:00', '2015-02-20 22:13:00', '54bca310-ac83-4490-96b7-9ca009705f8e');
INSERT INTO `craft_fieldlayouts` (`id`, `type`, `dateCreated`, `dateUpdated`, `uid`) VALUES ('9', 'MatrixBlock', '2015-02-20 22:43:30', '2015-02-20 22:43:30', '43a71017-570e-4085-a4d6-e68a972b073b');
INSERT INTO `craft_fieldlayouts` (`id`, `type`, `dateCreated`, `dateUpdated`, `uid`) VALUES ('15', 'Asset', '2015-02-21 20:43:53', '2015-02-21 20:43:53', '2c8eb40b-533a-4b89-9c77-ad164f2f8047');
INSERT INTO `craft_fieldlayouts` (`id`, `type`, `dateCreated`, `dateUpdated`, `uid`) VALUES ('25', 'Entry', '2015-03-20 21:30:55', '2015-03-20 21:30:55', '5681553b-606d-4a3d-873d-1971765d590a');
INSERT INTO `craft_fieldlayouts` (`id`, `type`, `dateCreated`, `dateUpdated`, `uid`) VALUES ('26', 'MatrixBlock', '2015-03-20 21:31:48', '2015-03-20 21:31:48', '235ec6b8-3b35-411a-ac9f-ed8402285293');
INSERT INTO `craft_fieldlayouts` (`id`, `type`, `dateCreated`, `dateUpdated`, `uid`) VALUES ('27', 'MatrixBlock', '2015-03-20 21:31:48', '2015-03-20 21:31:48', 'a7aaea75-d6e0-4a51-9e60-30430f82544f');
INSERT INTO `craft_fieldlayouts` (`id`, `type`, `dateCreated`, `dateUpdated`, `uid`) VALUES ('28', 'MatrixBlock', '2015-03-20 21:31:48', '2015-03-20 21:31:48', 'a5f6850c-6455-428c-a823-001025c66253');



DROP TABLE IF EXISTS `craft_fieldlayouttabs`;


--
-- Schema for table `craft_fieldlayouttabs`
--
CREATE TABLE `craft_fieldlayouttabs` (
  `id` int(11) NOT NULL AUTO_INCREMENT,
  `layoutId` int(11) NOT NULL,
  `name` varchar(255) COLLATE utf8_unicode_ci NOT NULL,
  `sortOrder` tinyint(4) DEFAULT NULL,
  `dateCreated` datetime NOT NULL,
  `dateUpdated` datetime NOT NULL,
  `uid` char(36) COLLATE utf8_unicode_ci NOT NULL DEFAULT '0',
  PRIMARY KEY (`id`),
  KEY `craft_fieldlayouttabs_sortOrder_idx` (`sortOrder`),
  KEY `craft_fieldlayouttabs_layoutId_fk` (`layoutId`)
) ENGINE=InnoDB AUTO_INCREMENT=20 DEFAULT CHARSET=utf8 COLLATE=utf8_unicode_ci;

--
-- Data for table `craft_fieldlayouttabs`
--

INSERT INTO `craft_fieldlayouttabs` (`id`, `layoutId`, `name`, `sortOrder`, `dateCreated`, `dateUpdated`, `uid`) VALUES ('1', '3', 'Content', '1', '2015-02-20 22:13:00', '2015-02-20 22:13:00', '788871d1-888b-40ce-bba9-d7f43f9e40b3');
INSERT INTO `craft_fieldlayouttabs` (`id`, `layoutId`, `name`, `sortOrder`, `dateCreated`, `dateUpdated`, `uid`) VALUES ('2', '5', 'Content', '1', '2015-02-20 22:13:00', '2015-02-20 22:13:00', 'a33033ca-1d86-4223-8089-f8e4f3c96714');
INSERT INTO `craft_fieldlayouttabs` (`id`, `layoutId`, `name`, `sortOrder`, `dateCreated`, `dateUpdated`, `uid`) VALUES ('4', '9', 'Content', '1', '2015-02-20 22:43:30', '2015-02-20 22:43:30', '3136bd1f-0a4a-408a-93f7-f384ce4517e3');
INSERT INTO `craft_fieldlayouttabs` (`id`, `layoutId`, `name`, `sortOrder`, `dateCreated`, `dateUpdated`, `uid`) VALUES ('16', '25', 'Project Fields', '1', '2015-03-20 21:30:55', '2015-03-20 21:30:55', 'fbec03ec-8180-474f-b7b8-4d84d6fc593a');
INSERT INTO `craft_fieldlayouttabs` (`id`, `layoutId`, `name`, `sortOrder`, `dateCreated`, `dateUpdated`, `uid`) VALUES ('17', '26', 'Content', '1', '2015-03-20 21:31:48', '2015-03-20 21:31:48', 'bd1bc76d-260b-4dac-8ed1-ad23c432d893');
INSERT INTO `craft_fieldlayouttabs` (`id`, `layoutId`, `name`, `sortOrder`, `dateCreated`, `dateUpdated`, `uid`) VALUES ('18', '27', 'Content', '1', '2015-03-20 21:31:48', '2015-03-20 21:31:48', '1b0c5da1-c96c-4154-9448-b91b21dc5b6a');
INSERT INTO `craft_fieldlayouttabs` (`id`, `layoutId`, `name`, `sortOrder`, `dateCreated`, `dateUpdated`, `uid`) VALUES ('19', '28', 'Content', '1', '2015-03-20 21:31:48', '2015-03-20 21:31:48', '357ecea1-ad5b-4a54-af81-b5c49ade4680');



DROP TABLE IF EXISTS `craft_fields`;


--
-- Schema for table `craft_fields`
--
CREATE TABLE `craft_fields` (
  `id` int(11) NOT NULL AUTO_INCREMENT,
  `groupId` int(11) DEFAULT NULL,
  `name` varchar(255) COLLATE utf8_unicode_ci NOT NULL,
  `handle` varchar(58) COLLATE utf8_unicode_ci NOT NULL,
  `context` varchar(255) COLLATE utf8_unicode_ci NOT NULL DEFAULT 'global',
  `instructions` text COLLATE utf8_unicode_ci,
  `translatable` tinyint(1) unsigned NOT NULL DEFAULT '0',
  `type` varchar(150) COLLATE utf8_unicode_ci NOT NULL,
  `settings` text COLLATE utf8_unicode_ci,
  `dateCreated` datetime NOT NULL,
  `dateUpdated` datetime NOT NULL,
  `uid` char(36) COLLATE utf8_unicode_ci NOT NULL DEFAULT '0',
  PRIMARY KEY (`id`),
  UNIQUE KEY `craft_fields_handle_context_unq_idx` (`handle`,`context`),
  KEY `craft_fields_context_idx` (`context`),
  KEY `craft_fields_groupId_fk` (`groupId`)
) ENGINE=InnoDB AUTO_INCREMENT=20 DEFAULT CHARSET=utf8 COLLATE=utf8_unicode_ci;

--
-- Data for table `craft_fields`
--

INSERT INTO `craft_fields` (`id`, `groupId`, `name`, `handle`, `context`, `instructions`, `translatable`, `type`, `settings`, `dateCreated`, `dateUpdated`, `uid`) VALUES ('4', '2', 'Project Description', 'project_descrip', 'global', '', '0', 'RichText', '{\"configFile\":\"\",\"cleanupHtml\":\"1\",\"purifyHtml\":\"\",\"columnType\":\"text\"}', '2015-02-20 22:37:15', '2015-02-23 21:08:51', '1c244fb2-ec53-4e76-84f2-319207f5a8b8');
INSERT INTO `craft_fields` (`id`, `groupId`, `name`, `handle`, `context`, `instructions`, `translatable`, `type`, `settings`, `dateCreated`, `dateUpdated`, `uid`) VALUES ('5', '2', 'skillz', 'skillz', 'global', '', '0', 'Matrix', '{\"maxBlocks\":null}', '2015-02-20 22:39:57', '2015-02-20 22:43:29', '964b97a5-443c-454d-aec4-e3b07addeb89');
INSERT INTO `craft_fields` (`id`, `groupId`, `name`, `handle`, `context`, `instructions`, `translatable`, `type`, `settings`, `dateCreated`, `dateUpdated`, `uid`) VALUES ('6', NULL, '__blank__', 'skill', 'matrixBlockType:1', '', '0', 'PlainText', '{\"placeholder\":\"\",\"maxLength\":\"\",\"multiline\":\"\",\"initialRows\":\"4\"}', '2015-02-20 22:43:29', '2015-02-20 22:43:29', 'b64a0894-7907-4045-9b6f-e106d5a10e8d');
INSERT INTO `craft_fields` (`id`, `groupId`, `name`, `handle`, `context`, `instructions`, `translatable`, `type`, `settings`, `dateCreated`, `dateUpdated`, `uid`) VALUES ('8', '2', 'Project Hero Image', 'hero_image', 'global', '', '0', 'Assets', '{\"useSingleFolder\":\"\",\"sources\":\"*\",\"defaultUploadLocationSource\":\"1\",\"defaultUploadLocationSubpath\":\"\\/{slug}\",\"singleUploadLocationSource\":\"1\",\"singleUploadLocationSubpath\":\"\",\"restrictFiles\":\"\",\"limit\":\"\"}', '2015-02-21 00:48:18', '2015-02-21 00:48:18', 'd7fc3262-f852-41b5-8162-0efcf5d42b47');
INSERT INTO `craft_fields` (`id`, `groupId`, `name`, `handle`, `context`, `instructions`, `translatable`, `type`, `settings`, `dateCreated`, `dateUpdated`, `uid`) VALUES ('9', '2', 'Project Thumb', 'project_thumb', 'global', '', '0', 'Assets', '{\"useSingleFolder\":\"1\",\"sources\":\"*\",\"defaultUploadLocationSource\":\"1\",\"defaultUploadLocationSubpath\":\"\",\"singleUploadLocationSource\":\"1\",\"singleUploadLocationSubpath\":\"\\/{slug}\",\"restrictFiles\":\"\",\"limit\":\"\"}', '2015-03-13 17:07:58', '2015-03-30 01:09:08', 'dda4c639-2041-4e7c-ad48-736dc9fc4942');
INSERT INTO `craft_fields` (`id`, `groupId`, `name`, `handle`, `context`, `instructions`, `translatable`, `type`, `settings`, `dateCreated`, `dateUpdated`, `uid`) VALUES ('10', '2', 'Project Images', 'project_images', 'global', '', '0', 'Matrix', '{\"maxBlocks\":null}', '2015-03-20 21:02:53', '2015-03-20 21:31:47', '5f0245a2-c468-4d55-9202-ff135406c260');
INSERT INTO `craft_fields` (`id`, `groupId`, `name`, `handle`, `context`, `instructions`, `translatable`, `type`, `settings`, `dateCreated`, `dateUpdated`, `uid`) VALUES ('11', NULL, 'Full Width Image', 'full_width_image', 'matrixBlockType:2', '', '0', 'Assets', '{\"useSingleFolder\":\"\",\"sources\":\"*\",\"defaultUploadLocationSource\":\"1\",\"defaultUploadLocationSubpath\":\"\\/{slug}\",\"singleUploadLocationSource\":\"1\",\"singleUploadLocationSubpath\":\"\",\"restrictFiles\":\"\",\"limit\":\"\"}', '2015-03-20 21:02:53', '2015-03-20 21:31:48', '59ffb6cc-240d-4bb4-b50f-ee556ddb56c3');
INSERT INTO `craft_fields` (`id`, `groupId`, `name`, `handle`, `context`, `instructions`, `translatable`, `type`, `settings`, `dateCreated`, `dateUpdated`, `uid`) VALUES ('13', NULL, 'Two Up Image', 'two_up_image', 'matrixBlockType:3', '', '0', 'Assets', '{\"useSingleFolder\":\"\",\"sources\":\"*\",\"defaultUploadLocationSource\":\"1\",\"defaultUploadLocationSubpath\":\"\\/{slug}\",\"singleUploadLocationSource\":\"1\",\"singleUploadLocationSubpath\":\"\",\"restrictFiles\":\"\",\"limit\":\"\"}', '2015-03-20 21:02:53', '2015-03-20 21:31:48', '137d7439-17ac-4663-849c-264043ca291a');
INSERT INTO `craft_fields` (`id`, `groupId`, `name`, `handle`, `context`, `instructions`, `translatable`, `type`, `settings`, `dateCreated`, `dateUpdated`, `uid`) VALUES ('15', NULL, 'Three Up Image', 'three_up_image', 'matrixBlockType:4', '', '0', 'Assets', '{\"useSingleFolder\":\"\",\"sources\":\"*\",\"defaultUploadLocationSource\":\"1\",\"defaultUploadLocationSubpath\":\"\\/{slug}\",\"singleUploadLocationSource\":\"1\",\"singleUploadLocationSubpath\":\"\",\"restrictFiles\":\"\",\"limit\":\"\"}', '2015-03-20 21:02:53', '2015-03-20 21:31:48', 'fa11fe61-93d8-4011-8da8-2fff7cf1c502');
INSERT INTO `craft_fields` (`id`, `groupId`, `name`, `handle`, `context`, `instructions`, `translatable`, `type`, `settings`, `dateCreated`, `dateUpdated`, `uid`) VALUES ('17', '1', 'Full Width Images', 'full_width_images', 'global', '', '0', 'Assets', '{\"useSingleFolder\":\"\",\"sources\":\"*\",\"defaultUploadLocationSource\":\"1\",\"defaultUploadLocationSubpath\":\"\\/{slug}\",\"singleUploadLocationSource\":\"1\",\"singleUploadLocationSubpath\":\"\",\"restrictFiles\":\"\",\"limit\":\"\"}', '2015-03-20 21:22:02', '2015-03-20 21:22:02', '38702ad4-ec22-4fda-9942-1731e6763942');
INSERT INTO `craft_fields` (`id`, `groupId`, `name`, `handle`, `context`, `instructions`, `translatable`, `type`, `settings`, `dateCreated`, `dateUpdated`, `uid`) VALUES ('18', '1', '2 Up Images', 'two_up_images', 'global', '', '0', 'Assets', '{\"useSingleFolder\":\"\",\"sources\":\"*\",\"defaultUploadLocationSource\":\"1\",\"defaultUploadLocationSubpath\":\"\\/{slug}\",\"singleUploadLocationSource\":\"1\",\"singleUploadLocationSubpath\":\"\",\"restrictFiles\":\"\",\"limit\":\"\"}', '2015-03-20 21:22:19', '2015-03-20 21:22:19', 'd0c99182-718c-4e51-b9e3-baf29e51b90a');
INSERT INTO `craft_fields` (`id`, `groupId`, `name`, `handle`, `context`, `instructions`, `translatable`, `type`, `settings`, `dateCreated`, `dateUpdated`, `uid`) VALUES ('19', '1', '3 Up Images', 'three_up_images', 'global', '', '0', 'Assets', '{\"useSingleFolder\":\"\",\"sources\":\"*\",\"defaultUploadLocationSource\":\"1\",\"defaultUploadLocationSubpath\":\"\\/{slug}\",\"singleUploadLocationSource\":\"1\",\"singleUploadLocationSubpath\":\"\",\"restrictFiles\":\"\",\"limit\":\"\"}', '2015-03-20 21:22:37', '2015-03-20 21:22:37', '274a7b83-c582-4a55-979a-96a72cb6c1ff');



DROP TABLE IF EXISTS `craft_globalsets`;


--
-- Schema for table `craft_globalsets`
--
CREATE TABLE `craft_globalsets` (
  `id` int(11) NOT NULL,
  `name` varchar(255) COLLATE utf8_unicode_ci NOT NULL,
  `handle` varchar(255) COLLATE utf8_unicode_ci NOT NULL,
  `fieldLayoutId` int(10) DEFAULT NULL,
  `dateCreated` datetime NOT NULL,
  `dateUpdated` datetime NOT NULL,
  `uid` char(36) COLLATE utf8_unicode_ci NOT NULL DEFAULT '0',
  PRIMARY KEY (`id`),
  UNIQUE KEY `craft_globalsets_name_unq_idx` (`name`),
  UNIQUE KEY `craft_globalsets_handle_unq_idx` (`handle`),
  KEY `craft_globalsets_fieldLayoutId_fk` (`fieldLayoutId`)
) ENGINE=InnoDB DEFAULT CHARSET=utf8 COLLATE=utf8_unicode_ci;

DROP TABLE IF EXISTS `craft_info`;


--
-- Schema for table `craft_info`
--
CREATE TABLE `craft_info` (
  `id` int(11) NOT NULL AUTO_INCREMENT,
  `version` varchar(15) COLLATE utf8_unicode_ci NOT NULL,
  `build` int(11) unsigned NOT NULL,
  `schemaVersion` varchar(15) COLLATE utf8_unicode_ci NOT NULL,
  `releaseDate` datetime NOT NULL,
  `edition` tinyint(1) unsigned NOT NULL DEFAULT '0',
  `siteName` varchar(100) COLLATE utf8_unicode_ci NOT NULL,
  `siteUrl` varchar(255) COLLATE utf8_unicode_ci NOT NULL,
  `timezone` varchar(30) COLLATE utf8_unicode_ci DEFAULT NULL,
  `on` tinyint(1) unsigned NOT NULL DEFAULT '0',
  `maintenance` tinyint(1) unsigned NOT NULL DEFAULT '0',
  `track` varchar(40) COLLATE utf8_unicode_ci NOT NULL,
  `dateCreated` datetime NOT NULL,
  `dateUpdated` datetime NOT NULL,
  `uid` char(36) COLLATE utf8_unicode_ci NOT NULL DEFAULT '0',
  PRIMARY KEY (`id`)
) ENGINE=InnoDB AUTO_INCREMENT=2 DEFAULT CHARSET=utf8 COLLATE=utf8_unicode_ci;

--
-- Data for table `craft_info`
--

INSERT INTO `craft_info` (`id`, `version`, `build`, `schemaVersion`, `releaseDate`, `edition`, `siteName`, `siteUrl`, `timezone`, `on`, `maintenance`, `track`, `dateCreated`, `dateUpdated`, `uid`) VALUES ('1', '2.3', '2640', '2.3.4', '2015-03-12 22:07:39', '0', 'Ellen Dykes Web Designer', 'http://ellendykes.dev:8888', 'UTC', '1', '1', 'stable', '2015-02-20 22:12:53', '2015-04-30 14:47:22', 'e6209d21-52ec-41b2-b670-0daaf13c3b7a');



DROP TABLE IF EXISTS `craft_locales`;


--
-- Schema for table `craft_locales`
--
CREATE TABLE `craft_locales` (
  `locale` char(12) COLLATE utf8_unicode_ci NOT NULL,
  `sortOrder` tinyint(4) DEFAULT NULL,
  `dateCreated` datetime NOT NULL,
  `dateUpdated` datetime NOT NULL,
  `uid` char(36) COLLATE utf8_unicode_ci NOT NULL DEFAULT '0',
  PRIMARY KEY (`locale`),
  KEY `craft_locales_sortOrder_idx` (`sortOrder`)
) ENGINE=InnoDB DEFAULT CHARSET=utf8 COLLATE=utf8_unicode_ci;

--
-- Data for table `craft_locales`
--

INSERT INTO `craft_locales` (`locale`, `sortOrder`, `dateCreated`, `dateUpdated`, `uid`) VALUES ('en_us', '1', '2015-02-20 22:12:54', '2015-02-20 22:12:54', '14e3da30-1cc6-4008-96e7-be4352b50bc8');



DROP TABLE IF EXISTS `craft_matrixblocks`;


--
-- Schema for table `craft_matrixblocks`
--
CREATE TABLE `craft_matrixblocks` (
  `id` int(11) NOT NULL,
  `ownerId` int(11) NOT NULL,
  `fieldId` int(11) NOT NULL,
  `typeId` int(11) DEFAULT NULL,
  `sortOrder` tinyint(4) DEFAULT NULL,
  `ownerLocale` char(12) COLLATE utf8_unicode_ci DEFAULT NULL,
  `dateCreated` datetime NOT NULL,
  `dateUpdated` datetime NOT NULL,
  `uid` char(36) COLLATE utf8_unicode_ci NOT NULL DEFAULT '0',
  PRIMARY KEY (`id`),
  KEY `craft_matrixblocks_ownerId_idx` (`ownerId`),
  KEY `craft_matrixblocks_fieldId_idx` (`fieldId`),
  KEY `craft_matrixblocks_typeId_idx` (`typeId`),
  KEY `craft_matrixblocks_sortOrder_idx` (`sortOrder`),
  KEY `craft_matrixblocks_ownerLocale_fk` (`ownerLocale`)
) ENGINE=InnoDB DEFAULT CHARSET=utf8 COLLATE=utf8_unicode_ci;

--
-- Data for table `craft_matrixblocks`
--

INSERT INTO `craft_matrixblocks` (`id`, `ownerId`, `fieldId`, `typeId`, `sortOrder`, `ownerLocale`, `dateCreated`, `dateUpdated`, `uid`) VALUES ('5', '4', '5', '1', '1', NULL, '2015-02-20 22:44:38', '2015-03-30 02:47:29', 'f5b7adb2-979f-4a0c-b143-f35cf6670fad');
INSERT INTO `craft_matrixblocks` (`id`, `ownerId`, `fieldId`, `typeId`, `sortOrder`, `ownerLocale`, `dateCreated`, `dateUpdated`, `uid`) VALUES ('6', '4', '5', '1', '2', NULL, '2015-02-20 22:44:38', '2015-03-30 02:47:29', 'bd75ba6e-7f83-41de-b081-3be97a420121');
INSERT INTO `craft_matrixblocks` (`id`, `ownerId`, `fieldId`, `typeId`, `sortOrder`, `ownerLocale`, `dateCreated`, `dateUpdated`, `uid`) VALUES ('7', '4', '5', '1', '3', NULL, '2015-02-20 22:44:38', '2015-03-30 02:47:29', '2ecd7088-e186-4998-b35d-9bc09b4eb3f2');
INSERT INTO `craft_matrixblocks` (`id`, `ownerId`, `fieldId`, `typeId`, `sortOrder`, `ownerLocale`, `dateCreated`, `dateUpdated`, `uid`) VALUES ('8', '4', '5', '1', '4', NULL, '2015-02-20 22:44:38', '2015-03-30 02:47:29', 'a84f824a-6c61-4ee3-960a-e3cb1dda17a0');
INSERT INTO `craft_matrixblocks` (`id`, `ownerId`, `fieldId`, `typeId`, `sortOrder`, `ownerLocale`, `dateCreated`, `dateUpdated`, `uid`) VALUES ('9', '4', '5', '1', '5', NULL, '2015-02-20 22:44:38', '2015-03-30 02:47:30', '3e258df2-4951-4c6d-bb15-b9f98ed0c71e');
INSERT INTO `craft_matrixblocks` (`id`, `ownerId`, `fieldId`, `typeId`, `sortOrder`, `ownerLocale`, `dateCreated`, `dateUpdated`, `uid`) VALUES ('47', '46', '5', '1', '2', NULL, '2015-02-21 16:23:52', '2015-03-30 03:20:32', 'efa37852-9051-4520-b7cd-8416c735887c');
INSERT INTO `craft_matrixblocks` (`id`, `ownerId`, `fieldId`, `typeId`, `sortOrder`, `ownerLocale`, `dateCreated`, `dateUpdated`, `uid`) VALUES ('48', '46', '5', '1', '3', NULL, '2015-02-21 16:23:52', '2015-03-30 03:20:32', '886b8d3c-1a83-4698-8d4a-d60432bfd636');
INSERT INTO `craft_matrixblocks` (`id`, `ownerId`, `fieldId`, `typeId`, `sortOrder`, `ownerLocale`, `dateCreated`, `dateUpdated`, `uid`) VALUES ('49', '46', '5', '1', '4', NULL, '2015-02-21 16:23:52', '2015-03-30 03:20:32', 'cf8315d5-76c6-4b98-a5e4-de3cd9412b40');
INSERT INTO `craft_matrixblocks` (`id`, `ownerId`, `fieldId`, `typeId`, `sortOrder`, `ownerLocale`, `dateCreated`, `dateUpdated`, `uid`) VALUES ('50', '46', '5', '1', '5', NULL, '2015-02-21 16:23:52', '2015-03-30 03:20:32', '7219b0d8-845b-47c9-b046-d67bd2af2ffb');
INSERT INTO `craft_matrixblocks` (`id`, `ownerId`, `fieldId`, `typeId`, `sortOrder`, `ownerLocale`, `dateCreated`, `dateUpdated`, `uid`) VALUES ('51', '46', '5', '1', '6', NULL, '2015-02-21 16:23:52', '2015-03-30 03:20:32', '10bd0b77-f326-4555-87e9-05fef11a2ee7');
INSERT INTO `craft_matrixblocks` (`id`, `ownerId`, `fieldId`, `typeId`, `sortOrder`, `ownerLocale`, `dateCreated`, `dateUpdated`, `uid`) VALUES ('53', '52', '5', '1', '1', NULL, '2015-02-21 16:24:47', '2015-03-30 03:15:10', '483eb185-bfd0-48eb-950d-0cd869a63b75');
INSERT INTO `craft_matrixblocks` (`id`, `ownerId`, `fieldId`, `typeId`, `sortOrder`, `ownerLocale`, `dateCreated`, `dateUpdated`, `uid`) VALUES ('54', '52', '5', '1', '2', NULL, '2015-02-21 16:24:47', '2015-03-30 03:15:10', '9e01897e-1148-485a-8969-8f2f20916921');
INSERT INTO `craft_matrixblocks` (`id`, `ownerId`, `fieldId`, `typeId`, `sortOrder`, `ownerLocale`, `dateCreated`, `dateUpdated`, `uid`) VALUES ('55', '52', '5', '1', '3', NULL, '2015-02-21 16:24:47', '2015-03-30 03:15:10', '7e666aed-836a-49bc-a174-b04d536541b1');
INSERT INTO `craft_matrixblocks` (`id`, `ownerId`, `fieldId`, `typeId`, `sortOrder`, `ownerLocale`, `dateCreated`, `dateUpdated`, `uid`) VALUES ('56', '52', '5', '1', '4', NULL, '2015-02-21 16:24:47', '2015-03-30 03:15:10', 'dee6e82c-6991-4276-8d40-ce6f029209ac');
INSERT INTO `craft_matrixblocks` (`id`, `ownerId`, `fieldId`, `typeId`, `sortOrder`, `ownerLocale`, `dateCreated`, `dateUpdated`, `uid`) VALUES ('57', '52', '5', '1', '5', NULL, '2015-02-21 16:24:47', '2015-03-30 03:15:10', '5bb378e7-2b1b-4040-98f1-f8ec77ec7178');
INSERT INTO `craft_matrixblocks` (`id`, `ownerId`, `fieldId`, `typeId`, `sortOrder`, `ownerLocale`, `dateCreated`, `dateUpdated`, `uid`) VALUES ('58', '52', '5', '1', '6', NULL, '2015-02-21 16:24:47', '2015-03-30 03:15:10', '6b86ad83-9f83-4499-803b-d67f00514750');
INSERT INTO `craft_matrixblocks` (`id`, `ownerId`, `fieldId`, `typeId`, `sortOrder`, `ownerLocale`, `dateCreated`, `dateUpdated`, `uid`) VALUES ('60', '59', '5', '1', '1', NULL, '2015-02-21 16:26:49', '2015-03-30 02:44:05', '8144db07-53c6-456a-b31f-e2adb3eeefa1');
INSERT INTO `craft_matrixblocks` (`id`, `ownerId`, `fieldId`, `typeId`, `sortOrder`, `ownerLocale`, `dateCreated`, `dateUpdated`, `uid`) VALUES ('61', '59', '5', '1', '2', NULL, '2015-02-21 16:26:49', '2015-03-30 02:44:05', '322d3908-02d9-4336-aeac-ca5be7231fbd');
INSERT INTO `craft_matrixblocks` (`id`, `ownerId`, `fieldId`, `typeId`, `sortOrder`, `ownerLocale`, `dateCreated`, `dateUpdated`, `uid`) VALUES ('62', '59', '5', '1', '3', NULL, '2015-02-21 16:26:49', '2015-03-30 02:44:05', 'df9116d6-b48f-4428-ba85-8f020a5d86ed');
INSERT INTO `craft_matrixblocks` (`id`, `ownerId`, `fieldId`, `typeId`, `sortOrder`, `ownerLocale`, `dateCreated`, `dateUpdated`, `uid`) VALUES ('63', '59', '5', '1', '4', NULL, '2015-02-21 16:26:49', '2015-03-30 02:44:05', 'c6ff2679-2697-4c93-844f-a4c3e63b24d0');
INSERT INTO `craft_matrixblocks` (`id`, `ownerId`, `fieldId`, `typeId`, `sortOrder`, `ownerLocale`, `dateCreated`, `dateUpdated`, `uid`) VALUES ('64', '59', '5', '1', '5', NULL, '2015-02-21 16:26:49', '2015-03-30 02:44:05', '9c6dd9bc-efb1-4891-850e-3c875a3592a9');
INSERT INTO `craft_matrixblocks` (`id`, `ownerId`, `fieldId`, `typeId`, `sortOrder`, `ownerLocale`, `dateCreated`, `dateUpdated`, `uid`) VALUES ('65', '59', '5', '1', '6', NULL, '2015-02-21 16:26:49', '2015-03-30 02:44:05', 'bc803621-be26-422c-8044-24823c281547');
INSERT INTO `craft_matrixblocks` (`id`, `ownerId`, `fieldId`, `typeId`, `sortOrder`, `ownerLocale`, `dateCreated`, `dateUpdated`, `uid`) VALUES ('67', '66', '5', '1', '1', NULL, '2015-02-21 16:28:03', '2015-03-30 02:31:20', 'fd0c7d26-e956-4bbf-aea4-13d9ebf5b9cd');
INSERT INTO `craft_matrixblocks` (`id`, `ownerId`, `fieldId`, `typeId`, `sortOrder`, `ownerLocale`, `dateCreated`, `dateUpdated`, `uid`) VALUES ('68', '66', '5', '1', '2', NULL, '2015-02-21 16:28:03', '2015-03-30 02:31:20', '2742d5fe-7628-4147-ab46-1e77a9a36739');
INSERT INTO `craft_matrixblocks` (`id`, `ownerId`, `fieldId`, `typeId`, `sortOrder`, `ownerLocale`, `dateCreated`, `dateUpdated`, `uid`) VALUES ('69', '66', '5', '1', '3', NULL, '2015-02-21 16:28:03', '2015-03-30 02:31:20', '41a77cc2-309c-4494-ac09-086e4cecdac2');
INSERT INTO `craft_matrixblocks` (`id`, `ownerId`, `fieldId`, `typeId`, `sortOrder`, `ownerLocale`, `dateCreated`, `dateUpdated`, `uid`) VALUES ('70', '66', '5', '1', '4', NULL, '2015-02-21 16:28:03', '2015-03-30 02:31:20', '21be25d1-cadb-4495-8d75-49d4b35f646f');
INSERT INTO `craft_matrixblocks` (`id`, `ownerId`, `fieldId`, `typeId`, `sortOrder`, `ownerLocale`, `dateCreated`, `dateUpdated`, `uid`) VALUES ('71', '66', '5', '1', '5', NULL, '2015-02-21 16:28:03', '2015-03-30 02:31:20', 'f055e5e1-4d01-482d-9291-c6072e91bcfb');
INSERT INTO `craft_matrixblocks` (`id`, `ownerId`, `fieldId`, `typeId`, `sortOrder`, `ownerLocale`, `dateCreated`, `dateUpdated`, `uid`) VALUES ('73', '72', '5', '1', '1', NULL, '2015-02-21 16:28:54', '2015-03-30 02:18:31', '1fde2f5f-e930-4c4a-97b3-8c0a930638d9');
INSERT INTO `craft_matrixblocks` (`id`, `ownerId`, `fieldId`, `typeId`, `sortOrder`, `ownerLocale`, `dateCreated`, `dateUpdated`, `uid`) VALUES ('74', '72', '5', '1', '2', NULL, '2015-02-21 16:28:54', '2015-03-30 02:18:31', 'e6e2cf92-ec20-496b-8a81-ba69e124a525');
INSERT INTO `craft_matrixblocks` (`id`, `ownerId`, `fieldId`, `typeId`, `sortOrder`, `ownerLocale`, `dateCreated`, `dateUpdated`, `uid`) VALUES ('75', '72', '5', '1', '3', NULL, '2015-02-21 16:28:54', '2015-03-30 02:18:31', '256a8241-2100-4ae0-bb30-7607b71dff54');
INSERT INTO `craft_matrixblocks` (`id`, `ownerId`, `fieldId`, `typeId`, `sortOrder`, `ownerLocale`, `dateCreated`, `dateUpdated`, `uid`) VALUES ('76', '72', '5', '1', '4', NULL, '2015-02-21 16:28:54', '2015-03-30 02:18:31', 'd4567e4f-b227-42e8-8583-9b855531cc5c');
INSERT INTO `craft_matrixblocks` (`id`, `ownerId`, `fieldId`, `typeId`, `sortOrder`, `ownerLocale`, `dateCreated`, `dateUpdated`, `uid`) VALUES ('77', '72', '5', '1', '5', NULL, '2015-02-21 16:28:54', '2015-03-30 02:18:31', '52eaaf79-9781-41ac-b170-abadc54e7c2e');
INSERT INTO `craft_matrixblocks` (`id`, `ownerId`, `fieldId`, `typeId`, `sortOrder`, `ownerLocale`, `dateCreated`, `dateUpdated`, `uid`) VALUES ('79', '78', '5', '1', '1', NULL, '2015-02-21 16:29:56', '2015-03-30 02:30:16', 'eba9f793-806f-49d3-9915-0e9ddd8069a9');
INSERT INTO `craft_matrixblocks` (`id`, `ownerId`, `fieldId`, `typeId`, `sortOrder`, `ownerLocale`, `dateCreated`, `dateUpdated`, `uid`) VALUES ('80', '78', '5', '1', '2', NULL, '2015-02-21 16:29:56', '2015-03-30 02:30:16', '208d0326-93f9-40d9-a61d-6df82c1e9e32');
INSERT INTO `craft_matrixblocks` (`id`, `ownerId`, `fieldId`, `typeId`, `sortOrder`, `ownerLocale`, `dateCreated`, `dateUpdated`, `uid`) VALUES ('81', '78', '5', '1', '3', NULL, '2015-02-21 16:29:56', '2015-03-30 02:30:16', '99c22419-a886-4db5-9e26-8c40e91b39fd');
INSERT INTO `craft_matrixblocks` (`id`, `ownerId`, `fieldId`, `typeId`, `sortOrder`, `ownerLocale`, `dateCreated`, `dateUpdated`, `uid`) VALUES ('82', '78', '5', '1', '4', NULL, '2015-02-21 16:29:56', '2015-03-30 02:30:16', '8a364bff-9005-434e-8ef9-f6d1580b184b');
INSERT INTO `craft_matrixblocks` (`id`, `ownerId`, `fieldId`, `typeId`, `sortOrder`, `ownerLocale`, `dateCreated`, `dateUpdated`, `uid`) VALUES ('83', '78', '5', '1', '5', NULL, '2015-02-21 16:29:56', '2015-03-30 02:30:16', '0c2f7efc-4da9-48de-85b8-6bd101437ad2');
INSERT INTO `craft_matrixblocks` (`id`, `ownerId`, `fieldId`, `typeId`, `sortOrder`, `ownerLocale`, `dateCreated`, `dateUpdated`, `uid`) VALUES ('84', '78', '5', '1', '6', NULL, '2015-02-21 16:29:56', '2015-03-30 02:30:16', '0d0ddc80-bf31-4431-a3bf-9ccfc3946bc5');
INSERT INTO `craft_matrixblocks` (`id`, `ownerId`, `fieldId`, `typeId`, `sortOrder`, `ownerLocale`, `dateCreated`, `dateUpdated`, `uid`) VALUES ('86', '85', '5', '1', '1', NULL, '2015-02-21 16:32:31', '2015-03-30 03:36:34', 'd1ee5773-cd98-4179-936f-04dd576c0aa4');
INSERT INTO `craft_matrixblocks` (`id`, `ownerId`, `fieldId`, `typeId`, `sortOrder`, `ownerLocale`, `dateCreated`, `dateUpdated`, `uid`) VALUES ('87', '85', '5', '1', '2', NULL, '2015-02-21 16:32:31', '2015-03-30 03:36:34', '99d6834f-b843-4828-bff6-150390a0e054');
INSERT INTO `craft_matrixblocks` (`id`, `ownerId`, `fieldId`, `typeId`, `sortOrder`, `ownerLocale`, `dateCreated`, `dateUpdated`, `uid`) VALUES ('88', '85', '5', '1', '3', NULL, '2015-02-21 16:32:31', '2015-03-30 03:36:34', '6949462f-e2dd-4b8e-9c13-05b836f7a450');
INSERT INTO `craft_matrixblocks` (`id`, `ownerId`, `fieldId`, `typeId`, `sortOrder`, `ownerLocale`, `dateCreated`, `dateUpdated`, `uid`) VALUES ('89', '85', '5', '1', '4', NULL, '2015-02-21 16:32:31', '2015-03-30 03:36:34', '7f93384b-83b0-415d-a309-167a5aa4e88f');
INSERT INTO `craft_matrixblocks` (`id`, `ownerId`, `fieldId`, `typeId`, `sortOrder`, `ownerLocale`, `dateCreated`, `dateUpdated`, `uid`) VALUES ('90', '85', '5', '1', '5', NULL, '2015-02-21 16:32:31', '2015-03-30 03:36:34', 'fa19487b-bbc3-4d6d-a175-bd78ee7d0154');
INSERT INTO `craft_matrixblocks` (`id`, `ownerId`, `fieldId`, `typeId`, `sortOrder`, `ownerLocale`, `dateCreated`, `dateUpdated`, `uid`) VALUES ('93', '91', '5', '1', '2', NULL, '2015-02-21 16:33:42', '2015-03-30 02:49:29', '1358b6a7-defa-468d-9141-f97404c22e5a');
INSERT INTO `craft_matrixblocks` (`id`, `ownerId`, `fieldId`, `typeId`, `sortOrder`, `ownerLocale`, `dateCreated`, `dateUpdated`, `uid`) VALUES ('94', '91', '5', '1', '3', NULL, '2015-02-21 16:33:42', '2015-03-30 02:49:29', 'b275cd95-7218-4e0a-a713-a5641202d387');
INSERT INTO `craft_matrixblocks` (`id`, `ownerId`, `fieldId`, `typeId`, `sortOrder`, `ownerLocale`, `dateCreated`, `dateUpdated`, `uid`) VALUES ('95', '91', '5', '1', '4', NULL, '2015-02-21 16:33:42', '2015-03-30 02:49:29', 'e1a1b276-8a5f-4b6d-9fa4-aa4b9a213123');
INSERT INTO `craft_matrixblocks` (`id`, `ownerId`, `fieldId`, `typeId`, `sortOrder`, `ownerLocale`, `dateCreated`, `dateUpdated`, `uid`) VALUES ('96', '91', '5', '1', '1', NULL, '2015-02-21 16:33:42', '2015-03-30 02:49:29', '858ba0ff-be1d-489c-b7f9-e79ca2ce5f1f');
INSERT INTO `craft_matrixblocks` (`id`, `ownerId`, `fieldId`, `typeId`, `sortOrder`, `ownerLocale`, `dateCreated`, `dateUpdated`, `uid`) VALUES ('171', '46', '5', '1', '1', NULL, '2015-03-12 12:25:42', '2015-03-30 03:20:32', '0cc0db5c-f452-4757-99e6-a859e9c4728d');
INSERT INTO `craft_matrixblocks` (`id`, `ownerId`, `fieldId`, `typeId`, `sortOrder`, `ownerLocale`, `dateCreated`, `dateUpdated`, `uid`) VALUES ('227', '72', '10', '2', '1', NULL, '2015-03-20 21:09:15', '2015-03-30 02:18:31', '273ba616-7972-42f4-bd61-79c6178c74b1');
INSERT INTO `craft_matrixblocks` (`id`, `ownerId`, `fieldId`, `typeId`, `sortOrder`, `ownerLocale`, `dateCreated`, `dateUpdated`, `uid`) VALUES ('229', '72', '10', '3', '2', NULL, '2015-03-20 21:33:04', '2015-03-30 02:18:31', '6905c6fa-c874-413f-8ba7-d3fcb9926647');
INSERT INTO `craft_matrixblocks` (`id`, `ownerId`, `fieldId`, `typeId`, `sortOrder`, `ownerLocale`, `dateCreated`, `dateUpdated`, `uid`) VALUES ('230', '72', '10', '2', '3', NULL, '2015-03-20 21:33:04', '2015-03-30 02:18:31', 'baf8a667-287a-4a3c-9b74-aa47cb05a387');
INSERT INTO `craft_matrixblocks` (`id`, `ownerId`, `fieldId`, `typeId`, `sortOrder`, `ownerLocale`, `dateCreated`, `dateUpdated`, `uid`) VALUES ('231', '72', '10', '4', '4', NULL, '2015-03-21 22:04:55', '2015-03-30 02:18:31', 'ba28dc25-b889-4f5d-9990-e071ecf443e1');
INSERT INTO `craft_matrixblocks` (`id`, `ownerId`, `fieldId`, `typeId`, `sortOrder`, `ownerLocale`, `dateCreated`, `dateUpdated`, `uid`) VALUES ('235', '78', '10', '2', '1', NULL, '2015-03-21 22:19:28', '2015-03-30 02:30:16', '24a3cf40-4c09-4db0-b961-bbaf39e04003');
INSERT INTO `craft_matrixblocks` (`id`, `ownerId`, `fieldId`, `typeId`, `sortOrder`, `ownerLocale`, `dateCreated`, `dateUpdated`, `uid`) VALUES ('236', '78', '10', '4', '2', NULL, '2015-03-21 22:19:28', '2015-03-30 02:30:16', 'ba2b164f-df62-405d-b7c7-c01c1e75b2ed');
INSERT INTO `craft_matrixblocks` (`id`, `ownerId`, `fieldId`, `typeId`, `sortOrder`, `ownerLocale`, `dateCreated`, `dateUpdated`, `uid`) VALUES ('242', '91', '10', '4', '2', NULL, '2015-03-22 21:47:09', '2015-03-30 02:49:30', '56ec5756-356a-46b9-b2e0-24d413f47eb1');
INSERT INTO `craft_matrixblocks` (`id`, `ownerId`, `fieldId`, `typeId`, `sortOrder`, `ownerLocale`, `dateCreated`, `dateUpdated`, `uid`) VALUES ('246', '91', '10', '2', '1', NULL, '2015-03-22 21:48:28', '2015-03-30 02:49:30', '7feb67c1-c83a-43fc-921a-e4aa7b00d224');
INSERT INTO `craft_matrixblocks` (`id`, `ownerId`, `fieldId`, `typeId`, `sortOrder`, `ownerLocale`, `dateCreated`, `dateUpdated`, `uid`) VALUES ('253', '66', '10', '2', '1', NULL, '2015-03-22 21:54:35', '2015-03-30 02:31:20', '1d88de23-b234-47d2-a6aa-b5e8f8770724');
INSERT INTO `craft_matrixblocks` (`id`, `ownerId`, `fieldId`, `typeId`, `sortOrder`, `ownerLocale`, `dateCreated`, `dateUpdated`, `uid`) VALUES ('254', '66', '10', '4', '2', NULL, '2015-03-22 21:54:35', '2015-03-30 02:31:20', 'dce7e3c8-cd0d-4b3a-90c8-43e328cf3497');
INSERT INTO `craft_matrixblocks` (`id`, `ownerId`, `fieldId`, `typeId`, `sortOrder`, `ownerLocale`, `dateCreated`, `dateUpdated`, `uid`) VALUES ('258', '46', '10', '2', '1', NULL, '2015-03-22 22:02:59', '2015-03-30 03:20:32', '4237d3ff-528b-4e54-afa2-fbbbb658e9d2');
INSERT INTO `craft_matrixblocks` (`id`, `ownerId`, `fieldId`, `typeId`, `sortOrder`, `ownerLocale`, `dateCreated`, `dateUpdated`, `uid`) VALUES ('265', '46', '10', '3', '2', NULL, '2015-03-22 22:12:55', '2015-03-30 03:20:32', 'c4c5596a-d834-4403-a2d6-76fb9e0f4c9f');
INSERT INTO `craft_matrixblocks` (`id`, `ownerId`, `fieldId`, `typeId`, `sortOrder`, `ownerLocale`, `dateCreated`, `dateUpdated`, `uid`) VALUES ('266', '46', '10', '2', '3', NULL, '2015-03-22 22:12:55', '2015-03-30 03:20:32', 'dd1cd95e-7725-44cc-aa10-fa0759aafa49');
INSERT INTO `craft_matrixblocks` (`id`, `ownerId`, `fieldId`, `typeId`, `sortOrder`, `ownerLocale`, `dateCreated`, `dateUpdated`, `uid`) VALUES ('267', '46', '10', '4', '4', NULL, '2015-03-22 22:12:55', '2015-03-30 03:20:32', 'd3999a7d-0311-4bda-a34b-9da56f0bd4c2');
INSERT INTO `craft_matrixblocks` (`id`, `ownerId`, `fieldId`, `typeId`, `sortOrder`, `ownerLocale`, `dateCreated`, `dateUpdated`, `uid`) VALUES ('289', '4', '10', '2', '1', NULL, '2015-03-23 03:25:27', '2015-03-30 02:47:30', '0ad9853a-a6a4-4d8b-a7d3-547591fca7b0');
INSERT INTO `craft_matrixblocks` (`id`, `ownerId`, `fieldId`, `typeId`, `sortOrder`, `ownerLocale`, `dateCreated`, `dateUpdated`, `uid`) VALUES ('290', '4', '10', '3', '2', NULL, '2015-03-23 03:25:27', '2015-03-30 02:47:30', '0a9b0845-3126-40ca-9bca-48e63b9e5be1');
INSERT INTO `craft_matrixblocks` (`id`, `ownerId`, `fieldId`, `typeId`, `sortOrder`, `ownerLocale`, `dateCreated`, `dateUpdated`, `uid`) VALUES ('291', '4', '10', '2', '3', NULL, '2015-03-23 03:25:27', '2015-03-30 02:47:30', '1e339c4f-91de-4482-a4d4-179c572fa2a8');
INSERT INTO `craft_matrixblocks` (`id`, `ownerId`, `fieldId`, `typeId`, `sortOrder`, `ownerLocale`, `dateCreated`, `dateUpdated`, `uid`) VALUES ('292', '4', '10', '4', '4', NULL, '2015-03-23 03:25:27', '2015-03-30 02:47:30', '74295783-42ab-4871-9bd3-1e691d809a1e');
INSERT INTO `craft_matrixblocks` (`id`, `ownerId`, `fieldId`, `typeId`, `sortOrder`, `ownerLocale`, `dateCreated`, `dateUpdated`, `uid`) VALUES ('298', '59', '10', '2', '1', NULL, '2015-03-23 03:37:21', '2015-03-30 02:44:05', '704dcdfd-9a75-44c2-878a-fe8b93917d9b');
INSERT INTO `craft_matrixblocks` (`id`, `ownerId`, `fieldId`, `typeId`, `sortOrder`, `ownerLocale`, `dateCreated`, `dateUpdated`, `uid`) VALUES ('299', '59', '10', '3', '2', NULL, '2015-03-23 03:37:21', '2015-03-30 02:44:05', '80217ecf-0a7a-46ae-a2f5-ed57be53fe17');
INSERT INTO `craft_matrixblocks` (`id`, `ownerId`, `fieldId`, `typeId`, `sortOrder`, `ownerLocale`, `dateCreated`, `dateUpdated`, `uid`) VALUES ('301', '59', '10', '4', '3', NULL, '2015-03-23 03:37:21', '2015-03-30 02:44:05', 'db23b0c0-bbf4-44ad-b16b-70f975e385f1');
INSERT INTO `craft_matrixblocks` (`id`, `ownerId`, `fieldId`, `typeId`, `sortOrder`, `ownerLocale`, `dateCreated`, `dateUpdated`, `uid`) VALUES ('317', '85', '10', '2', '1', NULL, '2015-03-26 01:34:40', '2015-03-30 03:36:34', '3fd6d25b-b424-4113-a9b8-6e23f0830e6f');
INSERT INTO `craft_matrixblocks` (`id`, `ownerId`, `fieldId`, `typeId`, `sortOrder`, `ownerLocale`, `dateCreated`, `dateUpdated`, `uid`) VALUES ('319', '52', '10', '2', '1', NULL, '2015-03-26 02:34:29', '2015-03-30 03:15:10', 'ce4d998a-dcf4-4933-ac5f-7b40af00a2df');
INSERT INTO `craft_matrixblocks` (`id`, `ownerId`, `fieldId`, `typeId`, `sortOrder`, `ownerLocale`, `dateCreated`, `dateUpdated`, `uid`) VALUES ('327', '52', '10', '4', '2', NULL, '2015-03-26 02:48:10', '2015-03-30 03:15:10', '25ccfe6f-abfc-414b-a58a-bddd393109da');
INSERT INTO `craft_matrixblocks` (`id`, `ownerId`, `fieldId`, `typeId`, `sortOrder`, `ownerLocale`, `dateCreated`, `dateUpdated`, `uid`) VALUES ('330', '52', '10', '3', '3', NULL, '2015-03-26 02:53:51', '2015-03-30 03:15:10', 'a0bf2c83-b112-4c4f-a6e8-88f26495c461');
INSERT INTO `craft_matrixblocks` (`id`, `ownerId`, `fieldId`, `typeId`, `sortOrder`, `ownerLocale`, `dateCreated`, `dateUpdated`, `uid`) VALUES ('338', '52', '10', '4', '5', NULL, '2015-03-26 03:01:55', '2015-03-30 03:15:10', 'bf7c7108-b211-46d0-ac9d-7c6bd9bd6089');
INSERT INTO `craft_matrixblocks` (`id`, `ownerId`, `fieldId`, `typeId`, `sortOrder`, `ownerLocale`, `dateCreated`, `dateUpdated`, `uid`) VALUES ('342', '52', '10', '2', '4', NULL, '2015-03-26 03:25:35', '2015-03-30 03:15:10', '48164df3-ac94-4b24-9af4-8f64a8d6b854');



DROP TABLE IF EXISTS `craft_matrixblocktypes`;


--
-- Schema for table `craft_matrixblocktypes`
--
CREATE TABLE `craft_matrixblocktypes` (
  `id` int(11) NOT NULL AUTO_INCREMENT,
  `fieldId` int(11) NOT NULL,
  `fieldLayoutId` int(11) DEFAULT NULL,
  `name` varchar(255) COLLATE utf8_unicode_ci NOT NULL,
  `handle` varchar(255) COLLATE utf8_unicode_ci NOT NULL,
  `sortOrder` tinyint(4) DEFAULT NULL,
  `dateCreated` datetime NOT NULL,
  `dateUpdated` datetime NOT NULL,
  `uid` char(36) COLLATE utf8_unicode_ci NOT NULL DEFAULT '0',
  PRIMARY KEY (`id`),
  UNIQUE KEY `craft_matrixblocktypes_name_fieldId_unq_idx` (`name`,`fieldId`),
  UNIQUE KEY `craft_matrixblocktypes_handle_fieldId_unq_idx` (`handle`,`fieldId`),
  KEY `craft_matrixblocktypes_fieldId_fk` (`fieldId`),
  KEY `craft_matrixblocktypes_fieldLayoutId_fk` (`fieldLayoutId`)
) ENGINE=InnoDB AUTO_INCREMENT=5 DEFAULT CHARSET=utf8 COLLATE=utf8_unicode_ci;

--
-- Data for table `craft_matrixblocktypes`
--

INSERT INTO `craft_matrixblocktypes` (`id`, `fieldId`, `fieldLayoutId`, `name`, `handle`, `sortOrder`, `dateCreated`, `dateUpdated`, `uid`) VALUES ('1', '5', '9', 'skillz-list', 'skillz_list', '1', '2015-02-20 22:43:29', '2015-02-20 22:43:30', '33f65a16-e118-4109-a268-f060a875023f');
INSERT INTO `craft_matrixblocktypes` (`id`, `fieldId`, `fieldLayoutId`, `name`, `handle`, `sortOrder`, `dateCreated`, `dateUpdated`, `uid`) VALUES ('2', '10', '26', 'Full Width Images', 'full_width_images', '1', '2015-03-20 21:02:53', '2015-03-20 21:31:48', '4e780afd-701b-4372-93b7-7ae1d8072deb');
INSERT INTO `craft_matrixblocktypes` (`id`, `fieldId`, `fieldLayoutId`, `name`, `handle`, `sortOrder`, `dateCreated`, `dateUpdated`, `uid`) VALUES ('3', '10', '27', '2up Images', 'two_up_images', '2', '2015-03-20 21:02:53', '2015-03-20 21:31:48', '5ff076c4-f4ec-47f3-a611-f4acbf0e0a4b');
INSERT INTO `craft_matrixblocktypes` (`id`, `fieldId`, `fieldLayoutId`, `name`, `handle`, `sortOrder`, `dateCreated`, `dateUpdated`, `uid`) VALUES ('4', '10', '28', '3up Images', 'three_up_images', '3', '2015-03-20 21:02:53', '2015-03-20 21:31:48', 'a755fed4-20c3-46d7-bda3-ad7ea2d02df4');



DROP TABLE IF EXISTS `craft_matrixcontent_project_images`;


--
-- Schema for table `craft_matrixcontent_project_images`
--
CREATE TABLE `craft_matrixcontent_project_images` (
  `id` int(11) NOT NULL AUTO_INCREMENT,
  `elementId` int(11) NOT NULL,
  `locale` char(12) COLLATE utf8_unicode_ci NOT NULL,
  `dateCreated` datetime NOT NULL,
  `dateUpdated` datetime NOT NULL,
  `uid` char(36) COLLATE utf8_unicode_ci NOT NULL DEFAULT '0',
  PRIMARY KEY (`id`),
  UNIQUE KEY `craft_matrixcontent_project_images_elementId_locale_unq_idx` (`elementId`,`locale`),
  KEY `craft_matrixcontent_project_images_locale_idx` (`locale`)
) ENGINE=InnoDB AUTO_INCREMENT=31 DEFAULT CHARSET=utf8 COLLATE=utf8_unicode_ci;

--
-- Data for table `craft_matrixcontent_project_images`
--

INSERT INTO `craft_matrixcontent_project_images` (`id`, `elementId`, `locale`, `dateCreated`, `dateUpdated`, `uid`) VALUES ('1', '227', 'en_us', '2015-03-20 21:09:15', '2015-03-30 02:18:31', '442c3d76-bae1-4876-9647-51f8c2a9d504');
INSERT INTO `craft_matrixcontent_project_images` (`id`, `elementId`, `locale`, `dateCreated`, `dateUpdated`, `uid`) VALUES ('3', '229', 'en_us', '2015-03-20 21:33:04', '2015-03-30 02:18:31', 'c35d82bf-b00d-4415-ad56-cc9f7e9b7f41');
INSERT INTO `craft_matrixcontent_project_images` (`id`, `elementId`, `locale`, `dateCreated`, `dateUpdated`, `uid`) VALUES ('4', '230', 'en_us', '2015-03-20 21:33:04', '2015-03-30 02:18:31', 'a3dc6921-9097-416a-8480-158be843e277');
INSERT INTO `craft_matrixcontent_project_images` (`id`, `elementId`, `locale`, `dateCreated`, `dateUpdated`, `uid`) VALUES ('5', '231', 'en_us', '2015-03-21 22:04:55', '2015-03-30 02:18:31', 'dd6a4887-cf82-489d-9ddd-5df05e9ff3d0');
INSERT INTO `craft_matrixcontent_project_images` (`id`, `elementId`, `locale`, `dateCreated`, `dateUpdated`, `uid`) VALUES ('6', '235', 'en_us', '2015-03-21 22:19:28', '2015-03-30 02:30:16', 'dda7be20-54f4-4606-a401-616621d36dde');
INSERT INTO `craft_matrixcontent_project_images` (`id`, `elementId`, `locale`, `dateCreated`, `dateUpdated`, `uid`) VALUES ('7', '236', 'en_us', '2015-03-21 22:19:28', '2015-03-30 02:30:16', '48ca64fc-6b21-4635-a733-7596207121b1');
INSERT INTO `craft_matrixcontent_project_images` (`id`, `elementId`, `locale`, `dateCreated`, `dateUpdated`, `uid`) VALUES ('8', '242', 'en_us', '2015-03-22 21:47:09', '2015-03-30 02:49:30', '9a1b9151-876f-4bd1-b803-cf2cedb9a9cb');
INSERT INTO `craft_matrixcontent_project_images` (`id`, `elementId`, `locale`, `dateCreated`, `dateUpdated`, `uid`) VALUES ('9', '246', 'en_us', '2015-03-22 21:48:28', '2015-03-30 02:49:29', 'd59fc09f-7217-4131-b6d8-1f39b7e719fa');
INSERT INTO `craft_matrixcontent_project_images` (`id`, `elementId`, `locale`, `dateCreated`, `dateUpdated`, `uid`) VALUES ('10', '253', 'en_us', '2015-03-22 21:54:35', '2015-03-30 02:31:20', '7ef4708f-d0a3-4f85-b523-45877314f5b5');
INSERT INTO `craft_matrixcontent_project_images` (`id`, `elementId`, `locale`, `dateCreated`, `dateUpdated`, `uid`) VALUES ('11', '254', 'en_us', '2015-03-22 21:54:35', '2015-03-30 02:31:20', 'b50746c2-50c3-4146-bfcb-67e004e3dda8');
INSERT INTO `craft_matrixcontent_project_images` (`id`, `elementId`, `locale`, `dateCreated`, `dateUpdated`, `uid`) VALUES ('12', '258', 'en_us', '2015-03-22 22:02:59', '2015-03-30 03:20:32', '40c1b8ff-475d-4303-a322-460d749da3b1');
INSERT INTO `craft_matrixcontent_project_images` (`id`, `elementId`, `locale`, `dateCreated`, `dateUpdated`, `uid`) VALUES ('14', '265', 'en_us', '2015-03-22 22:12:54', '2015-03-30 03:20:32', '359f105d-bcc8-41a9-8f24-2467232645a4');
INSERT INTO `craft_matrixcontent_project_images` (`id`, `elementId`, `locale`, `dateCreated`, `dateUpdated`, `uid`) VALUES ('15', '266', 'en_us', '2015-03-22 22:12:55', '2015-03-30 03:20:32', 'e6982f5e-40f7-4777-aa9c-3f84ca3043fb');
INSERT INTO `craft_matrixcontent_project_images` (`id`, `elementId`, `locale`, `dateCreated`, `dateUpdated`, `uid`) VALUES ('16', '267', 'en_us', '2015-03-22 22:12:55', '2015-03-30 03:20:32', '52dfdfd2-0984-48c2-abda-b15d53d1c33c');
INSERT INTO `craft_matrixcontent_project_images` (`id`, `elementId`, `locale`, `dateCreated`, `dateUpdated`, `uid`) VALUES ('17', '289', 'en_us', '2015-03-23 03:25:27', '2015-03-30 02:47:30', '9178f7c2-b236-4c3d-8bdd-2ba02a5e6e6d');
INSERT INTO `craft_matrixcontent_project_images` (`id`, `elementId`, `locale`, `dateCreated`, `dateUpdated`, `uid`) VALUES ('18', '290', 'en_us', '2015-03-23 03:25:27', '2015-03-30 02:47:30', '97987f1e-8116-4895-81d2-3fcd0f9a5c1c');
INSERT INTO `craft_matrixcontent_project_images` (`id`, `elementId`, `locale`, `dateCreated`, `dateUpdated`, `uid`) VALUES ('19', '291', 'en_us', '2015-03-23 03:25:27', '2015-03-30 02:47:30', 'a42c24de-b088-492e-a92f-992ee8f0f44e');
INSERT INTO `craft_matrixcontent_project_images` (`id`, `elementId`, `locale`, `dateCreated`, `dateUpdated`, `uid`) VALUES ('20', '292', 'en_us', '2015-03-23 03:25:27', '2015-03-30 02:47:30', '07ec6841-e77e-43cd-b284-aa36bbc50874');
INSERT INTO `craft_matrixcontent_project_images` (`id`, `elementId`, `locale`, `dateCreated`, `dateUpdated`, `uid`) VALUES ('21', '298', 'en_us', '2015-03-23 03:37:21', '2015-03-30 02:44:05', '5a02a2e5-b1ab-4f4f-a4a5-18ef2035b1a8');
INSERT INTO `craft_matrixcontent_project_images` (`id`, `elementId`, `locale`, `dateCreated`, `dateUpdated`, `uid`) VALUES ('22', '299', 'en_us', '2015-03-23 03:37:21', '2015-03-30 02:44:05', '874d22ff-a6ff-4250-b569-99783b2daf38');
INSERT INTO `craft_matrixcontent_project_images` (`id`, `elementId`, `locale`, `dateCreated`, `dateUpdated`, `uid`) VALUES ('24', '301', 'en_us', '2015-03-23 03:37:21', '2015-03-30 02:44:05', '23ea610c-3c5d-4858-ab38-749a08d380dc');
INSERT INTO `craft_matrixcontent_project_images` (`id`, `elementId`, `locale`, `dateCreated`, `dateUpdated`, `uid`) VALUES ('25', '317', 'en_us', '2015-03-26 01:34:40', '2015-03-30 03:36:34', 'b2353a72-3618-43e9-88bf-8159964dd01c');
INSERT INTO `craft_matrixcontent_project_images` (`id`, `elementId`, `locale`, `dateCreated`, `dateUpdated`, `uid`) VALUES ('26', '319', 'en_us', '2015-03-26 02:34:29', '2015-03-30 03:15:10', '9b398146-f834-481b-8efa-936caa6ed5bf');
INSERT INTO `craft_matrixcontent_project_images` (`id`, `elementId`, `locale`, `dateCreated`, `dateUpdated`, `uid`) VALUES ('27', '327', 'en_us', '2015-03-26 02:48:10', '2015-03-30 03:15:10', '2b133cc8-9bde-425f-bdc9-a07bf71f712f');
INSERT INTO `craft_matrixcontent_project_images` (`id`, `elementId`, `locale`, `dateCreated`, `dateUpdated`, `uid`) VALUES ('28', '330', 'en_us', '2015-03-26 02:53:51', '2015-03-30 03:15:10', '118b7ec5-5416-4570-8331-70e004c8d43a');
INSERT INTO `craft_matrixcontent_project_images` (`id`, `elementId`, `locale`, `dateCreated`, `dateUpdated`, `uid`) VALUES ('29', '338', 'en_us', '2015-03-26 03:01:55', '2015-03-30 03:15:10', 'e5eebad8-7058-462d-8123-03fd156a7593');
INSERT INTO `craft_matrixcontent_project_images` (`id`, `elementId`, `locale`, `dateCreated`, `dateUpdated`, `uid`) VALUES ('30', '342', 'en_us', '2015-03-26 03:25:35', '2015-03-30 03:15:10', '12c9a64a-3150-4aad-82ec-e364b9ef8e85');



DROP TABLE IF EXISTS `craft_matrixcontent_skillz`;


--
-- Schema for table `craft_matrixcontent_skillz`
--
CREATE TABLE `craft_matrixcontent_skillz` (
  `id` int(11) NOT NULL AUTO_INCREMENT,
  `elementId` int(11) NOT NULL,
  `locale` char(12) COLLATE utf8_unicode_ci NOT NULL,
  `field_skillz_list_skill` text COLLATE utf8_unicode_ci,
  `dateCreated` datetime NOT NULL,
  `dateUpdated` datetime NOT NULL,
  `uid` char(36) COLLATE utf8_unicode_ci NOT NULL DEFAULT '0',
  PRIMARY KEY (`id`),
  UNIQUE KEY `craft_matrixcontent_skillz_elementId_locale_unq_idx` (`elementId`,`locale`),
  KEY `craft_matrixcontent_skillz_locale_fk` (`locale`)
) ENGINE=InnoDB AUTO_INCREMENT=50 DEFAULT CHARSET=utf8 COLLATE=utf8_unicode_ci;

--
-- Data for table `craft_matrixcontent_skillz`
--

INSERT INTO `craft_matrixcontent_skillz` (`id`, `elementId`, `locale`, `field_skillz_list_skill`, `dateCreated`, `dateUpdated`, `uid`) VALUES ('1', '5', 'en_us', 'Design', '2015-02-20 22:44:38', '2015-03-30 02:47:29', '34a9ed70-2b89-4e66-84ef-d10c7598713f');
INSERT INTO `craft_matrixcontent_skillz` (`id`, `elementId`, `locale`, `field_skillz_list_skill`, `dateCreated`, `dateUpdated`, `uid`) VALUES ('2', '6', 'en_us', 'Development', '2015-02-20 22:44:38', '2015-03-30 02:47:29', 'ce83047c-e370-452e-8647-5bd315469718');
INSERT INTO `craft_matrixcontent_skillz` (`id`, `elementId`, `locale`, `field_skillz_list_skill`, `dateCreated`, `dateUpdated`, `uid`) VALUES ('3', '7', 'en_us', 'HTML', '2015-02-20 22:44:38', '2015-03-30 02:47:29', '5ea0c3ef-66f9-473a-82ab-57b855cbad66');
INSERT INTO `craft_matrixcontent_skillz` (`id`, `elementId`, `locale`, `field_skillz_list_skill`, `dateCreated`, `dateUpdated`, `uid`) VALUES ('4', '8', 'en_us', 'sass', '2015-02-20 22:44:38', '2015-03-30 02:47:29', '82dce43b-fabb-4be4-bab0-359032648938');
INSERT INTO `craft_matrixcontent_skillz` (`id`, `elementId`, `locale`, `field_skillz_list_skill`, `dateCreated`, `dateUpdated`, `uid`) VALUES ('5', '9', 'en_us', 'jQuery', '2015-02-20 22:44:38', '2015-03-30 02:47:29', '8ec85c0b-bdfb-4234-8ab7-70c0258bfecb');
INSERT INTO `craft_matrixcontent_skillz` (`id`, `elementId`, `locale`, `field_skillz_list_skill`, `dateCreated`, `dateUpdated`, `uid`) VALUES ('6', '47', 'en_us', 'site design', '2015-02-21 16:23:52', '2015-03-30 03:20:32', '1d332219-4409-40d7-97be-63fb3dcf1fd1');
INSERT INTO `craft_matrixcontent_skillz` (`id`, `elementId`, `locale`, `field_skillz_list_skill`, `dateCreated`, `dateUpdated`, `uid`) VALUES ('7', '48', 'en_us', 'development', '2015-02-21 16:23:52', '2015-03-30 03:20:32', '7feae772-1c6b-40d8-a281-f2a759fc84f7');
INSERT INTO `craft_matrixcontent_skillz` (`id`, `elementId`, `locale`, `field_skillz_list_skill`, `dateCreated`, `dateUpdated`, `uid`) VALUES ('8', '49', 'en_us', 'html', '2015-02-21 16:23:52', '2015-03-30 03:20:32', '455b49a0-051e-403a-be76-d28d988f47ce');
INSERT INTO `craft_matrixcontent_skillz` (`id`, `elementId`, `locale`, `field_skillz_list_skill`, `dateCreated`, `dateUpdated`, `uid`) VALUES ('9', '50', 'en_us', 'sass', '2015-02-21 16:23:52', '2015-03-30 03:20:32', '4d8cb3b6-3442-4233-bad2-7edac4f6af83');
INSERT INTO `craft_matrixcontent_skillz` (`id`, `elementId`, `locale`, `field_skillz_list_skill`, `dateCreated`, `dateUpdated`, `uid`) VALUES ('10', '51', 'en_us', 'jquery', '2015-02-21 16:23:52', '2015-03-30 03:20:32', '83710d86-306b-43c3-b455-478d4a042db0');
INSERT INTO `craft_matrixcontent_skillz` (`id`, `elementId`, `locale`, `field_skillz_list_skill`, `dateCreated`, `dateUpdated`, `uid`) VALUES ('11', '53', 'en_us', 'site design', '2015-02-21 16:24:47', '2015-03-30 03:15:10', '53a34360-55ae-4e83-a049-88de6a7838f8');
INSERT INTO `craft_matrixcontent_skillz` (`id`, `elementId`, `locale`, `field_skillz_list_skill`, `dateCreated`, `dateUpdated`, `uid`) VALUES ('12', '54', 'en_us', 'development', '2015-02-21 16:24:47', '2015-03-30 03:15:10', '55ea0dee-798f-4787-bf46-f5a1143a7060');
INSERT INTO `craft_matrixcontent_skillz` (`id`, `elementId`, `locale`, `field_skillz_list_skill`, `dateCreated`, `dateUpdated`, `uid`) VALUES ('13', '55', 'en_us', 'html', '2015-02-21 16:24:47', '2015-03-30 03:15:10', 'f679fffd-5a43-4da4-9f94-95f55a975a00');
INSERT INTO `craft_matrixcontent_skillz` (`id`, `elementId`, `locale`, `field_skillz_list_skill`, `dateCreated`, `dateUpdated`, `uid`) VALUES ('14', '56', 'en_us', 'sass', '2015-02-21 16:24:47', '2015-03-30 03:15:10', '5a4e2fb3-8b02-46ed-b3f7-8f70737dd432');
INSERT INTO `craft_matrixcontent_skillz` (`id`, `elementId`, `locale`, `field_skillz_list_skill`, `dateCreated`, `dateUpdated`, `uid`) VALUES ('15', '57', 'en_us', 'jquery', '2015-02-21 16:24:47', '2015-03-30 03:15:10', 'b76395e3-0ef8-45f1-af82-7f704ea30b0d');
INSERT INTO `craft_matrixcontent_skillz` (`id`, `elementId`, `locale`, `field_skillz_list_skill`, `dateCreated`, `dateUpdated`, `uid`) VALUES ('16', '58', 'en_us', 'craft cms', '2015-02-21 16:24:47', '2015-03-30 03:15:10', '69d7ed3a-53f9-4a16-b056-c17953aaf5d7');
INSERT INTO `craft_matrixcontent_skillz` (`id`, `elementId`, `locale`, `field_skillz_list_skill`, `dateCreated`, `dateUpdated`, `uid`) VALUES ('17', '60', 'en_us', 'Identity Design', '2015-02-21 16:26:49', '2015-03-30 02:44:05', 'e72a6217-77e2-4c96-ad19-479d30aed918');
INSERT INTO `craft_matrixcontent_skillz` (`id`, `elementId`, `locale`, `field_skillz_list_skill`, `dateCreated`, `dateUpdated`, `uid`) VALUES ('18', '61', 'en_us', 'Site Design', '2015-02-21 16:26:49', '2015-03-30 02:44:05', 'f85cac6d-2286-4e15-8150-9d0530005134');
INSERT INTO `craft_matrixcontent_skillz` (`id`, `elementId`, `locale`, `field_skillz_list_skill`, `dateCreated`, `dateUpdated`, `uid`) VALUES ('19', '62', 'en_us', 'Development', '2015-02-21 16:26:49', '2015-03-30 02:44:05', '3e0f2874-ef51-4a38-b64d-5450fdc4c2a9');
INSERT INTO `craft_matrixcontent_skillz` (`id`, `elementId`, `locale`, `field_skillz_list_skill`, `dateCreated`, `dateUpdated`, `uid`) VALUES ('20', '63', 'en_us', 'html', '2015-02-21 16:26:49', '2015-03-30 02:44:05', '4a1f10e5-6b8f-4752-b691-95137dcba7fa');
INSERT INTO `craft_matrixcontent_skillz` (`id`, `elementId`, `locale`, `field_skillz_list_skill`, `dateCreated`, `dateUpdated`, `uid`) VALUES ('21', '64', 'en_us', 'sass', '2015-02-21 16:26:49', '2015-03-30 02:44:05', 'd981a03d-d671-4f8f-ae3a-f6a86b9d5d91');
INSERT INTO `craft_matrixcontent_skillz` (`id`, `elementId`, `locale`, `field_skillz_list_skill`, `dateCreated`, `dateUpdated`, `uid`) VALUES ('22', '65', 'en_us', 'jquery', '2015-02-21 16:26:49', '2015-03-30 02:44:05', '1d92e96c-47b0-42a4-82d8-44e8c3bdf0d6');
INSERT INTO `craft_matrixcontent_skillz` (`id`, `elementId`, `locale`, `field_skillz_list_skill`, `dateCreated`, `dateUpdated`, `uid`) VALUES ('23', '67', 'en_us', 'development', '2015-02-21 16:28:03', '2015-03-30 02:31:20', '8faa46cc-20a2-4c3c-ad8a-827de5fd8066');
INSERT INTO `craft_matrixcontent_skillz` (`id`, `elementId`, `locale`, `field_skillz_list_skill`, `dateCreated`, `dateUpdated`, `uid`) VALUES ('24', '68', 'en_us', 'html', '2015-02-21 16:28:03', '2015-03-30 02:31:20', '7a74dbd4-bf47-4039-bb9c-70a918c39d09');
INSERT INTO `craft_matrixcontent_skillz` (`id`, `elementId`, `locale`, `field_skillz_list_skill`, `dateCreated`, `dateUpdated`, `uid`) VALUES ('25', '69', 'en_us', 'sass', '2015-02-21 16:28:03', '2015-03-30 02:31:20', 'ca81dfa2-a4c3-4849-bfd1-f18830276336');
INSERT INTO `craft_matrixcontent_skillz` (`id`, `elementId`, `locale`, `field_skillz_list_skill`, `dateCreated`, `dateUpdated`, `uid`) VALUES ('26', '70', 'en_us', 'jquery', '2015-02-21 16:28:03', '2015-03-30 02:31:20', 'ba231e74-3ee9-49f3-a1fe-a70e6c4baade');
INSERT INTO `craft_matrixcontent_skillz` (`id`, `elementId`, `locale`, `field_skillz_list_skill`, `dateCreated`, `dateUpdated`, `uid`) VALUES ('27', '71', 'en_us', 'craft cms', '2015-02-21 16:28:03', '2015-03-30 02:31:20', '4e9fb06b-2e05-4c8d-a960-62f8a8180c93');
INSERT INTO `craft_matrixcontent_skillz` (`id`, `elementId`, `locale`, `field_skillz_list_skill`, `dateCreated`, `dateUpdated`, `uid`) VALUES ('28', '73', 'en_us', 'site design', '2015-02-21 16:28:54', '2015-03-30 02:18:31', '89d7f734-4bb0-4fda-95f6-030af729f28b');
INSERT INTO `craft_matrixcontent_skillz` (`id`, `elementId`, `locale`, `field_skillz_list_skill`, `dateCreated`, `dateUpdated`, `uid`) VALUES ('29', '74', 'en_us', 'development', '2015-02-21 16:28:54', '2015-03-30 02:18:31', '6e3a83fb-5851-4a80-94d1-f4d904cff91a');
INSERT INTO `craft_matrixcontent_skillz` (`id`, `elementId`, `locale`, `field_skillz_list_skill`, `dateCreated`, `dateUpdated`, `uid`) VALUES ('30', '75', 'en_us', 'html', '2015-02-21 16:28:54', '2015-03-30 02:18:31', 'de9b095f-a52d-45e9-89d1-820c3affbd8a');
INSERT INTO `craft_matrixcontent_skillz` (`id`, `elementId`, `locale`, `field_skillz_list_skill`, `dateCreated`, `dateUpdated`, `uid`) VALUES ('31', '76', 'en_us', 'sass', '2015-02-21 16:28:54', '2015-03-30 02:18:31', '60e72ef5-95ed-4241-a521-f9b6565f508e');
INSERT INTO `craft_matrixcontent_skillz` (`id`, `elementId`, `locale`, `field_skillz_list_skill`, `dateCreated`, `dateUpdated`, `uid`) VALUES ('32', '77', 'en_us', 'jquery', '2015-02-21 16:28:54', '2015-03-30 02:18:31', 'd274f17b-e540-49e7-9c4a-9f6b95f5937f');
INSERT INTO `craft_matrixcontent_skillz` (`id`, `elementId`, `locale`, `field_skillz_list_skill`, `dateCreated`, `dateUpdated`, `uid`) VALUES ('33', '79', 'en_us', 'site design', '2015-02-21 16:29:56', '2015-03-30 02:30:16', 'e0216493-e8c3-4cbc-baf8-e3d2accb447b');
INSERT INTO `craft_matrixcontent_skillz` (`id`, `elementId`, `locale`, `field_skillz_list_skill`, `dateCreated`, `dateUpdated`, `uid`) VALUES ('34', '80', 'en_us', 'development', '2015-02-21 16:29:56', '2015-03-30 02:30:16', '276fbbba-207c-4bda-874c-2a25f9b78404');
INSERT INTO `craft_matrixcontent_skillz` (`id`, `elementId`, `locale`, `field_skillz_list_skill`, `dateCreated`, `dateUpdated`, `uid`) VALUES ('35', '81', 'en_us', 'html', '2015-02-21 16:29:56', '2015-03-30 02:30:16', '43b78d7a-59a6-43ed-8f8b-b948f5931fc4');
INSERT INTO `craft_matrixcontent_skillz` (`id`, `elementId`, `locale`, `field_skillz_list_skill`, `dateCreated`, `dateUpdated`, `uid`) VALUES ('36', '82', 'en_us', 'sass', '2015-02-21 16:29:56', '2015-03-30 02:30:16', 'b99f0720-ca39-402c-a0ff-7bb803039e22');
INSERT INTO `craft_matrixcontent_skillz` (`id`, `elementId`, `locale`, `field_skillz_list_skill`, `dateCreated`, `dateUpdated`, `uid`) VALUES ('37', '83', 'en_us', 'jquery', '2015-02-21 16:29:56', '2015-03-30 02:30:16', '35027c68-f765-434a-b3ab-8faa8e95ce71');
INSERT INTO `craft_matrixcontent_skillz` (`id`, `elementId`, `locale`, `field_skillz_list_skill`, `dateCreated`, `dateUpdated`, `uid`) VALUES ('38', '84', 'en_us', 'php', '2015-02-21 16:29:56', '2015-03-30 02:30:16', 'ac4f3294-b063-4139-9eec-8af03f5531d5');
INSERT INTO `craft_matrixcontent_skillz` (`id`, `elementId`, `locale`, `field_skillz_list_skill`, `dateCreated`, `dateUpdated`, `uid`) VALUES ('39', '86', 'en_us', 'design', '2015-02-21 16:32:31', '2015-03-30 03:36:34', 'd7a2ba43-5d41-4830-a478-fceacda7461f');
INSERT INTO `craft_matrixcontent_skillz` (`id`, `elementId`, `locale`, `field_skillz_list_skill`, `dateCreated`, `dateUpdated`, `uid`) VALUES ('40', '87', 'en_us', 'development', '2015-02-21 16:32:31', '2015-03-30 03:36:34', '1c6b4ed7-14aa-4ab6-a195-a6bd98265f71');
INSERT INTO `craft_matrixcontent_skillz` (`id`, `elementId`, `locale`, `field_skillz_list_skill`, `dateCreated`, `dateUpdated`, `uid`) VALUES ('41', '88', 'en_us', 'html', '2015-02-21 16:32:31', '2015-03-30 03:36:34', '70425419-7081-42f7-a3b3-69a206dd5831');
INSERT INTO `craft_matrixcontent_skillz` (`id`, `elementId`, `locale`, `field_skillz_list_skill`, `dateCreated`, `dateUpdated`, `uid`) VALUES ('42', '89', 'en_us', 'css', '2015-02-21 16:32:31', '2015-03-30 03:36:34', '8e2e96c3-04a2-46f6-9dab-c7af0b8057d7');
INSERT INTO `craft_matrixcontent_skillz` (`id`, `elementId`, `locale`, `field_skillz_list_skill`, `dateCreated`, `dateUpdated`, `uid`) VALUES ('43', '90', 'en_us', 'wordpress', '2015-02-21 16:32:31', '2015-03-30 03:36:34', 'aa1a1ab0-664e-42b0-b687-6a0fd955b414');
INSERT INTO `craft_matrixcontent_skillz` (`id`, `elementId`, `locale`, `field_skillz_list_skill`, `dateCreated`, `dateUpdated`, `uid`) VALUES ('45', '93', 'en_us', 'development', '2015-02-21 16:33:42', '2015-03-30 02:49:29', 'd054ed10-5113-4848-b9c8-eec04466a482');
INSERT INTO `craft_matrixcontent_skillz` (`id`, `elementId`, `locale`, `field_skillz_list_skill`, `dateCreated`, `dateUpdated`, `uid`) VALUES ('46', '94', 'en_us', 'html', '2015-02-21 16:33:42', '2015-03-30 02:49:29', '085346ef-3011-44fb-89af-c28af9b7ba3e');
INSERT INTO `craft_matrixcontent_skillz` (`id`, `elementId`, `locale`, `field_skillz_list_skill`, `dateCreated`, `dateUpdated`, `uid`) VALUES ('47', '95', 'en_us', 'css', '2015-02-21 16:33:42', '2015-03-30 02:49:29', '9f3026e4-4b96-4d94-b1bd-5f25c7ab17d6');
INSERT INTO `craft_matrixcontent_skillz` (`id`, `elementId`, `locale`, `field_skillz_list_skill`, `dateCreated`, `dateUpdated`, `uid`) VALUES ('48', '96', 'en_us', 'shopify template design', '2015-02-21 16:33:42', '2015-03-30 02:49:29', '95e3e38c-6046-4da8-a2fb-aafc738583a1');
INSERT INTO `craft_matrixcontent_skillz` (`id`, `elementId`, `locale`, `field_skillz_list_skill`, `dateCreated`, `dateUpdated`, `uid`) VALUES ('49', '171', 'en_us', 'identity design', '2015-03-12 12:25:42', '2015-03-30 03:20:32', 'b3b16f9e-9cec-4cb3-add6-e5fa53463319');



DROP TABLE IF EXISTS `craft_migrations`;


--
-- Schema for table `craft_migrations`
--
CREATE TABLE `craft_migrations` (
  `id` int(11) NOT NULL AUTO_INCREMENT,
  `pluginId` int(11) DEFAULT NULL,
  `version` varchar(255) COLLATE utf8_unicode_ci NOT NULL,
  `applyTime` datetime NOT NULL,
  `dateCreated` datetime NOT NULL,
  `dateUpdated` datetime NOT NULL,
  `uid` char(36) COLLATE utf8_unicode_ci NOT NULL DEFAULT '0',
  PRIMARY KEY (`id`),
  UNIQUE KEY `craft_migrations_version_unq_idx` (`version`),
  KEY `craft_migrations_pluginId_fk` (`pluginId`)
) ENGINE=InnoDB AUTO_INCREMENT=16 DEFAULT CHARSET=utf8 COLLATE=utf8_unicode_ci;

--
-- Data for table `craft_migrations`
--

INSERT INTO `craft_migrations` (`id`, `pluginId`, `version`, `applyTime`, `dateCreated`, `dateUpdated`, `uid`) VALUES ('1', NULL, 'm000000_000000_base', '2015-02-20 22:12:54', '2015-02-20 22:12:54', '2015-02-20 22:12:54', 'a4f84699-7822-4466-bf39-c91a9804577c');
INSERT INTO `craft_migrations` (`id`, `pluginId`, `version`, `applyTime`, `dateCreated`, `dateUpdated`, `uid`) VALUES ('2', NULL, 'm140730_000001_add_filename_and_format_to_transformindex', '2015-02-20 22:12:54', '2015-02-20 22:12:54', '2015-02-20 22:12:54', '6f6d3542-72a9-4857-827a-787de9e9e1c3');
INSERT INTO `craft_migrations` (`id`, `pluginId`, `version`, `applyTime`, `dateCreated`, `dateUpdated`, `uid`) VALUES ('3', NULL, 'm140815_000001_add_format_to_transforms', '2015-02-20 22:12:54', '2015-02-20 22:12:54', '2015-02-20 22:12:54', '8f14cf7e-6346-4f48-94a0-560bbc2979e4');
INSERT INTO `craft_migrations` (`id`, `pluginId`, `version`, `applyTime`, `dateCreated`, `dateUpdated`, `uid`) VALUES ('4', NULL, 'm140822_000001_allow_more_than_128_items_per_field', '2015-02-20 22:12:54', '2015-02-20 22:12:54', '2015-02-20 22:12:54', '2587b29c-a6fc-43be-a537-bd017dfea301');
INSERT INTO `craft_migrations` (`id`, `pluginId`, `version`, `applyTime`, `dateCreated`, `dateUpdated`, `uid`) VALUES ('5', NULL, 'm140829_000001_single_title_formats', '2015-02-20 22:12:54', '2015-02-20 22:12:54', '2015-02-20 22:12:54', '05760a05-dc86-4ef1-912d-784be01cf3b2');
INSERT INTO `craft_migrations` (`id`, `pluginId`, `version`, `applyTime`, `dateCreated`, `dateUpdated`, `uid`) VALUES ('6', NULL, 'm140831_000001_extended_cache_keys', '2015-02-20 22:12:54', '2015-02-20 22:12:54', '2015-02-20 22:12:54', 'b3983014-65e2-40bf-8c35-84872d4fc338');
INSERT INTO `craft_migrations` (`id`, `pluginId`, `version`, `applyTime`, `dateCreated`, `dateUpdated`, `uid`) VALUES ('7', NULL, 'm140922_000001_delete_orphaned_matrix_blocks', '2015-02-20 22:12:54', '2015-02-20 22:12:54', '2015-02-20 22:12:54', '39e2bc3e-8f4e-4b3a-a293-65094420a132');
INSERT INTO `craft_migrations` (`id`, `pluginId`, `version`, `applyTime`, `dateCreated`, `dateUpdated`, `uid`) VALUES ('8', NULL, 'm141008_000001_elements_index_tune', '2015-02-20 22:12:54', '2015-02-20 22:12:54', '2015-02-20 22:12:54', '0a9f9c02-1c08-45aa-8360-d434f486484c');
INSERT INTO `craft_migrations` (`id`, `pluginId`, `version`, `applyTime`, `dateCreated`, `dateUpdated`, `uid`) VALUES ('9', NULL, 'm141009_000001_assets_source_handle', '2015-02-20 22:12:54', '2015-02-20 22:12:54', '2015-02-20 22:12:54', 'b162bfc0-f2ff-4e1b-96cc-dd63562f1120');
INSERT INTO `craft_migrations` (`id`, `pluginId`, `version`, `applyTime`, `dateCreated`, `dateUpdated`, `uid`) VALUES ('10', NULL, 'm141024_000001_field_layout_tabs', '2015-02-20 22:12:54', '2015-02-20 22:12:54', '2015-02-20 22:12:54', '5e350625-509d-4450-910b-2b869d7aa008');
INSERT INTO `craft_migrations` (`id`, `pluginId`, `version`, `applyTime`, `dateCreated`, `dateUpdated`, `uid`) VALUES ('11', NULL, 'm141030_000001_drop_structure_move_permission', '2015-02-20 22:12:54', '2015-02-20 22:12:54', '2015-02-20 22:12:54', '342cdf02-1674-4235-b7e6-c110b22b340f');
INSERT INTO `craft_migrations` (`id`, `pluginId`, `version`, `applyTime`, `dateCreated`, `dateUpdated`, `uid`) VALUES ('12', NULL, 'm141103_000001_tag_titles', '2015-02-20 22:12:54', '2015-02-20 22:12:54', '2015-02-20 22:12:54', '409504af-8fef-4d9d-a415-0f53e0b16998');
INSERT INTO `craft_migrations` (`id`, `pluginId`, `version`, `applyTime`, `dateCreated`, `dateUpdated`, `uid`) VALUES ('13', NULL, 'm141109_000001_user_status_shuffle', '2015-02-20 22:12:54', '2015-02-20 22:12:54', '2015-02-20 22:12:54', '14ac0807-e260-4194-b3c0-01b4ef11cc42');
INSERT INTO `craft_migrations` (`id`, `pluginId`, `version`, `applyTime`, `dateCreated`, `dateUpdated`, `uid`) VALUES ('14', NULL, 'm141126_000001_user_week_start_day', '2015-02-20 22:12:54', '2015-02-20 22:12:54', '2015-02-20 22:12:54', '9a88d694-632c-4566-a355-2ec5580e4c2c');
INSERT INTO `craft_migrations` (`id`, `pluginId`, `version`, `applyTime`, `dateCreated`, `dateUpdated`, `uid`) VALUES ('15', NULL, 'm150210_000001_adjust_user_photo_size', '2015-02-20 22:12:54', '2015-02-20 22:12:54', '2015-02-20 22:12:54', '947b776d-be60-40b1-9c14-af03a39aeb53');



DROP TABLE IF EXISTS `craft_plugins`;


--
-- Schema for table `craft_plugins`
--
CREATE TABLE `craft_plugins` (
  `id` int(11) NOT NULL AUTO_INCREMENT,
  `class` varchar(150) COLLATE utf8_unicode_ci NOT NULL,
  `version` char(15) COLLATE utf8_unicode_ci NOT NULL,
  `enabled` tinyint(1) unsigned NOT NULL DEFAULT '0',
  `settings` text COLLATE utf8_unicode_ci,
  `installDate` datetime NOT NULL,
  `dateCreated` datetime NOT NULL,
  `dateUpdated` datetime NOT NULL,
  `uid` char(36) COLLATE utf8_unicode_ci NOT NULL DEFAULT '0',
  PRIMARY KEY (`id`)
) ENGINE=InnoDB DEFAULT CHARSET=utf8 COLLATE=utf8_unicode_ci;

DROP TABLE IF EXISTS `craft_rackspaceaccess`;


--
-- Schema for table `craft_rackspaceaccess`
--
CREATE TABLE `craft_rackspaceaccess` (
  `id` int(11) NOT NULL AUTO_INCREMENT,
  `connectionKey` varchar(255) COLLATE utf8_unicode_ci NOT NULL,
  `token` varchar(255) COLLATE utf8_unicode_ci NOT NULL,
  `storageUrl` varchar(255) COLLATE utf8_unicode_ci NOT NULL,
  `cdnUrl` varchar(255) COLLATE utf8_unicode_ci NOT NULL,
  `dateCreated` datetime NOT NULL,
  `dateUpdated` datetime NOT NULL,
  `uid` char(36) COLLATE utf8_unicode_ci NOT NULL DEFAULT '0',
  PRIMARY KEY (`id`),
  UNIQUE KEY `craft_rackspaceaccess_connectionKey_unq_idx` (`connectionKey`)
) ENGINE=InnoDB DEFAULT CHARSET=utf8 COLLATE=utf8_unicode_ci;

DROP TABLE IF EXISTS `craft_relations`;


--
-- Schema for table `craft_relations`
--
CREATE TABLE `craft_relations` (
  `id` int(11) NOT NULL AUTO_INCREMENT,
  `fieldId` int(11) NOT NULL,
  `sourceId` int(11) NOT NULL,
  `sourceLocale` char(12) COLLATE utf8_unicode_ci DEFAULT NULL,
  `targetId` int(11) NOT NULL,
  `sortOrder` smallint(6) DEFAULT NULL,
  `dateCreated` datetime NOT NULL,
  `dateUpdated` datetime NOT NULL,
  `uid` char(36) COLLATE utf8_unicode_ci NOT NULL DEFAULT '0',
  PRIMARY KEY (`id`),
  UNIQUE KEY `craft_relations_fieldId_sourceId_sourceLocale_targetId_unq_idx` (`fieldId`,`sourceId`,`sourceLocale`,`targetId`),
  KEY `craft_relations_sourceId_fk` (`sourceId`),
  KEY `craft_relations_sourceLocale_fk` (`sourceLocale`),
  KEY `craft_relations_targetId_fk` (`targetId`)
) ENGINE=InnoDB AUTO_INCREMENT=1124 DEFAULT CHARSET=utf8 COLLATE=utf8_unicode_ci;

--
-- Data for table `craft_relations`
--

INSERT INTO `craft_relations` (`id`, `fieldId`, `sourceId`, `sourceLocale`, `targetId`, `sortOrder`, `dateCreated`, `dateUpdated`, `uid`) VALUES ('536', '17', '72', NULL, '116', '1', '2015-03-20 21:30:15', '2015-03-20 21:30:15', '7705f0b1-107a-4238-8a4d-022cdaf55f3e');
INSERT INTO `craft_relations` (`id`, `fieldId`, `sourceId`, `sourceLocale`, `targetId`, `sortOrder`, `dateCreated`, `dateUpdated`, `uid`) VALUES ('992', '9', '72', NULL, '360', '1', '2015-03-30 02:18:31', '2015-03-30 02:18:31', 'a566428d-9b96-48af-a6fa-9047faa48e7c');
INSERT INTO `craft_relations` (`id`, `fieldId`, `sourceId`, `sourceLocale`, `targetId`, `sortOrder`, `dateCreated`, `dateUpdated`, `uid`) VALUES ('993', '8', '72', NULL, '98', '1', '2015-03-30 02:18:31', '2015-03-30 02:18:31', 'f0ea48d1-d47a-4ec6-8533-d77ffa3b1901');
INSERT INTO `craft_relations` (`id`, `fieldId`, `sourceId`, `sourceLocale`, `targetId`, `sortOrder`, `dateCreated`, `dateUpdated`, `uid`) VALUES ('994', '11', '227', NULL, '116', '1', '2015-03-30 02:18:31', '2015-03-30 02:18:31', '3e6e915c-0ddb-4e13-8b87-489c80349c0e');
INSERT INTO `craft_relations` (`id`, `fieldId`, `sourceId`, `sourceLocale`, `targetId`, `sortOrder`, `dateCreated`, `dateUpdated`, `uid`) VALUES ('995', '11', '227', NULL, '276', '2', '2015-03-30 02:18:31', '2015-03-30 02:18:31', '058597c2-9654-4d83-9857-d56f98889028');
INSERT INTO `craft_relations` (`id`, `fieldId`, `sourceId`, `sourceLocale`, `targetId`, `sortOrder`, `dateCreated`, `dateUpdated`, `uid`) VALUES ('996', '13', '229', NULL, '278', '1', '2015-03-30 02:18:31', '2015-03-30 02:18:31', 'b743e44b-34f2-4ad1-8f23-95ae2d8ab1e1');
INSERT INTO `craft_relations` (`id`, `fieldId`, `sourceId`, `sourceLocale`, `targetId`, `sortOrder`, `dateCreated`, `dateUpdated`, `uid`) VALUES ('997', '13', '229', NULL, '279', '2', '2015-03-30 02:18:31', '2015-03-30 02:18:31', 'f74338ad-0c38-46c9-9c11-9daaf74f8c76');
INSERT INTO `craft_relations` (`id`, `fieldId`, `sourceId`, `sourceLocale`, `targetId`, `sortOrder`, `dateCreated`, `dateUpdated`, `uid`) VALUES ('998', '11', '230', NULL, '277', '1', '2015-03-30 02:18:31', '2015-03-30 02:18:31', '3deb84c0-3861-42d7-bf89-c906c38b6cdc');
INSERT INTO `craft_relations` (`id`, `fieldId`, `sourceId`, `sourceLocale`, `targetId`, `sortOrder`, `dateCreated`, `dateUpdated`, `uid`) VALUES ('999', '15', '231', NULL, '269', '1', '2015-03-30 02:18:31', '2015-03-30 02:18:31', '49fdfa30-30f3-4ab7-858b-53bb5fe81d32');
INSERT INTO `craft_relations` (`id`, `fieldId`, `sourceId`, `sourceLocale`, `targetId`, `sortOrder`, `dateCreated`, `dateUpdated`, `uid`) VALUES ('1000', '15', '231', NULL, '270', '2', '2015-03-30 02:18:31', '2015-03-30 02:18:31', '33dc9dd6-6628-4041-bb5f-f44841d139d7');
INSERT INTO `craft_relations` (`id`, `fieldId`, `sourceId`, `sourceLocale`, `targetId`, `sortOrder`, `dateCreated`, `dateUpdated`, `uid`) VALUES ('1001', '15', '231', NULL, '271', '3', '2015-03-30 02:18:31', '2015-03-30 02:18:31', '24aa1c68-1994-4674-91a4-8f0f95febcfb');
INSERT INTO `craft_relations` (`id`, `fieldId`, `sourceId`, `sourceLocale`, `targetId`, `sortOrder`, `dateCreated`, `dateUpdated`, `uid`) VALUES ('1028', '9', '78', NULL, '359', '1', '2015-03-30 02:30:16', '2015-03-30 02:30:16', '438e2be4-f6b5-475e-a901-ec3160ff4fcd');
INSERT INTO `craft_relations` (`id`, `fieldId`, `sourceId`, `sourceLocale`, `targetId`, `sortOrder`, `dateCreated`, `dateUpdated`, `uid`) VALUES ('1029', '8', '78', NULL, '148', '1', '2015-03-30 02:30:16', '2015-03-30 02:30:16', '80d013cc-e19e-44d5-9e41-12c66d47a075');
INSERT INTO `craft_relations` (`id`, `fieldId`, `sourceId`, `sourceLocale`, `targetId`, `sortOrder`, `dateCreated`, `dateUpdated`, `uid`) VALUES ('1030', '11', '235', NULL, '149', '1', '2015-03-30 02:30:16', '2015-03-30 02:30:16', '2f82a95e-e159-4637-a406-f851c6f655db');
INSERT INTO `craft_relations` (`id`, `fieldId`, `sourceId`, `sourceLocale`, `targetId`, `sortOrder`, `dateCreated`, `dateUpdated`, `uid`) VALUES ('1031', '11', '235', NULL, '178', '2', '2015-03-30 02:30:16', '2015-03-30 02:30:16', '31ca8233-cad6-409e-9f9b-4c9f65b0c953');
INSERT INTO `craft_relations` (`id`, `fieldId`, `sourceId`, `sourceLocale`, `targetId`, `sortOrder`, `dateCreated`, `dateUpdated`, `uid`) VALUES ('1032', '11', '235', NULL, '238', '3', '2015-03-30 02:30:16', '2015-03-30 02:30:16', '4caa2380-06bc-448c-94d8-62a3f6039fa0');
INSERT INTO `craft_relations` (`id`, `fieldId`, `sourceId`, `sourceLocale`, `targetId`, `sortOrder`, `dateCreated`, `dateUpdated`, `uid`) VALUES ('1033', '11', '235', NULL, '150', '4', '2015-03-30 02:30:16', '2015-03-30 02:30:16', 'a6df749a-1a95-4bd3-8c4f-d38c0b236f62');
INSERT INTO `craft_relations` (`id`, `fieldId`, `sourceId`, `sourceLocale`, `targetId`, `sortOrder`, `dateCreated`, `dateUpdated`, `uid`) VALUES ('1034', '15', '236', NULL, '232', '1', '2015-03-30 02:30:16', '2015-03-30 02:30:16', '729b8a82-2631-4a7b-abc8-35a51a16f216');
INSERT INTO `craft_relations` (`id`, `fieldId`, `sourceId`, `sourceLocale`, `targetId`, `sortOrder`, `dateCreated`, `dateUpdated`, `uid`) VALUES ('1035', '15', '236', NULL, '233', '2', '2015-03-30 02:30:16', '2015-03-30 02:30:16', '296789fb-cb1c-4052-a0f6-aaf16765fd96');
INSERT INTO `craft_relations` (`id`, `fieldId`, `sourceId`, `sourceLocale`, `targetId`, `sortOrder`, `dateCreated`, `dateUpdated`, `uid`) VALUES ('1036', '15', '236', NULL, '237', '3', '2015-03-30 02:30:16', '2015-03-30 02:30:16', 'bd9f6032-b9c5-4fc7-b38e-726452819cff');
INSERT INTO `craft_relations` (`id`, `fieldId`, `sourceId`, `sourceLocale`, `targetId`, `sortOrder`, `dateCreated`, `dateUpdated`, `uid`) VALUES ('1037', '9', '66', NULL, '366', '1', '2015-03-30 02:31:20', '2015-03-30 02:31:20', '708c6200-1040-48f6-94ef-fdb4a1697ee1');
INSERT INTO `craft_relations` (`id`, `fieldId`, `sourceId`, `sourceLocale`, `targetId`, `sortOrder`, `dateCreated`, `dateUpdated`, `uid`) VALUES ('1038', '11', '253', NULL, '140', '1', '2015-03-30 02:31:20', '2015-03-30 02:31:20', '5cd43f96-8c8b-44bb-83c7-46179a05816e');
INSERT INTO `craft_relations` (`id`, `fieldId`, `sourceId`, `sourceLocale`, `targetId`, `sortOrder`, `dateCreated`, `dateUpdated`, `uid`) VALUES ('1039', '11', '253', NULL, '167', '2', '2015-03-30 02:31:20', '2015-03-30 02:31:20', '5f1fa9e6-1e89-424a-b040-38c3d29b9f70');
INSERT INTO `craft_relations` (`id`, `fieldId`, `sourceId`, `sourceLocale`, `targetId`, `sortOrder`, `dateCreated`, `dateUpdated`, `uid`) VALUES ('1040', '11', '253', NULL, '168', '3', '2015-03-30 02:31:20', '2015-03-30 02:31:20', 'a7f3c985-cc86-4903-b13c-c214d2d7b3e8');
INSERT INTO `craft_relations` (`id`, `fieldId`, `sourceId`, `sourceLocale`, `targetId`, `sortOrder`, `dateCreated`, `dateUpdated`, `uid`) VALUES ('1041', '15', '254', NULL, '247', '1', '2015-03-30 02:31:20', '2015-03-30 02:31:20', '51d3a4bd-0537-4c2d-b2bd-78d5801e75f4');
INSERT INTO `craft_relations` (`id`, `fieldId`, `sourceId`, `sourceLocale`, `targetId`, `sortOrder`, `dateCreated`, `dateUpdated`, `uid`) VALUES ('1042', '15', '254', NULL, '248', '2', '2015-03-30 02:31:20', '2015-03-30 02:31:20', '0bf5aa6a-a964-485e-ad75-3f7d1b3ea396');
INSERT INTO `craft_relations` (`id`, `fieldId`, `sourceId`, `sourceLocale`, `targetId`, `sortOrder`, `dateCreated`, `dateUpdated`, `uid`) VALUES ('1043', '15', '254', NULL, '249', '3', '2015-03-30 02:31:20', '2015-03-30 02:31:20', '9a330fac-dd0f-4799-b54e-3bfb4922271e');
INSERT INTO `craft_relations` (`id`, `fieldId`, `sourceId`, `sourceLocale`, `targetId`, `sortOrder`, `dateCreated`, `dateUpdated`, `uid`) VALUES ('1064', '9', '59', NULL, '368', '1', '2015-03-30 02:44:05', '2015-03-30 02:44:05', '8177bff1-b425-44c6-bada-9ef0f1c28cac');
INSERT INTO `craft_relations` (`id`, `fieldId`, `sourceId`, `sourceLocale`, `targetId`, `sortOrder`, `dateCreated`, `dateUpdated`, `uid`) VALUES ('1065', '8', '59', NULL, '220', '1', '2015-03-30 02:44:05', '2015-03-30 02:44:05', 'd22f65d3-ddd7-4e55-9123-35f6a90cff76');
INSERT INTO `craft_relations` (`id`, `fieldId`, `sourceId`, `sourceLocale`, `targetId`, `sortOrder`, `dateCreated`, `dateUpdated`, `uid`) VALUES ('1066', '11', '298', NULL, '184', '1', '2015-03-30 02:44:05', '2015-03-30 02:44:05', '0ecfd357-951f-418d-bbc9-aa1117974b95');
INSERT INTO `craft_relations` (`id`, `fieldId`, `sourceId`, `sourceLocale`, `targetId`, `sortOrder`, `dateCreated`, `dateUpdated`, `uid`) VALUES ('1067', '11', '298', NULL, '311', '2', '2015-03-30 02:44:05', '2015-03-30 02:44:05', '640987c6-4398-42ae-b210-88ed92c62ec3');
INSERT INTO `craft_relations` (`id`, `fieldId`, `sourceId`, `sourceLocale`, `targetId`, `sortOrder`, `dateCreated`, `dateUpdated`, `uid`) VALUES ('1068', '11', '298', NULL, '304', '3', '2015-03-30 02:44:05', '2015-03-30 02:44:05', '9729ad66-1096-4211-aab7-c8e23d5bdc1e');
INSERT INTO `craft_relations` (`id`, `fieldId`, `sourceId`, `sourceLocale`, `targetId`, `sortOrder`, `dateCreated`, `dateUpdated`, `uid`) VALUES ('1069', '13', '299', NULL, '305', '1', '2015-03-30 02:44:05', '2015-03-30 02:44:05', '7e636aa5-1b73-4397-b9ca-e1449da05415');
INSERT INTO `craft_relations` (`id`, `fieldId`, `sourceId`, `sourceLocale`, `targetId`, `sortOrder`, `dateCreated`, `dateUpdated`, `uid`) VALUES ('1070', '13', '299', NULL, '310', '2', '2015-03-30 02:44:05', '2015-03-30 02:44:05', '776162fb-9628-4a65-b6d1-3eb06145adb8');
INSERT INTO `craft_relations` (`id`, `fieldId`, `sourceId`, `sourceLocale`, `targetId`, `sortOrder`, `dateCreated`, `dateUpdated`, `uid`) VALUES ('1071', '15', '301', NULL, '306', '1', '2015-03-30 02:44:05', '2015-03-30 02:44:05', '5b8ef2e9-4555-4bb2-857c-cc26dda20c03');
INSERT INTO `craft_relations` (`id`, `fieldId`, `sourceId`, `sourceLocale`, `targetId`, `sortOrder`, `dateCreated`, `dateUpdated`, `uid`) VALUES ('1072', '15', '301', NULL, '308', '2', '2015-03-30 02:44:05', '2015-03-30 02:44:05', '225d2655-bdd4-4ec4-9e1c-86474c0af3c8');
INSERT INTO `craft_relations` (`id`, `fieldId`, `sourceId`, `sourceLocale`, `targetId`, `sortOrder`, `dateCreated`, `dateUpdated`, `uid`) VALUES ('1073', '15', '301', NULL, '309', '3', '2015-03-30 02:44:05', '2015-03-30 02:44:05', '43485bc4-376e-4b61-91fc-b28426a5b9eb');
INSERT INTO `craft_relations` (`id`, `fieldId`, `sourceId`, `sourceLocale`, `targetId`, `sortOrder`, `dateCreated`, `dateUpdated`, `uid`) VALUES ('1074', '9', '4', NULL, '350', '1', '2015-03-30 02:47:29', '2015-03-30 02:47:29', '579921e4-4fbb-4f02-ba27-834807302d0b');
INSERT INTO `craft_relations` (`id`, `fieldId`, `sourceId`, `sourceLocale`, `targetId`, `sortOrder`, `dateCreated`, `dateUpdated`, `uid`) VALUES ('1075', '8', '4', NULL, '45', '1', '2015-03-30 02:47:29', '2015-03-30 02:47:29', 'e0abc447-e330-48d0-9376-41be9ff16ea0');
INSERT INTO `craft_relations` (`id`, `fieldId`, `sourceId`, `sourceLocale`, `targetId`, `sortOrder`, `dateCreated`, `dateUpdated`, `uid`) VALUES ('1076', '11', '289', NULL, '41', '1', '2015-03-30 02:47:30', '2015-03-30 02:47:30', 'e379fad7-9bfa-441f-905b-fc543b895ecc');
INSERT INTO `craft_relations` (`id`, `fieldId`, `sourceId`, `sourceLocale`, `targetId`, `sortOrder`, `dateCreated`, `dateUpdated`, `uid`) VALUES ('1077', '11', '289', NULL, '282', '2', '2015-03-30 02:47:30', '2015-03-30 02:47:30', '0e9d0417-5b72-45e7-a4df-a8e6ab78be6b');
INSERT INTO `craft_relations` (`id`, `fieldId`, `sourceId`, `sourceLocale`, `targetId`, `sortOrder`, `dateCreated`, `dateUpdated`, `uid`) VALUES ('1078', '13', '290', NULL, '284', '1', '2015-03-30 02:47:30', '2015-03-30 02:47:30', '799ea2c9-922f-47e2-b5ec-b40379793643');
INSERT INTO `craft_relations` (`id`, `fieldId`, `sourceId`, `sourceLocale`, `targetId`, `sortOrder`, `dateCreated`, `dateUpdated`, `uid`) VALUES ('1079', '13', '290', NULL, '288', '2', '2015-03-30 02:47:30', '2015-03-30 02:47:30', 'd8560748-c8a8-40ec-bb45-de6dd391267b');
INSERT INTO `craft_relations` (`id`, `fieldId`, `sourceId`, `sourceLocale`, `targetId`, `sortOrder`, `dateCreated`, `dateUpdated`, `uid`) VALUES ('1080', '11', '291', NULL, '283', '1', '2015-03-30 02:47:30', '2015-03-30 02:47:30', '6e866338-0dd8-4894-a601-29f2b6cc6698');
INSERT INTO `craft_relations` (`id`, `fieldId`, `sourceId`, `sourceLocale`, `targetId`, `sortOrder`, `dateCreated`, `dateUpdated`, `uid`) VALUES ('1081', '15', '292', NULL, '285', '1', '2015-03-30 02:47:30', '2015-03-30 02:47:30', 'd7a685d0-23cb-484f-a2d6-de0052889f92');
INSERT INTO `craft_relations` (`id`, `fieldId`, `sourceId`, `sourceLocale`, `targetId`, `sortOrder`, `dateCreated`, `dateUpdated`, `uid`) VALUES ('1082', '15', '292', NULL, '286', '2', '2015-03-30 02:47:30', '2015-03-30 02:47:30', '217c86ff-fbcb-4a47-b6db-5f7480d5f53c');
INSERT INTO `craft_relations` (`id`, `fieldId`, `sourceId`, `sourceLocale`, `targetId`, `sortOrder`, `dateCreated`, `dateUpdated`, `uid`) VALUES ('1083', '15', '292', NULL, '287', '3', '2015-03-30 02:47:30', '2015-03-30 02:47:30', '591fc8b5-5279-4ace-9502-5e11c252e6b8');
INSERT INTO `craft_relations` (`id`, `fieldId`, `sourceId`, `sourceLocale`, `targetId`, `sortOrder`, `dateCreated`, `dateUpdated`, `uid`) VALUES ('1084', '9', '91', NULL, '372', '1', '2015-03-30 02:49:29', '2015-03-30 02:49:29', 'c781f5e5-3e8b-45e3-88bb-13090cd305aa');
INSERT INTO `craft_relations` (`id`, `fieldId`, `sourceId`, `sourceLocale`, `targetId`, `sortOrder`, `dateCreated`, `dateUpdated`, `uid`) VALUES ('1085', '8', '91', NULL, '17', '1', '2015-03-30 02:49:29', '2015-03-30 02:49:29', 'c4648a82-1be6-411c-8433-fc279aecb63e');
INSERT INTO `craft_relations` (`id`, `fieldId`, `sourceId`, `sourceLocale`, `targetId`, `sortOrder`, `dateCreated`, `dateUpdated`, `uid`) VALUES ('1086', '11', '246', NULL, '243', '1', '2015-03-30 02:49:30', '2015-03-30 02:49:30', '22052ce1-70f5-4f3c-b24d-4f65c1ec3652');
INSERT INTO `craft_relations` (`id`, `fieldId`, `sourceId`, `sourceLocale`, `targetId`, `sortOrder`, `dateCreated`, `dateUpdated`, `uid`) VALUES ('1087', '11', '246', NULL, '244', '2', '2015-03-30 02:49:30', '2015-03-30 02:49:30', '12f7d6b8-807b-40e5-bf32-055e47a61ebd');
INSERT INTO `craft_relations` (`id`, `fieldId`, `sourceId`, `sourceLocale`, `targetId`, `sortOrder`, `dateCreated`, `dateUpdated`, `uid`) VALUES ('1088', '11', '246', NULL, '245', '3', '2015-03-30 02:49:30', '2015-03-30 02:49:30', 'e887e0b7-c862-4bdb-ad70-533e3acbd8c8');
INSERT INTO `craft_relations` (`id`, `fieldId`, `sourceId`, `sourceLocale`, `targetId`, `sortOrder`, `dateCreated`, `dateUpdated`, `uid`) VALUES ('1089', '15', '242', NULL, '239', '1', '2015-03-30 02:49:30', '2015-03-30 02:49:30', '31a4cba0-d58f-4aff-aa60-0be359c3d0fe');
INSERT INTO `craft_relations` (`id`, `fieldId`, `sourceId`, `sourceLocale`, `targetId`, `sortOrder`, `dateCreated`, `dateUpdated`, `uid`) VALUES ('1090', '15', '242', NULL, '240', '2', '2015-03-30 02:49:30', '2015-03-30 02:49:30', 'cfaaaecc-be53-44d4-8fb1-2575ff01a197');
INSERT INTO `craft_relations` (`id`, `fieldId`, `sourceId`, `sourceLocale`, `targetId`, `sortOrder`, `dateCreated`, `dateUpdated`, `uid`) VALUES ('1091', '15', '242', NULL, '241', '3', '2015-03-30 02:49:30', '2015-03-30 02:49:30', '0dd3734e-4f4b-48d2-93db-cd3507479ce8');
INSERT INTO `craft_relations` (`id`, `fieldId`, `sourceId`, `sourceLocale`, `targetId`, `sortOrder`, `dateCreated`, `dateUpdated`, `uid`) VALUES ('1092', '9', '52', NULL, '373', '1', '2015-03-30 03:15:10', '2015-03-30 03:15:10', 'dc3a2aba-8558-433e-9963-fee3d426555f');
INSERT INTO `craft_relations` (`id`, `fieldId`, `sourceId`, `sourceLocale`, `targetId`, `sortOrder`, `dateCreated`, `dateUpdated`, `uid`) VALUES ('1093', '8', '52', NULL, '99', '1', '2015-03-30 03:15:10', '2015-03-30 03:15:10', 'dc368908-fa93-43fc-9b53-d1952383de4a');
INSERT INTO `craft_relations` (`id`, `fieldId`, `sourceId`, `sourceLocale`, `targetId`, `sortOrder`, `dateCreated`, `dateUpdated`, `uid`) VALUES ('1094', '11', '319', NULL, '113', '1', '2015-03-30 03:15:10', '2015-03-30 03:15:10', '638cb257-1bc6-4c92-9e64-123afa3653e8');
INSERT INTO `craft_relations` (`id`, `fieldId`, `sourceId`, `sourceLocale`, `targetId`, `sortOrder`, `dateCreated`, `dateUpdated`, `uid`) VALUES ('1095', '11', '319', NULL, '320', '2', '2015-03-30 03:15:10', '2015-03-30 03:15:10', '97968bf4-a36e-47d5-aaf8-a0f634c0213a');
INSERT INTO `craft_relations` (`id`, `fieldId`, `sourceId`, `sourceLocale`, `targetId`, `sortOrder`, `dateCreated`, `dateUpdated`, `uid`) VALUES ('1096', '15', '327', NULL, '321', '1', '2015-03-30 03:15:10', '2015-03-30 03:15:10', '9845047b-3ae0-49ba-a2f6-a9526f3f36bf');
INSERT INTO `craft_relations` (`id`, `fieldId`, `sourceId`, `sourceLocale`, `targetId`, `sortOrder`, `dateCreated`, `dateUpdated`, `uid`) VALUES ('1097', '15', '327', NULL, '322', '2', '2015-03-30 03:15:10', '2015-03-30 03:15:10', '386dc025-0a62-4d09-a845-c2b0050eeeba');
INSERT INTO `craft_relations` (`id`, `fieldId`, `sourceId`, `sourceLocale`, `targetId`, `sortOrder`, `dateCreated`, `dateUpdated`, `uid`) VALUES ('1098', '15', '327', NULL, '323', '3', '2015-03-30 03:15:10', '2015-03-30 03:15:10', '565ac546-da75-41b7-88d9-cbf720f1c211');
INSERT INTO `craft_relations` (`id`, `fieldId`, `sourceId`, `sourceLocale`, `targetId`, `sortOrder`, `dateCreated`, `dateUpdated`, `uid`) VALUES ('1099', '13', '330', NULL, '340', '1', '2015-03-30 03:15:10', '2015-03-30 03:15:10', 'fb2f41d1-1f9d-4197-af81-583b4c471eda');
INSERT INTO `craft_relations` (`id`, `fieldId`, `sourceId`, `sourceLocale`, `targetId`, `sortOrder`, `dateCreated`, `dateUpdated`, `uid`) VALUES ('1100', '13', '330', NULL, '341', '2', '2015-03-30 03:15:10', '2015-03-30 03:15:10', '282d9c0b-d06c-446a-a29c-c4ad55d1e4ca');
INSERT INTO `craft_relations` (`id`, `fieldId`, `sourceId`, `sourceLocale`, `targetId`, `sortOrder`, `dateCreated`, `dateUpdated`, `uid`) VALUES ('1101', '11', '342', NULL, '339', '1', '2015-03-30 03:15:10', '2015-03-30 03:15:10', '686eb36d-30fe-478a-aeba-5dd556b2c31b');
INSERT INTO `craft_relations` (`id`, `fieldId`, `sourceId`, `sourceLocale`, `targetId`, `sortOrder`, `dateCreated`, `dateUpdated`, `uid`) VALUES ('1102', '15', '338', NULL, '324', '1', '2015-03-30 03:15:10', '2015-03-30 03:15:10', 'e19cdd01-f886-4ed9-a237-3378e4f78d5c');
INSERT INTO `craft_relations` (`id`, `fieldId`, `sourceId`, `sourceLocale`, `targetId`, `sortOrder`, `dateCreated`, `dateUpdated`, `uid`) VALUES ('1103', '15', '338', NULL, '325', '2', '2015-03-30 03:15:10', '2015-03-30 03:15:10', 'ab7da6cb-eaf9-4bc8-bbfb-4c48aeac01f0');
INSERT INTO `craft_relations` (`id`, `fieldId`, `sourceId`, `sourceLocale`, `targetId`, `sortOrder`, `dateCreated`, `dateUpdated`, `uid`) VALUES ('1104', '15', '338', NULL, '326', '3', '2015-03-30 03:15:10', '2015-03-30 03:15:10', 'e584b2ae-2dbe-43c0-bdef-883fbe35ff4d');
INSERT INTO `craft_relations` (`id`, `fieldId`, `sourceId`, `sourceLocale`, `targetId`, `sortOrder`, `dateCreated`, `dateUpdated`, `uid`) VALUES ('1105', '9', '46', NULL, '375', '1', '2015-03-30 03:20:32', '2015-03-30 03:20:32', 'f1df5d2b-4a0a-4ffc-bf53-8bce8e8ddfb9');
INSERT INTO `craft_relations` (`id`, `fieldId`, `sourceId`, `sourceLocale`, `targetId`, `sortOrder`, `dateCreated`, `dateUpdated`, `uid`) VALUES ('1106', '8', '46', NULL, '193', '1', '2015-03-30 03:20:32', '2015-03-30 03:20:32', 'd47b4d44-34a7-4a19-8ff4-bd9b4811bd81');
INSERT INTO `craft_relations` (`id`, `fieldId`, `sourceId`, `sourceLocale`, `targetId`, `sortOrder`, `dateCreated`, `dateUpdated`, `uid`) VALUES ('1107', '11', '258', NULL, '169', '1', '2015-03-30 03:20:32', '2015-03-30 03:20:32', '161406ba-9f03-41a4-a018-991b7e7f39e6');
INSERT INTO `craft_relations` (`id`, `fieldId`, `sourceId`, `sourceLocale`, `targetId`, `sortOrder`, `dateCreated`, `dateUpdated`, `uid`) VALUES ('1108', '11', '258', NULL, '152', '2', '2015-03-30 03:20:32', '2015-03-30 03:20:32', '58b6254d-74ae-453b-bf52-80256282ab15');
INSERT INTO `craft_relations` (`id`, `fieldId`, `sourceId`, `sourceLocale`, `targetId`, `sortOrder`, `dateCreated`, `dateUpdated`, `uid`) VALUES ('1109', '13', '265', NULL, '260', '1', '2015-03-30 03:20:32', '2015-03-30 03:20:32', '5e7175f6-e17b-4850-aed6-a5f9b8de767b');
INSERT INTO `craft_relations` (`id`, `fieldId`, `sourceId`, `sourceLocale`, `targetId`, `sortOrder`, `dateCreated`, `dateUpdated`, `uid`) VALUES ('1110', '13', '265', NULL, '261', '2', '2015-03-30 03:20:32', '2015-03-30 03:20:32', '991fefdb-c3da-4b1a-9b9e-f63ab4d89bef');
INSERT INTO `craft_relations` (`id`, `fieldId`, `sourceId`, `sourceLocale`, `targetId`, `sortOrder`, `dateCreated`, `dateUpdated`, `uid`) VALUES ('1111', '11', '266', NULL, '153', '1', '2015-03-30 03:20:32', '2015-03-30 03:20:32', 'e772e3ff-0ade-4140-9c8d-34e6a594e189');
INSERT INTO `craft_relations` (`id`, `fieldId`, `sourceId`, `sourceLocale`, `targetId`, `sortOrder`, `dateCreated`, `dateUpdated`, `uid`) VALUES ('1112', '15', '267', NULL, '262', '1', '2015-03-30 03:20:32', '2015-03-30 03:20:32', '1823fbfc-0789-4148-a889-d56d5fcff6dd');
INSERT INTO `craft_relations` (`id`, `fieldId`, `sourceId`, `sourceLocale`, `targetId`, `sortOrder`, `dateCreated`, `dateUpdated`, `uid`) VALUES ('1113', '15', '267', NULL, '263', '2', '2015-03-30 03:20:32', '2015-03-30 03:20:32', '5f5d80f3-73a0-40e5-9d61-99b048efeeeb');
INSERT INTO `craft_relations` (`id`, `fieldId`, `sourceId`, `sourceLocale`, `targetId`, `sortOrder`, `dateCreated`, `dateUpdated`, `uid`) VALUES ('1114', '15', '267', NULL, '264', '3', '2015-03-30 03:20:32', '2015-03-30 03:20:32', '0b09e231-f2e5-4125-8ff3-2222d5634c8f');
INSERT INTO `craft_relations` (`id`, `fieldId`, `sourceId`, `sourceLocale`, `targetId`, `sortOrder`, `dateCreated`, `dateUpdated`, `uid`) VALUES ('1121', '9', '85', NULL, '376', '1', '2015-03-30 03:36:34', '2015-03-30 03:36:34', '767b01f3-a6e0-4f49-ad25-79ca9b508561');
INSERT INTO `craft_relations` (`id`, `fieldId`, `sourceId`, `sourceLocale`, `targetId`, `sortOrder`, `dateCreated`, `dateUpdated`, `uid`) VALUES ('1122', '11', '317', NULL, '316', '1', '2015-03-30 03:36:34', '2015-03-30 03:36:34', '1d59a4d3-c4b6-45fd-b950-2d7c26db3321');
INSERT INTO `craft_relations` (`id`, `fieldId`, `sourceId`, `sourceLocale`, `targetId`, `sortOrder`, `dateCreated`, `dateUpdated`, `uid`) VALUES ('1123', '11', '317', NULL, '315', '2', '2015-03-30 03:36:34', '2015-03-30 03:36:34', '997a5f38-e0b4-4f85-b1f8-6eaba8561551');



DROP TABLE IF EXISTS `craft_routes`;


--
-- Schema for table `craft_routes`
--
CREATE TABLE `craft_routes` (
  `id` int(11) NOT NULL AUTO_INCREMENT,
  `locale` char(12) COLLATE utf8_unicode_ci DEFAULT NULL,
  `urlParts` varchar(255) COLLATE utf8_unicode_ci NOT NULL,
  `urlPattern` varchar(255) COLLATE utf8_unicode_ci NOT NULL,
  `template` varchar(255) COLLATE utf8_unicode_ci NOT NULL,
  `sortOrder` tinyint(4) DEFAULT NULL,
  `dateCreated` datetime NOT NULL,
  `dateUpdated` datetime NOT NULL,
  `uid` char(36) COLLATE utf8_unicode_ci NOT NULL DEFAULT '0',
  PRIMARY KEY (`id`),
  UNIQUE KEY `craft_routes_urlPattern_unq_idx` (`urlPattern`),
  KEY `craft_routes_locale_idx` (`locale`)
) ENGINE=InnoDB DEFAULT CHARSET=utf8 COLLATE=utf8_unicode_ci;

DROP TABLE IF EXISTS `craft_searchindex`;


--
-- Schema for table `craft_searchindex`
--
CREATE TABLE `craft_searchindex` (
  `elementId` int(11) NOT NULL,
  `attribute` varchar(25) COLLATE utf8_unicode_ci NOT NULL,
  `fieldId` int(11) NOT NULL,
  `locale` char(12) COLLATE utf8_unicode_ci NOT NULL,
  `keywords` text COLLATE utf8_unicode_ci NOT NULL,
  PRIMARY KEY (`elementId`,`attribute`,`fieldId`,`locale`),
  FULLTEXT KEY `craft_searchindex_keywords_idx` (`keywords`)
) ENGINE=MyISAM DEFAULT CHARSET=utf8 COLLATE=utf8_unicode_ci;

--
-- Data for table `craft_searchindex`
--

INSERT INTO `craft_searchindex` (`elementId`, `attribute`, `fieldId`, `locale`, `keywords`) VALUES ('1', 'username', '0', 'en_us', ' ed ');
INSERT INTO `craft_searchindex` (`elementId`, `attribute`, `fieldId`, `locale`, `keywords`) VALUES ('1', 'firstname', '0', 'en_us', '');
INSERT INTO `craft_searchindex` (`elementId`, `attribute`, `fieldId`, `locale`, `keywords`) VALUES ('1', 'lastname', '0', 'en_us', '');
INSERT INTO `craft_searchindex` (`elementId`, `attribute`, `fieldId`, `locale`, `keywords`) VALUES ('1', 'fullname', '0', 'en_us', '');
INSERT INTO `craft_searchindex` (`elementId`, `attribute`, `fieldId`, `locale`, `keywords`) VALUES ('1', 'email', '0', 'en_us', ' dykes ellen gmail com ');
INSERT INTO `craft_searchindex` (`elementId`, `attribute`, `fieldId`, `locale`, `keywords`) VALUES ('1', 'slug', '0', 'en_us', '');
INSERT INTO `craft_searchindex` (`elementId`, `attribute`, `fieldId`, `locale`, `keywords`) VALUES ('2', 'field', '1', 'en_us', ' it s true this site doesn t have a whole lot of content yet but don t worry our web developers have just installed the cms and they re setting things up for the content editors this very moment soon ellendykes dev will be an oasis of fresh perspectives sharp analyses and astute opinions that will keep you coming back again and again ');
INSERT INTO `craft_searchindex` (`elementId`, `attribute`, `fieldId`, `locale`, `keywords`) VALUES ('2', 'slug', '0', 'en_us', ' homepage ');
INSERT INTO `craft_searchindex` (`elementId`, `attribute`, `fieldId`, `locale`, `keywords`) VALUES ('2', 'title', '0', 'en_us', ' welcome to ellendykes dev ');
INSERT INTO `craft_searchindex` (`elementId`, `attribute`, `fieldId`, `locale`, `keywords`) VALUES ('4', 'field', '5', 'en_us', ' design development html sass jquery ');
INSERT INTO `craft_searchindex` (`elementId`, `attribute`, `fieldId`, `locale`, `keywords`) VALUES ('4', 'field', '4', 'en_us', ' this microsite highlights steam whistle s unique can van package this 10 pack is modeled after steam whistle s classic 1967 ford econoline heavy duty designed to bring the party wherever it goes when fans visit the site they can learn more about steam whistle s vintage vehicle fleet the steam machine where they can find a can van plus what other fans are posting about the can van ');
INSERT INTO `craft_searchindex` (`elementId`, `attribute`, `fieldId`, `locale`, `keywords`) VALUES ('4', 'slug', '0', 'en_us', ' can van ');
INSERT INTO `craft_searchindex` (`elementId`, `attribute`, `fieldId`, `locale`, `keywords`) VALUES ('4', 'title', '0', 'en_us', ' steam whistle s can van ');
INSERT INTO `craft_searchindex` (`elementId`, `attribute`, `fieldId`, `locale`, `keywords`) VALUES ('5', 'field', '6', 'en_us', ' design ');
INSERT INTO `craft_searchindex` (`elementId`, `attribute`, `fieldId`, `locale`, `keywords`) VALUES ('5', 'slug', '0', 'en_us', '');
INSERT INTO `craft_searchindex` (`elementId`, `attribute`, `fieldId`, `locale`, `keywords`) VALUES ('6', 'field', '6', 'en_us', ' development ');
INSERT INTO `craft_searchindex` (`elementId`, `attribute`, `fieldId`, `locale`, `keywords`) VALUES ('6', 'slug', '0', 'en_us', '');
INSERT INTO `craft_searchindex` (`elementId`, `attribute`, `fieldId`, `locale`, `keywords`) VALUES ('7', 'field', '6', 'en_us', ' html ');
INSERT INTO `craft_searchindex` (`elementId`, `attribute`, `fieldId`, `locale`, `keywords`) VALUES ('7', 'slug', '0', 'en_us', '');
INSERT INTO `craft_searchindex` (`elementId`, `attribute`, `fieldId`, `locale`, `keywords`) VALUES ('8', 'field', '6', 'en_us', ' sass ');
INSERT INTO `craft_searchindex` (`elementId`, `attribute`, `fieldId`, `locale`, `keywords`) VALUES ('8', 'slug', '0', 'en_us', '');
INSERT INTO `craft_searchindex` (`elementId`, `attribute`, `fieldId`, `locale`, `keywords`) VALUES ('9', 'field', '6', 'en_us', ' jquery ');
INSERT INTO `craft_searchindex` (`elementId`, `attribute`, `fieldId`, `locale`, `keywords`) VALUES ('9', 'slug', '0', 'en_us', '');
INSERT INTO `craft_searchindex` (`elementId`, `attribute`, `fieldId`, `locale`, `keywords`) VALUES ('284', 'extension', '0', 'en_us', ' jpg ');
INSERT INTO `craft_searchindex` (`elementId`, `attribute`, `fieldId`, `locale`, `keywords`) VALUES ('284', 'filename', '0', 'en_us', ' canvan left jpg ');
INSERT INTO `craft_searchindex` (`elementId`, `attribute`, `fieldId`, `locale`, `keywords`) VALUES ('41', 'title', '0', 'en_us', ' can van multiple screens ');
INSERT INTO `craft_searchindex` (`elementId`, `attribute`, `fieldId`, `locale`, `keywords`) VALUES ('283', 'slug', '0', 'en_us', ' canvan 3 ');
INSERT INTO `craft_searchindex` (`elementId`, `attribute`, `fieldId`, `locale`, `keywords`) VALUES ('282', 'title', '0', 'en_us', ' canvan 2 ');
INSERT INTO `craft_searchindex` (`elementId`, `attribute`, `fieldId`, `locale`, `keywords`) VALUES ('283', 'filename', '0', 'en_us', ' canvan 3 jpg ');
INSERT INTO `craft_searchindex` (`elementId`, `attribute`, `fieldId`, `locale`, `keywords`) VALUES ('283', 'extension', '0', 'en_us', ' jpg ');
INSERT INTO `craft_searchindex` (`elementId`, `attribute`, `fieldId`, `locale`, `keywords`) VALUES ('283', 'kind', '0', 'en_us', ' image ');
INSERT INTO `craft_searchindex` (`elementId`, `attribute`, `fieldId`, `locale`, `keywords`) VALUES ('41', 'filename', '0', 'en_us', ' canvan jpg ');
INSERT INTO `craft_searchindex` (`elementId`, `attribute`, `fieldId`, `locale`, `keywords`) VALUES ('41', 'extension', '0', 'en_us', ' jpg ');
INSERT INTO `craft_searchindex` (`elementId`, `attribute`, `fieldId`, `locale`, `keywords`) VALUES ('41', 'kind', '0', 'en_us', ' image ');
INSERT INTO `craft_searchindex` (`elementId`, `attribute`, `fieldId`, `locale`, `keywords`) VALUES ('41', 'slug', '0', 'en_us', ' canvan 1 ');
INSERT INTO `craft_searchindex` (`elementId`, `attribute`, `fieldId`, `locale`, `keywords`) VALUES ('4', 'field', '7', 'en_us', ' canvan 1 canvan 2 canvan 2up canvan 3 canvan mobile ');
INSERT INTO `craft_searchindex` (`elementId`, `attribute`, `fieldId`, `locale`, `keywords`) VALUES ('17', 'filename', '0', 'en_us', ' all devices jpg ');
INSERT INTO `craft_searchindex` (`elementId`, `attribute`, `fieldId`, `locale`, `keywords`) VALUES ('17', 'extension', '0', 'en_us', ' jpg ');
INSERT INTO `craft_searchindex` (`elementId`, `attribute`, `fieldId`, `locale`, `keywords`) VALUES ('17', 'kind', '0', 'en_us', ' image ');
INSERT INTO `craft_searchindex` (`elementId`, `attribute`, `fieldId`, `locale`, `keywords`) VALUES ('17', 'slug', '0', 'en_us', ' all devices ');
INSERT INTO `craft_searchindex` (`elementId`, `attribute`, `fieldId`, `locale`, `keywords`) VALUES ('17', 'title', '0', 'en_us', ' all devices ');
INSERT INTO `craft_searchindex` (`elementId`, `attribute`, `fieldId`, `locale`, `keywords`) VALUES ('18', 'filename', '0', 'en_us', ' ed_image_web cropped jpg ');
INSERT INTO `craft_searchindex` (`elementId`, `attribute`, `fieldId`, `locale`, `keywords`) VALUES ('18', 'extension', '0', 'en_us', ' jpg ');
INSERT INTO `craft_searchindex` (`elementId`, `attribute`, `fieldId`, `locale`, `keywords`) VALUES ('18', 'kind', '0', 'en_us', ' image ');
INSERT INTO `craft_searchindex` (`elementId`, `attribute`, `fieldId`, `locale`, `keywords`) VALUES ('18', 'slug', '0', 'en_us', ' ed image web cropped ');
INSERT INTO `craft_searchindex` (`elementId`, `attribute`, `fieldId`, `locale`, `keywords`) VALUES ('18', 'title', '0', 'en_us', ' ed image web cropped ');
INSERT INTO `craft_searchindex` (`elementId`, `attribute`, `fieldId`, `locale`, `keywords`) VALUES ('19', 'filename', '0', 'en_us', ' all projects svg ');
INSERT INTO `craft_searchindex` (`elementId`, `attribute`, `fieldId`, `locale`, `keywords`) VALUES ('19', 'extension', '0', 'en_us', ' svg ');
INSERT INTO `craft_searchindex` (`elementId`, `attribute`, `fieldId`, `locale`, `keywords`) VALUES ('19', 'kind', '0', 'en_us', ' image ');
INSERT INTO `craft_searchindex` (`elementId`, `attribute`, `fieldId`, `locale`, `keywords`) VALUES ('19', 'slug', '0', 'en_us', ' all projects ');
INSERT INTO `craft_searchindex` (`elementId`, `attribute`, `fieldId`, `locale`, `keywords`) VALUES ('19', 'title', '0', 'en_us', ' all projects ');
INSERT INTO `craft_searchindex` (`elementId`, `attribute`, `fieldId`, `locale`, `keywords`) VALUES ('20', 'filename', '0', 'en_us', ' ed_image_web 1200 jpg ');
INSERT INTO `craft_searchindex` (`elementId`, `attribute`, `fieldId`, `locale`, `keywords`) VALUES ('20', 'extension', '0', 'en_us', ' jpg ');
INSERT INTO `craft_searchindex` (`elementId`, `attribute`, `fieldId`, `locale`, `keywords`) VALUES ('20', 'kind', '0', 'en_us', ' image ');
INSERT INTO `craft_searchindex` (`elementId`, `attribute`, `fieldId`, `locale`, `keywords`) VALUES ('20', 'slug', '0', 'en_us', ' ed image web 1200 ');
INSERT INTO `craft_searchindex` (`elementId`, `attribute`, `fieldId`, `locale`, `keywords`) VALUES ('20', 'title', '0', 'en_us', ' ed image web 1200 ');
INSERT INTO `craft_searchindex` (`elementId`, `attribute`, `fieldId`, `locale`, `keywords`) VALUES ('21', 'filename', '0', 'en_us', ' ed_image_web nologo jpg ');
INSERT INTO `craft_searchindex` (`elementId`, `attribute`, `fieldId`, `locale`, `keywords`) VALUES ('21', 'extension', '0', 'en_us', ' jpg ');
INSERT INTO `craft_searchindex` (`elementId`, `attribute`, `fieldId`, `locale`, `keywords`) VALUES ('21', 'kind', '0', 'en_us', ' image ');
INSERT INTO `craft_searchindex` (`elementId`, `attribute`, `fieldId`, `locale`, `keywords`) VALUES ('21', 'slug', '0', 'en_us', ' ed image web nologo ');
INSERT INTO `craft_searchindex` (`elementId`, `attribute`, `fieldId`, `locale`, `keywords`) VALUES ('21', 'title', '0', 'en_us', ' ed image web nologo ');
INSERT INTO `craft_searchindex` (`elementId`, `attribute`, `fieldId`, `locale`, `keywords`) VALUES ('22', 'filename', '0', 'en_us', ' ed_image_web jpg ');
INSERT INTO `craft_searchindex` (`elementId`, `attribute`, `fieldId`, `locale`, `keywords`) VALUES ('22', 'extension', '0', 'en_us', ' jpg ');
INSERT INTO `craft_searchindex` (`elementId`, `attribute`, `fieldId`, `locale`, `keywords`) VALUES ('22', 'kind', '0', 'en_us', ' image ');
INSERT INTO `craft_searchindex` (`elementId`, `attribute`, `fieldId`, `locale`, `keywords`) VALUES ('22', 'slug', '0', 'en_us', ' ed image web ');
INSERT INTO `craft_searchindex` (`elementId`, `attribute`, `fieldId`, `locale`, `keywords`) VALUES ('22', 'title', '0', 'en_us', ' ed image web ');
INSERT INTO `craft_searchindex` (`elementId`, `attribute`, `fieldId`, `locale`, `keywords`) VALUES ('23', 'filename', '0', 'en_us', ' ed_logo_tiny svg ');
INSERT INTO `craft_searchindex` (`elementId`, `attribute`, `fieldId`, `locale`, `keywords`) VALUES ('23', 'extension', '0', 'en_us', ' svg ');
INSERT INTO `craft_searchindex` (`elementId`, `attribute`, `fieldId`, `locale`, `keywords`) VALUES ('23', 'kind', '0', 'en_us', ' image ');
INSERT INTO `craft_searchindex` (`elementId`, `attribute`, `fieldId`, `locale`, `keywords`) VALUES ('23', 'slug', '0', 'en_us', ' ed logo tiny ');
INSERT INTO `craft_searchindex` (`elementId`, `attribute`, `fieldId`, `locale`, `keywords`) VALUES ('23', 'title', '0', 'en_us', ' ed logo tiny ');
INSERT INTO `craft_searchindex` (`elementId`, `attribute`, `fieldId`, `locale`, `keywords`) VALUES ('283', 'title', '0', 'en_us', ' canvan 3 ');
INSERT INTO `craft_searchindex` (`elementId`, `attribute`, `fieldId`, `locale`, `keywords`) VALUES ('366', 'filename', '0', 'en_us', ' caroline thumb png ');
INSERT INTO `craft_searchindex` (`elementId`, `attribute`, `fieldId`, `locale`, `keywords`) VALUES ('366', 'extension', '0', 'en_us', ' png ');
INSERT INTO `craft_searchindex` (`elementId`, `attribute`, `fieldId`, `locale`, `keywords`) VALUES ('366', 'kind', '0', 'en_us', ' image ');
INSERT INTO `craft_searchindex` (`elementId`, `attribute`, `fieldId`, `locale`, `keywords`) VALUES ('366', 'slug', '0', 'en_us', '');
INSERT INTO `craft_searchindex` (`elementId`, `attribute`, `fieldId`, `locale`, `keywords`) VALUES ('366', 'title', '0', 'en_us', ' caroline thumb ');
INSERT INTO `craft_searchindex` (`elementId`, `attribute`, `fieldId`, `locale`, `keywords`) VALUES ('355', 'filename', '0', 'en_us', ' store png ');
INSERT INTO `craft_searchindex` (`elementId`, `attribute`, `fieldId`, `locale`, `keywords`) VALUES ('355', 'extension', '0', 'en_us', ' png ');
INSERT INTO `craft_searchindex` (`elementId`, `attribute`, `fieldId`, `locale`, `keywords`) VALUES ('355', 'kind', '0', 'en_us', ' image ');
INSERT INTO `craft_searchindex` (`elementId`, `attribute`, `fieldId`, `locale`, `keywords`) VALUES ('355', 'slug', '0', 'en_us', '');
INSERT INTO `craft_searchindex` (`elementId`, `attribute`, `fieldId`, `locale`, `keywords`) VALUES ('355', 'title', '0', 'en_us', ' store ');
INSERT INTO `craft_searchindex` (`elementId`, `attribute`, `fieldId`, `locale`, `keywords`) VALUES ('356', 'filename', '0', 'en_us', ' blog thumb png ');
INSERT INTO `craft_searchindex` (`elementId`, `attribute`, `fieldId`, `locale`, `keywords`) VALUES ('356', 'extension', '0', 'en_us', ' png ');
INSERT INTO `craft_searchindex` (`elementId`, `attribute`, `fieldId`, `locale`, `keywords`) VALUES ('356', 'kind', '0', 'en_us', ' image ');
INSERT INTO `craft_searchindex` (`elementId`, `attribute`, `fieldId`, `locale`, `keywords`) VALUES ('356', 'slug', '0', 'en_us', ' blog thumb ');
INSERT INTO `craft_searchindex` (`elementId`, `attribute`, `fieldId`, `locale`, `keywords`) VALUES ('356', 'title', '0', 'en_us', ' blog thumb ');
INSERT INTO `craft_searchindex` (`elementId`, `attribute`, `fieldId`, `locale`, `keywords`) VALUES ('28', 'filename', '0', 'en_us', ' header_logo png ');
INSERT INTO `craft_searchindex` (`elementId`, `attribute`, `fieldId`, `locale`, `keywords`) VALUES ('28', 'extension', '0', 'en_us', ' png ');
INSERT INTO `craft_searchindex` (`elementId`, `attribute`, `fieldId`, `locale`, `keywords`) VALUES ('28', 'kind', '0', 'en_us', ' image ');
INSERT INTO `craft_searchindex` (`elementId`, `attribute`, `fieldId`, `locale`, `keywords`) VALUES ('28', 'slug', '0', 'en_us', ' header logo ');
INSERT INTO `craft_searchindex` (`elementId`, `attribute`, `fieldId`, `locale`, `keywords`) VALUES ('28', 'title', '0', 'en_us', ' header logo ');
INSERT INTO `craft_searchindex` (`elementId`, `attribute`, `fieldId`, `locale`, `keywords`) VALUES ('29', 'filename', '0', 'en_us', ' logo banner svg ');
INSERT INTO `craft_searchindex` (`elementId`, `attribute`, `fieldId`, `locale`, `keywords`) VALUES ('29', 'extension', '0', 'en_us', ' svg ');
INSERT INTO `craft_searchindex` (`elementId`, `attribute`, `fieldId`, `locale`, `keywords`) VALUES ('29', 'kind', '0', 'en_us', ' image ');
INSERT INTO `craft_searchindex` (`elementId`, `attribute`, `fieldId`, `locale`, `keywords`) VALUES ('29', 'slug', '0', 'en_us', ' logo banner ');
INSERT INTO `craft_searchindex` (`elementId`, `attribute`, `fieldId`, `locale`, `keywords`) VALUES ('29', 'title', '0', 'en_us', ' logo banner ');
INSERT INTO `craft_searchindex` (`elementId`, `attribute`, `fieldId`, `locale`, `keywords`) VALUES ('30', 'filename', '0', 'en_us', ' logo svg ');
INSERT INTO `craft_searchindex` (`elementId`, `attribute`, `fieldId`, `locale`, `keywords`) VALUES ('30', 'extension', '0', 'en_us', ' svg ');
INSERT INTO `craft_searchindex` (`elementId`, `attribute`, `fieldId`, `locale`, `keywords`) VALUES ('30', 'kind', '0', 'en_us', ' image ');
INSERT INTO `craft_searchindex` (`elementId`, `attribute`, `fieldId`, `locale`, `keywords`) VALUES ('30', 'slug', '0', 'en_us', ' logo ');
INSERT INTO `craft_searchindex` (`elementId`, `attribute`, `fieldId`, `locale`, `keywords`) VALUES ('30', 'title', '0', 'en_us', ' logo ');
INSERT INTO `craft_searchindex` (`elementId`, `attribute`, `fieldId`, `locale`, `keywords`) VALUES ('31', 'filename', '0', 'en_us', ' masthead 2 jpg ');
INSERT INTO `craft_searchindex` (`elementId`, `attribute`, `fieldId`, `locale`, `keywords`) VALUES ('31', 'extension', '0', 'en_us', ' jpg ');
INSERT INTO `craft_searchindex` (`elementId`, `attribute`, `fieldId`, `locale`, `keywords`) VALUES ('31', 'kind', '0', 'en_us', ' image ');
INSERT INTO `craft_searchindex` (`elementId`, `attribute`, `fieldId`, `locale`, `keywords`) VALUES ('31', 'slug', '0', 'en_us', ' masthead 2 ');
INSERT INTO `craft_searchindex` (`elementId`, `attribute`, `fieldId`, `locale`, `keywords`) VALUES ('31', 'title', '0', 'en_us', ' masthead 2 ');
INSERT INTO `craft_searchindex` (`elementId`, `attribute`, `fieldId`, `locale`, `keywords`) VALUES ('32', 'filename', '0', 'en_us', ' masthead jpg ');
INSERT INTO `craft_searchindex` (`elementId`, `attribute`, `fieldId`, `locale`, `keywords`) VALUES ('32', 'extension', '0', 'en_us', ' jpg ');
INSERT INTO `craft_searchindex` (`elementId`, `attribute`, `fieldId`, `locale`, `keywords`) VALUES ('32', 'kind', '0', 'en_us', ' image ');
INSERT INTO `craft_searchindex` (`elementId`, `attribute`, `fieldId`, `locale`, `keywords`) VALUES ('32', 'slug', '0', 'en_us', ' masthead ');
INSERT INTO `craft_searchindex` (`elementId`, `attribute`, `fieldId`, `locale`, `keywords`) VALUES ('32', 'title', '0', 'en_us', ' masthead ');
INSERT INTO `craft_searchindex` (`elementId`, `attribute`, `fieldId`, `locale`, `keywords`) VALUES ('33', 'filename', '0', 'en_us', ' my_logo png ');
INSERT INTO `craft_searchindex` (`elementId`, `attribute`, `fieldId`, `locale`, `keywords`) VALUES ('33', 'extension', '0', 'en_us', ' png ');
INSERT INTO `craft_searchindex` (`elementId`, `attribute`, `fieldId`, `locale`, `keywords`) VALUES ('33', 'kind', '0', 'en_us', ' image ');
INSERT INTO `craft_searchindex` (`elementId`, `attribute`, `fieldId`, `locale`, `keywords`) VALUES ('33', 'slug', '0', 'en_us', ' my logo ');
INSERT INTO `craft_searchindex` (`elementId`, `attribute`, `fieldId`, `locale`, `keywords`) VALUES ('33', 'title', '0', 'en_us', ' my logo ');
INSERT INTO `craft_searchindex` (`elementId`, `attribute`, `fieldId`, `locale`, `keywords`) VALUES ('34', 'filename', '0', 'en_us', ' my_logo svg ');
INSERT INTO `craft_searchindex` (`elementId`, `attribute`, `fieldId`, `locale`, `keywords`) VALUES ('34', 'extension', '0', 'en_us', ' svg ');
INSERT INTO `craft_searchindex` (`elementId`, `attribute`, `fieldId`, `locale`, `keywords`) VALUES ('34', 'kind', '0', 'en_us', ' image ');
INSERT INTO `craft_searchindex` (`elementId`, `attribute`, `fieldId`, `locale`, `keywords`) VALUES ('34', 'slug', '0', 'en_us', ' my logo ');
INSERT INTO `craft_searchindex` (`elementId`, `attribute`, `fieldId`, `locale`, `keywords`) VALUES ('34', 'title', '0', 'en_us', ' my logo ');
INSERT INTO `craft_searchindex` (`elementId`, `attribute`, `fieldId`, `locale`, `keywords`) VALUES ('35', 'filename', '0', 'en_us', ' dribbble svg ');
INSERT INTO `craft_searchindex` (`elementId`, `attribute`, `fieldId`, `locale`, `keywords`) VALUES ('35', 'extension', '0', 'en_us', ' svg ');
INSERT INTO `craft_searchindex` (`elementId`, `attribute`, `fieldId`, `locale`, `keywords`) VALUES ('35', 'kind', '0', 'en_us', ' image ');
INSERT INTO `craft_searchindex` (`elementId`, `attribute`, `fieldId`, `locale`, `keywords`) VALUES ('35', 'slug', '0', 'en_us', ' dribbble ');
INSERT INTO `craft_searchindex` (`elementId`, `attribute`, `fieldId`, `locale`, `keywords`) VALUES ('35', 'title', '0', 'en_us', ' dribbble ');
INSERT INTO `craft_searchindex` (`elementId`, `attribute`, `fieldId`, `locale`, `keywords`) VALUES ('36', 'filename', '0', 'en_us', ' insta svg ');
INSERT INTO `craft_searchindex` (`elementId`, `attribute`, `fieldId`, `locale`, `keywords`) VALUES ('36', 'extension', '0', 'en_us', ' svg ');
INSERT INTO `craft_searchindex` (`elementId`, `attribute`, `fieldId`, `locale`, `keywords`) VALUES ('36', 'kind', '0', 'en_us', ' image ');
INSERT INTO `craft_searchindex` (`elementId`, `attribute`, `fieldId`, `locale`, `keywords`) VALUES ('36', 'slug', '0', 'en_us', ' insta ');
INSERT INTO `craft_searchindex` (`elementId`, `attribute`, `fieldId`, `locale`, `keywords`) VALUES ('36', 'title', '0', 'en_us', ' insta ');
INSERT INTO `craft_searchindex` (`elementId`, `attribute`, `fieldId`, `locale`, `keywords`) VALUES ('37', 'filename', '0', 'en_us', ' linkedin svg ');
INSERT INTO `craft_searchindex` (`elementId`, `attribute`, `fieldId`, `locale`, `keywords`) VALUES ('37', 'extension', '0', 'en_us', ' svg ');
INSERT INTO `craft_searchindex` (`elementId`, `attribute`, `fieldId`, `locale`, `keywords`) VALUES ('37', 'kind', '0', 'en_us', ' image ');
INSERT INTO `craft_searchindex` (`elementId`, `attribute`, `fieldId`, `locale`, `keywords`) VALUES ('37', 'slug', '0', 'en_us', ' linkedin ');
INSERT INTO `craft_searchindex` (`elementId`, `attribute`, `fieldId`, `locale`, `keywords`) VALUES ('37', 'title', '0', 'en_us', ' linkedin ');
INSERT INTO `craft_searchindex` (`elementId`, `attribute`, `fieldId`, `locale`, `keywords`) VALUES ('38', 'filename', '0', 'en_us', ' twitter svg ');
INSERT INTO `craft_searchindex` (`elementId`, `attribute`, `fieldId`, `locale`, `keywords`) VALUES ('38', 'extension', '0', 'en_us', ' svg ');
INSERT INTO `craft_searchindex` (`elementId`, `attribute`, `fieldId`, `locale`, `keywords`) VALUES ('38', 'kind', '0', 'en_us', ' image ');
INSERT INTO `craft_searchindex` (`elementId`, `attribute`, `fieldId`, `locale`, `keywords`) VALUES ('38', 'slug', '0', 'en_us', ' twitter ');
INSERT INTO `craft_searchindex` (`elementId`, `attribute`, `fieldId`, `locale`, `keywords`) VALUES ('38', 'title', '0', 'en_us', ' twitter ');
INSERT INTO `craft_searchindex` (`elementId`, `attribute`, `fieldId`, `locale`, `keywords`) VALUES ('284', 'kind', '0', 'en_us', ' image ');
INSERT INTO `craft_searchindex` (`elementId`, `attribute`, `fieldId`, `locale`, `keywords`) VALUES ('284', 'slug', '0', 'en_us', '');
INSERT INTO `craft_searchindex` (`elementId`, `attribute`, `fieldId`, `locale`, `keywords`) VALUES ('284', 'title', '0', 'en_us', ' canvan left ');
INSERT INTO `craft_searchindex` (`elementId`, `attribute`, `fieldId`, `locale`, `keywords`) VALUES ('285', 'filename', '0', 'en_us', ' canvan mobile left jpg ');
INSERT INTO `craft_searchindex` (`elementId`, `attribute`, `fieldId`, `locale`, `keywords`) VALUES ('46', 'field', '5', 'en_us', ' identity design site design development html sass jquery ');
INSERT INTO `craft_searchindex` (`elementId`, `attribute`, `fieldId`, `locale`, `keywords`) VALUES ('4', 'field', '8', 'en_us', ' hero ');
INSERT INTO `craft_searchindex` (`elementId`, `attribute`, `fieldId`, `locale`, `keywords`) VALUES ('45', 'filename', '0', 'en_us', ' hero jpg ');
INSERT INTO `craft_searchindex` (`elementId`, `attribute`, `fieldId`, `locale`, `keywords`) VALUES ('45', 'extension', '0', 'en_us', ' jpg ');
INSERT INTO `craft_searchindex` (`elementId`, `attribute`, `fieldId`, `locale`, `keywords`) VALUES ('45', 'kind', '0', 'en_us', ' image ');
INSERT INTO `craft_searchindex` (`elementId`, `attribute`, `fieldId`, `locale`, `keywords`) VALUES ('45', 'slug', '0', 'en_us', ' hero ');
INSERT INTO `craft_searchindex` (`elementId`, `attribute`, `fieldId`, `locale`, `keywords`) VALUES ('45', 'title', '0', 'en_us', ' hero ');
INSERT INTO `craft_searchindex` (`elementId`, `attribute`, `fieldId`, `locale`, `keywords`) VALUES ('46', 'field', '8', 'en_us', ' hero ');
INSERT INTO `craft_searchindex` (`elementId`, `attribute`, `fieldId`, `locale`, `keywords`) VALUES ('46', 'field', '4', 'en_us', ' life fit is a waterfront fitness studio based in new zealand the small private studio offers a number of amentities including group fitness classes personal training and a sauna the responsive website gives patrons access to information about the classes offered personal training services and rates even for the athelete always on the go ');
INSERT INTO `craft_searchindex` (`elementId`, `attribute`, `fieldId`, `locale`, `keywords`) VALUES ('46', 'field', '7', 'en_us', ' lifefit logo lifefit 1 lifefit 2up lifefit 2 lifefit mobile ');
INSERT INTO `craft_searchindex` (`elementId`, `attribute`, `fieldId`, `locale`, `keywords`) VALUES ('46', 'slug', '0', 'en_us', ' life fit ');
INSERT INTO `craft_searchindex` (`elementId`, `attribute`, `fieldId`, `locale`, `keywords`) VALUES ('46', 'title', '0', 'en_us', ' life fit fitness studio ');
INSERT INTO `craft_searchindex` (`elementId`, `attribute`, `fieldId`, `locale`, `keywords`) VALUES ('47', 'field', '6', 'en_us', ' site design ');
INSERT INTO `craft_searchindex` (`elementId`, `attribute`, `fieldId`, `locale`, `keywords`) VALUES ('47', 'slug', '0', 'en_us', '');
INSERT INTO `craft_searchindex` (`elementId`, `attribute`, `fieldId`, `locale`, `keywords`) VALUES ('48', 'field', '6', 'en_us', ' development ');
INSERT INTO `craft_searchindex` (`elementId`, `attribute`, `fieldId`, `locale`, `keywords`) VALUES ('48', 'slug', '0', 'en_us', '');
INSERT INTO `craft_searchindex` (`elementId`, `attribute`, `fieldId`, `locale`, `keywords`) VALUES ('49', 'field', '6', 'en_us', ' html ');
INSERT INTO `craft_searchindex` (`elementId`, `attribute`, `fieldId`, `locale`, `keywords`) VALUES ('49', 'slug', '0', 'en_us', '');
INSERT INTO `craft_searchindex` (`elementId`, `attribute`, `fieldId`, `locale`, `keywords`) VALUES ('50', 'field', '6', 'en_us', ' sass ');
INSERT INTO `craft_searchindex` (`elementId`, `attribute`, `fieldId`, `locale`, `keywords`) VALUES ('50', 'slug', '0', 'en_us', '');
INSERT INTO `craft_searchindex` (`elementId`, `attribute`, `fieldId`, `locale`, `keywords`) VALUES ('51', 'field', '6', 'en_us', ' jquery ');
INSERT INTO `craft_searchindex` (`elementId`, `attribute`, `fieldId`, `locale`, `keywords`) VALUES ('51', 'slug', '0', 'en_us', '');
INSERT INTO `craft_searchindex` (`elementId`, `attribute`, `fieldId`, `locale`, `keywords`) VALUES ('52', 'field', '8', 'en_us', ' hero ');
INSERT INTO `craft_searchindex` (`elementId`, `attribute`, `fieldId`, `locale`, `keywords`) VALUES ('52', 'field', '5', 'en_us', ' site design development html sass jquery craft cms ');
INSERT INTO `craft_searchindex` (`elementId`, `attribute`, `fieldId`, `locale`, `keywords`) VALUES ('52', 'field', '4', 'en_us', ' steam whistle unsigned is an ongoing concert series that showcases canada s indie music talent while also developing its future hosted in toronto edmonton calgary and vancouver each edition of unsigned features canadian artists with all of the ticket sales going back to the arts community the website houses an archive of each unsigned show with photos and video and provides event listings for upcoming unsigned shows and other local music acts built on the craft content management system events professionals are able to add and update new shows and annoucements ');
INSERT INTO `craft_searchindex` (`elementId`, `attribute`, `fieldId`, `locale`, `keywords`) VALUES ('52', 'field', '7', 'en_us', ' unsigned 1 unsigned mobile 1 unsigned 2up 2 unsigned mobile 2 ');
INSERT INTO `craft_searchindex` (`elementId`, `attribute`, `fieldId`, `locale`, `keywords`) VALUES ('52', 'slug', '0', 'en_us', ' unsigned ');
INSERT INTO `craft_searchindex` (`elementId`, `attribute`, `fieldId`, `locale`, `keywords`) VALUES ('52', 'title', '0', 'en_us', ' unsigned indie music series ');
INSERT INTO `craft_searchindex` (`elementId`, `attribute`, `fieldId`, `locale`, `keywords`) VALUES ('53', 'field', '6', 'en_us', ' site design ');
INSERT INTO `craft_searchindex` (`elementId`, `attribute`, `fieldId`, `locale`, `keywords`) VALUES ('53', 'slug', '0', 'en_us', '');
INSERT INTO `craft_searchindex` (`elementId`, `attribute`, `fieldId`, `locale`, `keywords`) VALUES ('54', 'field', '6', 'en_us', ' development ');
INSERT INTO `craft_searchindex` (`elementId`, `attribute`, `fieldId`, `locale`, `keywords`) VALUES ('54', 'slug', '0', 'en_us', '');
INSERT INTO `craft_searchindex` (`elementId`, `attribute`, `fieldId`, `locale`, `keywords`) VALUES ('55', 'field', '6', 'en_us', ' html ');
INSERT INTO `craft_searchindex` (`elementId`, `attribute`, `fieldId`, `locale`, `keywords`) VALUES ('55', 'slug', '0', 'en_us', '');
INSERT INTO `craft_searchindex` (`elementId`, `attribute`, `fieldId`, `locale`, `keywords`) VALUES ('56', 'field', '6', 'en_us', ' sass ');
INSERT INTO `craft_searchindex` (`elementId`, `attribute`, `fieldId`, `locale`, `keywords`) VALUES ('56', 'slug', '0', 'en_us', '');
INSERT INTO `craft_searchindex` (`elementId`, `attribute`, `fieldId`, `locale`, `keywords`) VALUES ('57', 'field', '6', 'en_us', ' jquery ');
INSERT INTO `craft_searchindex` (`elementId`, `attribute`, `fieldId`, `locale`, `keywords`) VALUES ('57', 'slug', '0', 'en_us', '');
INSERT INTO `craft_searchindex` (`elementId`, `attribute`, `fieldId`, `locale`, `keywords`) VALUES ('58', 'field', '6', 'en_us', ' craft cms ');
INSERT INTO `craft_searchindex` (`elementId`, `attribute`, `fieldId`, `locale`, `keywords`) VALUES ('58', 'slug', '0', 'en_us', '');
INSERT INTO `craft_searchindex` (`elementId`, `attribute`, `fieldId`, `locale`, `keywords`) VALUES ('59', 'field', '8', 'en_us', ' hero 3 ');
INSERT INTO `craft_searchindex` (`elementId`, `attribute`, `fieldId`, `locale`, `keywords`) VALUES ('59', 'field', '5', 'en_us', ' identity design site design development html sass jquery ');
INSERT INTO `craft_searchindex` (`elementId`, `attribute`, `fieldId`, `locale`, `keywords`) VALUES ('59', 'field', '4', 'en_us', ' every year steam whistle invites its craft brethern to roundhouse park to host an outdoor winter beer festival challengning beer fans to drink cold beer outside in the canadian winter this site provides information on the festival which breweries will participate and how to buy tickets to this crazy canuck festival ');
INSERT INTO `craft_searchindex` (`elementId`, `attribute`, `fieldId`, `locale`, `keywords`) VALUES ('59', 'field', '7', 'en_us', ' logo winter beer fest winter beer fest 2up winter beer fest 2 winter beer fest mobile banner ');
INSERT INTO `craft_searchindex` (`elementId`, `attribute`, `fieldId`, `locale`, `keywords`) VALUES ('59', 'slug', '0', 'en_us', ' winter beer festival ');
INSERT INTO `craft_searchindex` (`elementId`, `attribute`, `fieldId`, `locale`, `keywords`) VALUES ('59', 'title', '0', 'en_us', ' winter craft beer festival ');
INSERT INTO `craft_searchindex` (`elementId`, `attribute`, `fieldId`, `locale`, `keywords`) VALUES ('60', 'field', '6', 'en_us', ' identity design ');
INSERT INTO `craft_searchindex` (`elementId`, `attribute`, `fieldId`, `locale`, `keywords`) VALUES ('60', 'slug', '0', 'en_us', '');
INSERT INTO `craft_searchindex` (`elementId`, `attribute`, `fieldId`, `locale`, `keywords`) VALUES ('61', 'field', '6', 'en_us', ' site design ');
INSERT INTO `craft_searchindex` (`elementId`, `attribute`, `fieldId`, `locale`, `keywords`) VALUES ('61', 'slug', '0', 'en_us', '');
INSERT INTO `craft_searchindex` (`elementId`, `attribute`, `fieldId`, `locale`, `keywords`) VALUES ('62', 'field', '6', 'en_us', ' development ');
INSERT INTO `craft_searchindex` (`elementId`, `attribute`, `fieldId`, `locale`, `keywords`) VALUES ('62', 'slug', '0', 'en_us', '');
INSERT INTO `craft_searchindex` (`elementId`, `attribute`, `fieldId`, `locale`, `keywords`) VALUES ('63', 'field', '6', 'en_us', ' html ');
INSERT INTO `craft_searchindex` (`elementId`, `attribute`, `fieldId`, `locale`, `keywords`) VALUES ('63', 'slug', '0', 'en_us', '');
INSERT INTO `craft_searchindex` (`elementId`, `attribute`, `fieldId`, `locale`, `keywords`) VALUES ('64', 'field', '6', 'en_us', ' sass ');
INSERT INTO `craft_searchindex` (`elementId`, `attribute`, `fieldId`, `locale`, `keywords`) VALUES ('64', 'slug', '0', 'en_us', '');
INSERT INTO `craft_searchindex` (`elementId`, `attribute`, `fieldId`, `locale`, `keywords`) VALUES ('65', 'field', '6', 'en_us', ' jquery ');
INSERT INTO `craft_searchindex` (`elementId`, `attribute`, `fieldId`, `locale`, `keywords`) VALUES ('65', 'slug', '0', 'en_us', '');
INSERT INTO `craft_searchindex` (`elementId`, `attribute`, `fieldId`, `locale`, `keywords`) VALUES ('66', 'field', '8', 'en_us', '');
INSERT INTO `craft_searchindex` (`elementId`, `attribute`, `fieldId`, `locale`, `keywords`) VALUES ('66', 'field', '5', 'en_us', ' development html sass jquery craft cms ');
INSERT INTO `craft_searchindex` (`elementId`, `attribute`, `fieldId`, `locale`, `keywords`) VALUES ('66', 'field', '4', 'en_us', ' i was very excited when a good friend approached me to help launch her portfolio website working with her designs i created a responsive and interactive site to bring her work to the web i definitely wanted to get her set up on an content managment platform so she could continue to add projects or edit content as needed and with its easy to use intuitive backend the craft cms was the perfect fit ');
INSERT INTO `craft_searchindex` (`elementId`, `attribute`, `fieldId`, `locale`, `keywords`) VALUES ('66', 'field', '7', 'en_us', ' caroline 1 caroline 2 caroline 3 mobile ');
INSERT INTO `craft_searchindex` (`elementId`, `attribute`, `fieldId`, `locale`, `keywords`) VALUES ('66', 'slug', '0', 'en_us', ' carolines portfolio ');
INSERT INTO `craft_searchindex` (`elementId`, `attribute`, `fieldId`, `locale`, `keywords`) VALUES ('66', 'title', '0', 'en_us', ' caroline gaspar s portfolio ');
INSERT INTO `craft_searchindex` (`elementId`, `attribute`, `fieldId`, `locale`, `keywords`) VALUES ('67', 'field', '6', 'en_us', ' development ');
INSERT INTO `craft_searchindex` (`elementId`, `attribute`, `fieldId`, `locale`, `keywords`) VALUES ('67', 'slug', '0', 'en_us', '');
INSERT INTO `craft_searchindex` (`elementId`, `attribute`, `fieldId`, `locale`, `keywords`) VALUES ('68', 'field', '6', 'en_us', ' html ');
INSERT INTO `craft_searchindex` (`elementId`, `attribute`, `fieldId`, `locale`, `keywords`) VALUES ('68', 'slug', '0', 'en_us', '');
INSERT INTO `craft_searchindex` (`elementId`, `attribute`, `fieldId`, `locale`, `keywords`) VALUES ('69', 'field', '6', 'en_us', ' sass ');
INSERT INTO `craft_searchindex` (`elementId`, `attribute`, `fieldId`, `locale`, `keywords`) VALUES ('69', 'slug', '0', 'en_us', '');
INSERT INTO `craft_searchindex` (`elementId`, `attribute`, `fieldId`, `locale`, `keywords`) VALUES ('70', 'field', '6', 'en_us', ' jquery ');
INSERT INTO `craft_searchindex` (`elementId`, `attribute`, `fieldId`, `locale`, `keywords`) VALUES ('70', 'slug', '0', 'en_us', '');
INSERT INTO `craft_searchindex` (`elementId`, `attribute`, `fieldId`, `locale`, `keywords`) VALUES ('71', 'field', '6', 'en_us', ' craft cms ');
INSERT INTO `craft_searchindex` (`elementId`, `attribute`, `fieldId`, `locale`, `keywords`) VALUES ('71', 'slug', '0', 'en_us', '');
INSERT INTO `craft_searchindex` (`elementId`, `attribute`, `fieldId`, `locale`, `keywords`) VALUES ('72', 'field', '8', 'en_us', ' hero ');
INSERT INTO `craft_searchindex` (`elementId`, `attribute`, `fieldId`, `locale`, `keywords`) VALUES ('72', 'field', '5', 'en_us', ' site design development html sass jquery ');
INSERT INTO `craft_searchindex` (`elementId`, `attribute`, `fieldId`, `locale`, `keywords`) VALUES ('72', 'field', '4', 'en_us', ' oktoberfest has become the world s largest festival where millions of people gather to celebrate beer steam whistle brings this legendary celebration closer to home with their custom 1 litre steins and celebrations in a number of canadian cities the microsite provides information about the brewery festival including party locations helpful german phrases and where oktoberfest fans can get their own steam whistle stein prosit ');
INSERT INTO `craft_searchindex` (`elementId`, `attribute`, `fieldId`, `locale`, `keywords`) VALUES ('72', 'field', '7', 'en_us', '');
INSERT INTO `craft_searchindex` (`elementId`, `attribute`, `fieldId`, `locale`, `keywords`) VALUES ('72', 'slug', '0', 'en_us', ' oktoberfest ');
INSERT INTO `craft_searchindex` (`elementId`, `attribute`, `fieldId`, `locale`, `keywords`) VALUES ('72', 'title', '0', 'en_us', ' steam whistle s oktoberfest ');
INSERT INTO `craft_searchindex` (`elementId`, `attribute`, `fieldId`, `locale`, `keywords`) VALUES ('73', 'field', '6', 'en_us', ' site design ');
INSERT INTO `craft_searchindex` (`elementId`, `attribute`, `fieldId`, `locale`, `keywords`) VALUES ('73', 'slug', '0', 'en_us', '');
INSERT INTO `craft_searchindex` (`elementId`, `attribute`, `fieldId`, `locale`, `keywords`) VALUES ('74', 'field', '6', 'en_us', ' development ');
INSERT INTO `craft_searchindex` (`elementId`, `attribute`, `fieldId`, `locale`, `keywords`) VALUES ('74', 'slug', '0', 'en_us', '');
INSERT INTO `craft_searchindex` (`elementId`, `attribute`, `fieldId`, `locale`, `keywords`) VALUES ('75', 'field', '6', 'en_us', ' html ');
INSERT INTO `craft_searchindex` (`elementId`, `attribute`, `fieldId`, `locale`, `keywords`) VALUES ('75', 'slug', '0', 'en_us', '');
INSERT INTO `craft_searchindex` (`elementId`, `attribute`, `fieldId`, `locale`, `keywords`) VALUES ('76', 'field', '6', 'en_us', ' sass ');
INSERT INTO `craft_searchindex` (`elementId`, `attribute`, `fieldId`, `locale`, `keywords`) VALUES ('76', 'slug', '0', 'en_us', '');
INSERT INTO `craft_searchindex` (`elementId`, `attribute`, `fieldId`, `locale`, `keywords`) VALUES ('77', 'field', '6', 'en_us', ' jquery ');
INSERT INTO `craft_searchindex` (`elementId`, `attribute`, `fieldId`, `locale`, `keywords`) VALUES ('77', 'slug', '0', 'en_us', '');
INSERT INTO `craft_searchindex` (`elementId`, `attribute`, `fieldId`, `locale`, `keywords`) VALUES ('78', 'field', '8', 'en_us', ' product preview o ');
INSERT INTO `craft_searchindex` (`elementId`, `attribute`, `fieldId`, `locale`, `keywords`) VALUES ('78', 'field', '5', 'en_us', ' site design development html sass jquery php ');
INSERT INTO `craft_searchindex` (`elementId`, `attribute`, `fieldId`, `locale`, `keywords`) VALUES ('78', 'field', '4', 'en_us', ' for a summer promo steam whistle brewing invited consumers to check under their caps for a chance to win the ultimate bottle opener crafted out of solid gold the accompanying website provides information on the contest where to buy specially marked packs and the option to enter the contest online ');
INSERT INTO `craft_searchindex` (`elementId`, `attribute`, `fieldId`, `locale`, `keywords`) VALUES ('78', 'field', '7', 'en_us', ' go home golden opener 1 go page enter ');
INSERT INTO `craft_searchindex` (`elementId`, `attribute`, `fieldId`, `locale`, `keywords`) VALUES ('78', 'slug', '0', 'en_us', ' find gold ');
INSERT INTO `craft_searchindex` (`elementId`, `attribute`, `fieldId`, `locale`, `keywords`) VALUES ('78', 'title', '0', 'en_us', ' find gold contest page ');
INSERT INTO `craft_searchindex` (`elementId`, `attribute`, `fieldId`, `locale`, `keywords`) VALUES ('79', 'field', '6', 'en_us', ' site design ');
INSERT INTO `craft_searchindex` (`elementId`, `attribute`, `fieldId`, `locale`, `keywords`) VALUES ('79', 'slug', '0', 'en_us', '');
INSERT INTO `craft_searchindex` (`elementId`, `attribute`, `fieldId`, `locale`, `keywords`) VALUES ('80', 'field', '6', 'en_us', ' development ');
INSERT INTO `craft_searchindex` (`elementId`, `attribute`, `fieldId`, `locale`, `keywords`) VALUES ('80', 'slug', '0', 'en_us', '');
INSERT INTO `craft_searchindex` (`elementId`, `attribute`, `fieldId`, `locale`, `keywords`) VALUES ('81', 'field', '6', 'en_us', ' html ');
INSERT INTO `craft_searchindex` (`elementId`, `attribute`, `fieldId`, `locale`, `keywords`) VALUES ('81', 'slug', '0', 'en_us', '');
INSERT INTO `craft_searchindex` (`elementId`, `attribute`, `fieldId`, `locale`, `keywords`) VALUES ('82', 'field', '6', 'en_us', ' sass ');
INSERT INTO `craft_searchindex` (`elementId`, `attribute`, `fieldId`, `locale`, `keywords`) VALUES ('82', 'slug', '0', 'en_us', '');
INSERT INTO `craft_searchindex` (`elementId`, `attribute`, `fieldId`, `locale`, `keywords`) VALUES ('83', 'field', '6', 'en_us', ' jquery ');
INSERT INTO `craft_searchindex` (`elementId`, `attribute`, `fieldId`, `locale`, `keywords`) VALUES ('83', 'slug', '0', 'en_us', '');
INSERT INTO `craft_searchindex` (`elementId`, `attribute`, `fieldId`, `locale`, `keywords`) VALUES ('84', 'field', '6', 'en_us', ' php ');
INSERT INTO `craft_searchindex` (`elementId`, `attribute`, `fieldId`, `locale`, `keywords`) VALUES ('84', 'slug', '0', 'en_us', '');
INSERT INTO `craft_searchindex` (`elementId`, `attribute`, `fieldId`, `locale`, `keywords`) VALUES ('85', 'field', '8', 'en_us', '');
INSERT INTO `craft_searchindex` (`elementId`, `attribute`, `fieldId`, `locale`, `keywords`) VALUES ('85', 'field', '5', 'en_us', ' design development html css wordpress ');
INSERT INTO `craft_searchindex` (`elementId`, `attribute`, `fieldId`, `locale`, `keywords`) VALUES ('85', 'field', '4', 'en_us', ' custom wordpress template for steam whistle s blog page ');
INSERT INTO `craft_searchindex` (`elementId`, `attribute`, `fieldId`, `locale`, `keywords`) VALUES ('85', 'field', '7', 'en_us', '');
INSERT INTO `craft_searchindex` (`elementId`, `attribute`, `fieldId`, `locale`, `keywords`) VALUES ('85', 'slug', '0', 'en_us', ' steam whistle blog ');
INSERT INTO `craft_searchindex` (`elementId`, `attribute`, `fieldId`, `locale`, `keywords`) VALUES ('85', 'title', '0', 'en_us', ' steam whistle blog ');
INSERT INTO `craft_searchindex` (`elementId`, `attribute`, `fieldId`, `locale`, `keywords`) VALUES ('86', 'field', '6', 'en_us', ' design ');
INSERT INTO `craft_searchindex` (`elementId`, `attribute`, `fieldId`, `locale`, `keywords`) VALUES ('86', 'slug', '0', 'en_us', '');
INSERT INTO `craft_searchindex` (`elementId`, `attribute`, `fieldId`, `locale`, `keywords`) VALUES ('87', 'field', '6', 'en_us', ' development ');
INSERT INTO `craft_searchindex` (`elementId`, `attribute`, `fieldId`, `locale`, `keywords`) VALUES ('87', 'slug', '0', 'en_us', '');
INSERT INTO `craft_searchindex` (`elementId`, `attribute`, `fieldId`, `locale`, `keywords`) VALUES ('88', 'field', '6', 'en_us', ' html ');
INSERT INTO `craft_searchindex` (`elementId`, `attribute`, `fieldId`, `locale`, `keywords`) VALUES ('88', 'slug', '0', 'en_us', '');
INSERT INTO `craft_searchindex` (`elementId`, `attribute`, `fieldId`, `locale`, `keywords`) VALUES ('89', 'field', '6', 'en_us', ' css ');
INSERT INTO `craft_searchindex` (`elementId`, `attribute`, `fieldId`, `locale`, `keywords`) VALUES ('89', 'slug', '0', 'en_us', '');
INSERT INTO `craft_searchindex` (`elementId`, `attribute`, `fieldId`, `locale`, `keywords`) VALUES ('90', 'field', '6', 'en_us', ' wordpress ');
INSERT INTO `craft_searchindex` (`elementId`, `attribute`, `fieldId`, `locale`, `keywords`) VALUES ('90', 'slug', '0', 'en_us', '');
INSERT INTO `craft_searchindex` (`elementId`, `attribute`, `fieldId`, `locale`, `keywords`) VALUES ('91', 'field', '8', 'en_us', ' all devices ');
INSERT INTO `craft_searchindex` (`elementId`, `attribute`, `fieldId`, `locale`, `keywords`) VALUES ('91', 'field', '5', 'en_us', ' shopify template design development html css ');
INSERT INTO `craft_searchindex` (`elementId`, `attribute`, `fieldId`, `locale`, `keywords`) VALUES ('91', 'field', '4', 'en_us', ' in high school the language i most fell in love with happened to be a dead one latin sure it s spoken at the vatican and when i first began to study the tongue of virgil and catullus friends joked that i could only use it if i moved to rome tempting but church latin barely resembles the classical written language ');
INSERT INTO `craft_searchindex` (`elementId`, `attribute`, `fieldId`, `locale`, `keywords`) VALUES ('91', 'field', '7', 'en_us', ' winter beer fest winter beer fest 2up winter beer fest mobile ');
INSERT INTO `craft_searchindex` (`elementId`, `attribute`, `fieldId`, `locale`, `keywords`) VALUES ('91', 'slug', '0', 'en_us', ' steam whistle store ');
INSERT INTO `craft_searchindex` (`elementId`, `attribute`, `fieldId`, `locale`, `keywords`) VALUES ('91', 'title', '0', 'en_us', ' the steam whistle store ');
INSERT INTO `craft_searchindex` (`elementId`, `attribute`, `fieldId`, `locale`, `keywords`) VALUES ('85', 'field', '9', 'en_us', ' blog thumb ');
INSERT INTO `craft_searchindex` (`elementId`, `attribute`, `fieldId`, `locale`, `keywords`) VALUES ('93', 'field', '6', 'en_us', ' development ');
INSERT INTO `craft_searchindex` (`elementId`, `attribute`, `fieldId`, `locale`, `keywords`) VALUES ('93', 'slug', '0', 'en_us', '');
INSERT INTO `craft_searchindex` (`elementId`, `attribute`, `fieldId`, `locale`, `keywords`) VALUES ('94', 'field', '6', 'en_us', ' html ');
INSERT INTO `craft_searchindex` (`elementId`, `attribute`, `fieldId`, `locale`, `keywords`) VALUES ('94', 'slug', '0', 'en_us', '');
INSERT INTO `craft_searchindex` (`elementId`, `attribute`, `fieldId`, `locale`, `keywords`) VALUES ('95', 'field', '6', 'en_us', ' css ');
INSERT INTO `craft_searchindex` (`elementId`, `attribute`, `fieldId`, `locale`, `keywords`) VALUES ('95', 'slug', '0', 'en_us', '');
INSERT INTO `craft_searchindex` (`elementId`, `attribute`, `fieldId`, `locale`, `keywords`) VALUES ('96', 'field', '6', 'en_us', ' shopify template design ');
INSERT INTO `craft_searchindex` (`elementId`, `attribute`, `fieldId`, `locale`, `keywords`) VALUES ('96', 'slug', '0', 'en_us', '');
INSERT INTO `craft_searchindex` (`elementId`, `attribute`, `fieldId`, `locale`, `keywords`) VALUES ('372', 'slug', '0', 'en_us', '');
INSERT INTO `craft_searchindex` (`elementId`, `attribute`, `fieldId`, `locale`, `keywords`) VALUES ('368', 'kind', '0', 'en_us', ' image ');
INSERT INTO `craft_searchindex` (`elementId`, `attribute`, `fieldId`, `locale`, `keywords`) VALUES ('368', 'slug', '0', 'en_us', ' winter beer thumb ');
INSERT INTO `craft_searchindex` (`elementId`, `attribute`, `fieldId`, `locale`, `keywords`) VALUES ('98', 'filename', '0', 'en_us', ' hero jpg ');
INSERT INTO `craft_searchindex` (`elementId`, `attribute`, `fieldId`, `locale`, `keywords`) VALUES ('98', 'extension', '0', 'en_us', ' jpg ');
INSERT INTO `craft_searchindex` (`elementId`, `attribute`, `fieldId`, `locale`, `keywords`) VALUES ('98', 'kind', '0', 'en_us', ' image ');
INSERT INTO `craft_searchindex` (`elementId`, `attribute`, `fieldId`, `locale`, `keywords`) VALUES ('98', 'slug', '0', 'en_us', ' hero ');
INSERT INTO `craft_searchindex` (`elementId`, `attribute`, `fieldId`, `locale`, `keywords`) VALUES ('98', 'title', '0', 'en_us', ' hero ');
INSERT INTO `craft_searchindex` (`elementId`, `attribute`, `fieldId`, `locale`, `keywords`) VALUES ('99', 'filename', '0', 'en_us', ' hero jpg ');
INSERT INTO `craft_searchindex` (`elementId`, `attribute`, `fieldId`, `locale`, `keywords`) VALUES ('99', 'extension', '0', 'en_us', ' jpg ');
INSERT INTO `craft_searchindex` (`elementId`, `attribute`, `fieldId`, `locale`, `keywords`) VALUES ('99', 'kind', '0', 'en_us', ' image ');
INSERT INTO `craft_searchindex` (`elementId`, `attribute`, `fieldId`, `locale`, `keywords`) VALUES ('99', 'slug', '0', 'en_us', ' salesgraphic5 o ');
INSERT INTO `craft_searchindex` (`elementId`, `attribute`, `fieldId`, `locale`, `keywords`) VALUES ('99', 'title', '0', 'en_us', ' hero ');
INSERT INTO `craft_searchindex` (`elementId`, `attribute`, `fieldId`, `locale`, `keywords`) VALUES ('368', 'title', '0', 'en_us', ' winter beer thumb ');
INSERT INTO `craft_searchindex` (`elementId`, `attribute`, `fieldId`, `locale`, `keywords`) VALUES ('362', 'filename', '0', 'en_us', ' caroline thumb jpg ');
INSERT INTO `craft_searchindex` (`elementId`, `attribute`, `fieldId`, `locale`, `keywords`) VALUES ('168', 'extension', '0', 'en_us', ' jpg ');
INSERT INTO `craft_searchindex` (`elementId`, `attribute`, `fieldId`, `locale`, `keywords`) VALUES ('362', 'kind', '0', 'en_us', ' image ');
INSERT INTO `craft_searchindex` (`elementId`, `attribute`, `fieldId`, `locale`, `keywords`) VALUES ('168', 'filename', '0', 'en_us', ' caroline 3 jpg ');
INSERT INTO `craft_searchindex` (`elementId`, `attribute`, `fieldId`, `locale`, `keywords`) VALUES ('167', 'title', '0', 'en_us', ' caroline 2 ');
INSERT INTO `craft_searchindex` (`elementId`, `attribute`, `fieldId`, `locale`, `keywords`) VALUES ('167', 'slug', '0', 'en_us', ' caroline 2 ');
INSERT INTO `craft_searchindex` (`elementId`, `attribute`, `fieldId`, `locale`, `keywords`) VALUES ('372', 'extension', '0', 'en_us', ' jpg ');
INSERT INTO `craft_searchindex` (`elementId`, `attribute`, `fieldId`, `locale`, `keywords`) VALUES ('106', 'filename', '0', 'en_us', ' hero jpg ');
INSERT INTO `craft_searchindex` (`elementId`, `attribute`, `fieldId`, `locale`, `keywords`) VALUES ('106', 'extension', '0', 'en_us', ' jpg ');
INSERT INTO `craft_searchindex` (`elementId`, `attribute`, `fieldId`, `locale`, `keywords`) VALUES ('106', 'kind', '0', 'en_us', ' image ');
INSERT INTO `craft_searchindex` (`elementId`, `attribute`, `fieldId`, `locale`, `keywords`) VALUES ('106', 'slug', '0', 'en_us', ' hero ');
INSERT INTO `craft_searchindex` (`elementId`, `attribute`, `fieldId`, `locale`, `keywords`) VALUES ('106', 'title', '0', 'en_us', ' hero ');
INSERT INTO `craft_searchindex` (`elementId`, `attribute`, `fieldId`, `locale`, `keywords`) VALUES ('362', 'slug', '0', 'en_us', '');
INSERT INTO `craft_searchindex` (`elementId`, `attribute`, `fieldId`, `locale`, `keywords`) VALUES ('108', 'filename', '0', 'en_us', ' hero 2 jpg ');
INSERT INTO `craft_searchindex` (`elementId`, `attribute`, `fieldId`, `locale`, `keywords`) VALUES ('108', 'extension', '0', 'en_us', ' jpg ');
INSERT INTO `craft_searchindex` (`elementId`, `attribute`, `fieldId`, `locale`, `keywords`) VALUES ('108', 'kind', '0', 'en_us', ' image ');
INSERT INTO `craft_searchindex` (`elementId`, `attribute`, `fieldId`, `locale`, `keywords`) VALUES ('108', 'slug', '0', 'en_us', ' hero 2 ');
INSERT INTO `craft_searchindex` (`elementId`, `attribute`, `fieldId`, `locale`, `keywords`) VALUES ('108', 'title', '0', 'en_us', ' hero 2 ');
INSERT INTO `craft_searchindex` (`elementId`, `attribute`, `fieldId`, `locale`, `keywords`) VALUES ('362', 'title', '0', 'en_us', ' caroline thumb ');
INSERT INTO `craft_searchindex` (`elementId`, `attribute`, `fieldId`, `locale`, `keywords`) VALUES ('360', 'kind', '0', 'en_us', ' image ');
INSERT INTO `craft_searchindex` (`elementId`, `attribute`, `fieldId`, `locale`, `keywords`) VALUES ('360', 'slug', '0', 'en_us', ' oktoberfest thumb ');
INSERT INTO `craft_searchindex` (`elementId`, `attribute`, `fieldId`, `locale`, `keywords`) VALUES ('360', 'title', '0', 'en_us', ' oktoberfest thumb ');
INSERT INTO `craft_searchindex` (`elementId`, `attribute`, `fieldId`, `locale`, `keywords`) VALUES ('320', 'kind', '0', 'en_us', ' image ');
INSERT INTO `craft_searchindex` (`elementId`, `attribute`, `fieldId`, `locale`, `keywords`) VALUES ('320', 'slug', '0', 'en_us', '');
INSERT INTO `craft_searchindex` (`elementId`, `attribute`, `fieldId`, `locale`, `keywords`) VALUES ('320', 'extension', '0', 'en_us', ' jpg ');
INSERT INTO `craft_searchindex` (`elementId`, `attribute`, `fieldId`, `locale`, `keywords`) VALUES ('320', 'filename', '0', 'en_us', ' unsigned 2 jpg ');
INSERT INTO `craft_searchindex` (`elementId`, `attribute`, `fieldId`, `locale`, `keywords`) VALUES ('113', 'filename', '0', 'en_us', ' unsigned 1 jpg ');
INSERT INTO `craft_searchindex` (`elementId`, `attribute`, `fieldId`, `locale`, `keywords`) VALUES ('113', 'extension', '0', 'en_us', ' jpg ');
INSERT INTO `craft_searchindex` (`elementId`, `attribute`, `fieldId`, `locale`, `keywords`) VALUES ('113', 'kind', '0', 'en_us', ' image ');
INSERT INTO `craft_searchindex` (`elementId`, `attribute`, `fieldId`, `locale`, `keywords`) VALUES ('113', 'slug', '0', 'en_us', '');
INSERT INTO `craft_searchindex` (`elementId`, `attribute`, `fieldId`, `locale`, `keywords`) VALUES ('113', 'title', '0', 'en_us', ' unsigned 1 ');
INSERT INTO `craft_searchindex` (`elementId`, `attribute`, `fieldId`, `locale`, `keywords`) VALUES ('278', 'title', '0', 'en_us', ' okt left ');
INSERT INTO `craft_searchindex` (`elementId`, `attribute`, `fieldId`, `locale`, `keywords`) VALUES ('279', 'filename', '0', 'en_us', ' okt right jpg ');
INSERT INTO `craft_searchindex` (`elementId`, `attribute`, `fieldId`, `locale`, `keywords`) VALUES ('279', 'extension', '0', 'en_us', ' jpg ');
INSERT INTO `craft_searchindex` (`elementId`, `attribute`, `fieldId`, `locale`, `keywords`) VALUES ('227', 'field', '12', 'en_us', '');
INSERT INTO `craft_searchindex` (`elementId`, `attribute`, `fieldId`, `locale`, `keywords`) VALUES ('116', 'kind', '0', 'en_us', ' image ');
INSERT INTO `craft_searchindex` (`elementId`, `attribute`, `fieldId`, `locale`, `keywords`) VALUES ('116', 'extension', '0', 'en_us', ' jpg ');
INSERT INTO `craft_searchindex` (`elementId`, `attribute`, `fieldId`, `locale`, `keywords`) VALUES ('116', 'filename', '0', 'en_us', ' oktoberfest_1 jpg ');
INSERT INTO `craft_searchindex` (`elementId`, `attribute`, `fieldId`, `locale`, `keywords`) VALUES ('279', 'kind', '0', 'en_us', ' image ');
INSERT INTO `craft_searchindex` (`elementId`, `attribute`, `fieldId`, `locale`, `keywords`) VALUES ('116', 'slug', '0', 'en_us', '');
INSERT INTO `craft_searchindex` (`elementId`, `attribute`, `fieldId`, `locale`, `keywords`) VALUES ('116', 'title', '0', 'en_us', ' oktoberfest 1 ');
INSERT INTO `craft_searchindex` (`elementId`, `attribute`, `fieldId`, `locale`, `keywords`) VALUES ('276', 'slug', '0', 'en_us', '');
INSERT INTO `craft_searchindex` (`elementId`, `attribute`, `fieldId`, `locale`, `keywords`) VALUES ('276', 'extension', '0', 'en_us', ' jpg ');
INSERT INTO `craft_searchindex` (`elementId`, `attribute`, `fieldId`, `locale`, `keywords`) VALUES ('276', 'kind', '0', 'en_us', ' image ');
INSERT INTO `craft_searchindex` (`elementId`, `attribute`, `fieldId`, `locale`, `keywords`) VALUES ('277', 'title', '0', 'en_us', ' okt 3 ');
INSERT INTO `craft_searchindex` (`elementId`, `attribute`, `fieldId`, `locale`, `keywords`) VALUES ('277', 'kind', '0', 'en_us', ' image ');
INSERT INTO `craft_searchindex` (`elementId`, `attribute`, `fieldId`, `locale`, `keywords`) VALUES ('277', 'extension', '0', 'en_us', ' jpg ');
INSERT INTO `craft_searchindex` (`elementId`, `attribute`, `fieldId`, `locale`, `keywords`) VALUES ('276', 'title', '0', 'en_us', ' okt 2 ');
INSERT INTO `craft_searchindex` (`elementId`, `attribute`, `fieldId`, `locale`, `keywords`) VALUES ('277', 'filename', '0', 'en_us', ' okt 3 jpg ');
INSERT INTO `craft_searchindex` (`elementId`, `attribute`, `fieldId`, `locale`, `keywords`) VALUES ('222', 'filename', '0', 'en_us', ' banner jpg ');
INSERT INTO `craft_searchindex` (`elementId`, `attribute`, `fieldId`, `locale`, `keywords`) VALUES ('277', 'slug', '0', 'en_us', '');
INSERT INTO `craft_searchindex` (`elementId`, `attribute`, `fieldId`, `locale`, `keywords`) VALUES ('222', 'extension', '0', 'en_us', ' jpg ');
INSERT INTO `craft_searchindex` (`elementId`, `attribute`, `fieldId`, `locale`, `keywords`) VALUES ('222', 'kind', '0', 'en_us', ' image ');
INSERT INTO `craft_searchindex` (`elementId`, `attribute`, `fieldId`, `locale`, `keywords`) VALUES ('222', 'slug', '0', 'en_us', '');
INSERT INTO `craft_searchindex` (`elementId`, `attribute`, `fieldId`, `locale`, `keywords`) VALUES ('222', 'title', '0', 'en_us', ' banner ');
INSERT INTO `craft_searchindex` (`elementId`, `attribute`, `fieldId`, `locale`, `keywords`) VALUES ('66', 'field', '9', 'en_us', ' caroline thumb ');
INSERT INTO `craft_searchindex` (`elementId`, `attribute`, `fieldId`, `locale`, `keywords`) VALUES ('85', 'field', '10', 'en_us', ' blog blog 2 ');
INSERT INTO `craft_searchindex` (`elementId`, `attribute`, `fieldId`, `locale`, `keywords`) VALUES ('167', 'kind', '0', 'en_us', ' image ');
INSERT INTO `craft_searchindex` (`elementId`, `attribute`, `fieldId`, `locale`, `keywords`) VALUES ('167', 'extension', '0', 'en_us', ' jpg ');
INSERT INTO `craft_searchindex` (`elementId`, `attribute`, `fieldId`, `locale`, `keywords`) VALUES ('167', 'filename', '0', 'en_us', ' caroline 2 jpg ');
INSERT INTO `craft_searchindex` (`elementId`, `attribute`, `fieldId`, `locale`, `keywords`) VALUES ('46', 'field', '9', 'en_us', ' lifefit thumb ');
INSERT INTO `craft_searchindex` (`elementId`, `attribute`, `fieldId`, `locale`, `keywords`) VALUES ('127', 'kind', '0', 'en_us', ' image ');
INSERT INTO `craft_searchindex` (`elementId`, `attribute`, `fieldId`, `locale`, `keywords`) VALUES ('127', 'extension', '0', 'en_us', ' jpg ');
INSERT INTO `craft_searchindex` (`elementId`, `attribute`, `fieldId`, `locale`, `keywords`) VALUES ('127', 'filename', '0', 'en_us', ' iphone5s_mockup_preview o jpg ');
INSERT INTO `craft_searchindex` (`elementId`, `attribute`, `fieldId`, `locale`, `keywords`) VALUES ('127', 'slug', '0', 'en_us', ' iphone5s mockup preview o ');
INSERT INTO `craft_searchindex` (`elementId`, `attribute`, `fieldId`, `locale`, `keywords`) VALUES ('127', 'title', '0', 'en_us', ' iphone5s mockup preview o ');
INSERT INTO `craft_searchindex` (`elementId`, `attribute`, `fieldId`, `locale`, `keywords`) VALUES ('285', 'title', '0', 'en_us', ' canvan mobile left ');
INSERT INTO `craft_searchindex` (`elementId`, `attribute`, `fieldId`, `locale`, `keywords`) VALUES ('282', 'slug', '0', 'en_us', ' canvan 2 ');
INSERT INTO `craft_searchindex` (`elementId`, `attribute`, `fieldId`, `locale`, `keywords`) VALUES ('282', 'filename', '0', 'en_us', ' canvan 2 jpg ');
INSERT INTO `craft_searchindex` (`elementId`, `attribute`, `fieldId`, `locale`, `keywords`) VALUES ('282', 'extension', '0', 'en_us', ' jpg ');
INSERT INTO `craft_searchindex` (`elementId`, `attribute`, `fieldId`, `locale`, `keywords`) VALUES ('282', 'kind', '0', 'en_us', ' image ');
INSERT INTO `craft_searchindex` (`elementId`, `attribute`, `fieldId`, `locale`, `keywords`) VALUES ('153', 'slug', '0', 'en_us', '');
INSERT INTO `craft_searchindex` (`elementId`, `attribute`, `fieldId`, `locale`, `keywords`) VALUES ('153', 'title', '0', 'en_us', ' lifefit 2 ');
INSERT INTO `craft_searchindex` (`elementId`, `attribute`, `fieldId`, `locale`, `keywords`) VALUES ('153', 'kind', '0', 'en_us', ' image ');
INSERT INTO `craft_searchindex` (`elementId`, `attribute`, `fieldId`, `locale`, `keywords`) VALUES ('153', 'extension', '0', 'en_us', ' jpg ');
INSERT INTO `craft_searchindex` (`elementId`, `attribute`, `fieldId`, `locale`, `keywords`) VALUES ('152', 'filename', '0', 'en_us', ' lifefit 1 jpg ');
INSERT INTO `craft_searchindex` (`elementId`, `attribute`, `fieldId`, `locale`, `keywords`) VALUES ('376', 'filename', '0', 'en_us', ' blog thumb jpg ');
INSERT INTO `craft_searchindex` (`elementId`, `attribute`, `fieldId`, `locale`, `keywords`) VALUES ('375', 'kind', '0', 'en_us', ' image ');
INSERT INTO `craft_searchindex` (`elementId`, `attribute`, `fieldId`, `locale`, `keywords`) VALUES ('375', 'slug', '0', 'en_us', '');
INSERT INTO `craft_searchindex` (`elementId`, `attribute`, `fieldId`, `locale`, `keywords`) VALUES ('375', 'title', '0', 'en_us', ' lifefit thumb ');
INSERT INTO `craft_searchindex` (`elementId`, `attribute`, `fieldId`, `locale`, `keywords`) VALUES ('153', 'filename', '0', 'en_us', ' lifefit 2 jpg ');
INSERT INTO `craft_searchindex` (`elementId`, `attribute`, `fieldId`, `locale`, `keywords`) VALUES ('152', 'title', '0', 'en_us', ' lifefit 1 ');
INSERT INTO `craft_searchindex` (`elementId`, `attribute`, `fieldId`, `locale`, `keywords`) VALUES ('152', 'slug', '0', 'en_us', '');
INSERT INTO `craft_searchindex` (`elementId`, `attribute`, `fieldId`, `locale`, `keywords`) VALUES ('152', 'extension', '0', 'en_us', ' jpg ');
INSERT INTO `craft_searchindex` (`elementId`, `attribute`, `fieldId`, `locale`, `keywords`) VALUES ('375', 'filename', '0', 'en_us', ' lifefit thumb jpg ');
INSERT INTO `craft_searchindex` (`elementId`, `attribute`, `fieldId`, `locale`, `keywords`) VALUES ('375', 'extension', '0', 'en_us', ' jpg ');
INSERT INTO `craft_searchindex` (`elementId`, `attribute`, `fieldId`, `locale`, `keywords`) VALUES ('152', 'kind', '0', 'en_us', ' image ');
INSERT INTO `craft_searchindex` (`elementId`, `attribute`, `fieldId`, `locale`, `keywords`) VALUES ('263', 'filename', '0', 'en_us', ' lifefit mobile mid jpg ');
INSERT INTO `craft_searchindex` (`elementId`, `attribute`, `fieldId`, `locale`, `keywords`) VALUES ('263', 'extension', '0', 'en_us', ' jpg ');
INSERT INTO `craft_searchindex` (`elementId`, `attribute`, `fieldId`, `locale`, `keywords`) VALUES ('263', 'kind', '0', 'en_us', ' image ');
INSERT INTO `craft_searchindex` (`elementId`, `attribute`, `fieldId`, `locale`, `keywords`) VALUES ('263', 'slug', '0', 'en_us', '');
INSERT INTO `craft_searchindex` (`elementId`, `attribute`, `fieldId`, `locale`, `keywords`) VALUES ('263', 'title', '0', 'en_us', ' lifefit mobile mid ');
INSERT INTO `craft_searchindex` (`elementId`, `attribute`, `fieldId`, `locale`, `keywords`) VALUES ('140', 'filename', '0', 'en_us', ' caroline_1 jpg ');
INSERT INTO `craft_searchindex` (`elementId`, `attribute`, `fieldId`, `locale`, `keywords`) VALUES ('140', 'extension', '0', 'en_us', ' jpg ');
INSERT INTO `craft_searchindex` (`elementId`, `attribute`, `fieldId`, `locale`, `keywords`) VALUES ('140', 'kind', '0', 'en_us', ' image ');
INSERT INTO `craft_searchindex` (`elementId`, `attribute`, `fieldId`, `locale`, `keywords`) VALUES ('140', 'slug', '0', 'en_us', ' caroline 1 ');
INSERT INTO `craft_searchindex` (`elementId`, `attribute`, `fieldId`, `locale`, `keywords`) VALUES ('140', 'title', '0', 'en_us', ' caroline 1 ');
INSERT INTO `craft_searchindex` (`elementId`, `attribute`, `fieldId`, `locale`, `keywords`) VALUES ('377', 'filename', '0', 'en_us', ' favicon png ');
INSERT INTO `craft_searchindex` (`elementId`, `attribute`, `fieldId`, `locale`, `keywords`) VALUES ('377', 'extension', '0', 'en_us', ' png ');
INSERT INTO `craft_searchindex` (`elementId`, `attribute`, `fieldId`, `locale`, `keywords`) VALUES ('377', 'kind', '0', 'en_us', ' image ');
INSERT INTO `craft_searchindex` (`elementId`, `attribute`, `fieldId`, `locale`, `keywords`) VALUES ('377', 'slug', '0', 'en_us', '');
INSERT INTO `craft_searchindex` (`elementId`, `attribute`, `fieldId`, `locale`, `keywords`) VALUES ('377', 'title', '0', 'en_us', ' favicon ');
INSERT INTO `craft_searchindex` (`elementId`, `attribute`, `fieldId`, `locale`, `keywords`) VALUES ('376', 'slug', '0', 'en_us', ' blog thumb ');
INSERT INTO `craft_searchindex` (`elementId`, `attribute`, `fieldId`, `locale`, `keywords`) VALUES ('376', 'title', '0', 'en_us', ' blog thumb ');
INSERT INTO `craft_searchindex` (`elementId`, `attribute`, `fieldId`, `locale`, `keywords`) VALUES ('376', 'kind', '0', 'en_us', ' image ');
INSERT INTO `craft_searchindex` (`elementId`, `attribute`, `fieldId`, `locale`, `keywords`) VALUES ('376', 'extension', '0', 'en_us', ' jpg ');
INSERT INTO `craft_searchindex` (`elementId`, `attribute`, `fieldId`, `locale`, `keywords`) VALUES ('373', 'filename', '0', 'en_us', ' unsigned thumb png ');
INSERT INTO `craft_searchindex` (`elementId`, `attribute`, `fieldId`, `locale`, `keywords`) VALUES ('373', 'extension', '0', 'en_us', ' png ');
INSERT INTO `craft_searchindex` (`elementId`, `attribute`, `fieldId`, `locale`, `keywords`) VALUES ('373', 'kind', '0', 'en_us', ' image ');
INSERT INTO `craft_searchindex` (`elementId`, `attribute`, `fieldId`, `locale`, `keywords`) VALUES ('372', 'title', '0', 'en_us', ' store thumb ');
INSERT INTO `craft_searchindex` (`elementId`, `attribute`, `fieldId`, `locale`, `keywords`) VALUES ('372', 'kind', '0', 'en_us', ' image ');
INSERT INTO `craft_searchindex` (`elementId`, `attribute`, `fieldId`, `locale`, `keywords`) VALUES ('372', 'filename', '0', 'en_us', ' store thumb jpg ');
INSERT INTO `craft_searchindex` (`elementId`, `attribute`, `fieldId`, `locale`, `keywords`) VALUES ('148', 'filename', '0', 'en_us', ' product preview o jpg ');
INSERT INTO `craft_searchindex` (`elementId`, `attribute`, `fieldId`, `locale`, `keywords`) VALUES ('148', 'extension', '0', 'en_us', ' jpg ');
INSERT INTO `craft_searchindex` (`elementId`, `attribute`, `fieldId`, `locale`, `keywords`) VALUES ('148', 'kind', '0', 'en_us', ' image ');
INSERT INTO `craft_searchindex` (`elementId`, `attribute`, `fieldId`, `locale`, `keywords`) VALUES ('148', 'slug', '0', 'en_us', '');
INSERT INTO `craft_searchindex` (`elementId`, `attribute`, `fieldId`, `locale`, `keywords`) VALUES ('148', 'title', '0', 'en_us', ' product preview o ');
INSERT INTO `craft_searchindex` (`elementId`, `attribute`, `fieldId`, `locale`, `keywords`) VALUES ('149', 'filename', '0', 'en_us', ' golden_opener_screens jpg ');
INSERT INTO `craft_searchindex` (`elementId`, `attribute`, `fieldId`, `locale`, `keywords`) VALUES ('149', 'extension', '0', 'en_us', ' jpg ');
INSERT INTO `craft_searchindex` (`elementId`, `attribute`, `fieldId`, `locale`, `keywords`) VALUES ('149', 'kind', '0', 'en_us', ' image ');
INSERT INTO `craft_searchindex` (`elementId`, `attribute`, `fieldId`, `locale`, `keywords`) VALUES ('149', 'slug', '0', 'en_us', ' go home ');
INSERT INTO `craft_searchindex` (`elementId`, `attribute`, `fieldId`, `locale`, `keywords`) VALUES ('149', 'title', '0', 'en_us', ' golden opener multiple screens ');
INSERT INTO `craft_searchindex` (`elementId`, `attribute`, `fieldId`, `locale`, `keywords`) VALUES ('150', 'filename', '0', 'en_us', ' go_page_enter jpg ');
INSERT INTO `craft_searchindex` (`elementId`, `attribute`, `fieldId`, `locale`, `keywords`) VALUES ('150', 'extension', '0', 'en_us', ' jpg ');
INSERT INTO `craft_searchindex` (`elementId`, `attribute`, `fieldId`, `locale`, `keywords`) VALUES ('150', 'kind', '0', 'en_us', ' image ');
INSERT INTO `craft_searchindex` (`elementId`, `attribute`, `fieldId`, `locale`, `keywords`) VALUES ('150', 'slug', '0', 'en_us', '');
INSERT INTO `craft_searchindex` (`elementId`, `attribute`, `fieldId`, `locale`, `keywords`) VALUES ('150', 'title', '0', 'en_us', ' go page enter ');
INSERT INTO `craft_searchindex` (`elementId`, `attribute`, `fieldId`, `locale`, `keywords`) VALUES ('285', 'slug', '0', 'en_us', '');
INSERT INTO `craft_searchindex` (`elementId`, `attribute`, `fieldId`, `locale`, `keywords`) VALUES ('285', 'extension', '0', 'en_us', ' jpg ');
INSERT INTO `craft_searchindex` (`elementId`, `attribute`, `fieldId`, `locale`, `keywords`) VALUES ('278', 'filename', '0', 'en_us', ' okt left jpg ');
INSERT INTO `craft_searchindex` (`elementId`, `attribute`, `fieldId`, `locale`, `keywords`) VALUES ('278', 'slug', '0', 'en_us', ' okt left ');
INSERT INTO `craft_searchindex` (`elementId`, `attribute`, `fieldId`, `locale`, `keywords`) VALUES ('278', 'extension', '0', 'en_us', ' jpg ');
INSERT INTO `craft_searchindex` (`elementId`, `attribute`, `fieldId`, `locale`, `keywords`) VALUES ('285', 'kind', '0', 'en_us', ' image ');
INSERT INTO `craft_searchindex` (`elementId`, `attribute`, `fieldId`, `locale`, `keywords`) VALUES ('171', 'slug', '0', 'en_us', '');
INSERT INTO `craft_searchindex` (`elementId`, `attribute`, `fieldId`, `locale`, `keywords`) VALUES ('168', 'slug', '0', 'en_us', ' caroline 3 ');
INSERT INTO `craft_searchindex` (`elementId`, `attribute`, `fieldId`, `locale`, `keywords`) VALUES ('168', 'title', '0', 'en_us', ' caroline 3 ');
INSERT INTO `craft_searchindex` (`elementId`, `attribute`, `fieldId`, `locale`, `keywords`) VALUES ('168', 'kind', '0', 'en_us', ' image ');
INSERT INTO `craft_searchindex` (`elementId`, `attribute`, `fieldId`, `locale`, `keywords`) VALUES ('169', 'kind', '0', 'en_us', ' image ');
INSERT INTO `craft_searchindex` (`elementId`, `attribute`, `fieldId`, `locale`, `keywords`) VALUES ('169', 'slug', '0', 'en_us', ' lifefit logo ');
INSERT INTO `craft_searchindex` (`elementId`, `attribute`, `fieldId`, `locale`, `keywords`) VALUES ('169', 'title', '0', 'en_us', ' lifefit logo ');
INSERT INTO `craft_searchindex` (`elementId`, `attribute`, `fieldId`, `locale`, `keywords`) VALUES ('169', 'extension', '0', 'en_us', ' png ');
INSERT INTO `craft_searchindex` (`elementId`, `attribute`, `fieldId`, `locale`, `keywords`) VALUES ('169', 'filename', '0', 'en_us', ' lifefit_logo png ');
INSERT INTO `craft_searchindex` (`elementId`, `attribute`, `fieldId`, `locale`, `keywords`) VALUES ('171', 'field', '6', 'en_us', ' identity design ');
INSERT INTO `craft_searchindex` (`elementId`, `attribute`, `fieldId`, `locale`, `keywords`) VALUES ('278', 'kind', '0', 'en_us', ' image ');
INSERT INTO `craft_searchindex` (`elementId`, `attribute`, `fieldId`, `locale`, `keywords`) VALUES ('262', 'title', '0', 'en_us', ' lifefit mobile left ');
INSERT INTO `craft_searchindex` (`elementId`, `attribute`, `fieldId`, `locale`, `keywords`) VALUES ('262', 'kind', '0', 'en_us', ' image ');
INSERT INTO `craft_searchindex` (`elementId`, `attribute`, `fieldId`, `locale`, `keywords`) VALUES ('262', 'slug', '0', 'en_us', ' lifefit mobile left ');
INSERT INTO `craft_searchindex` (`elementId`, `attribute`, `fieldId`, `locale`, `keywords`) VALUES ('227', 'field', '11', 'en_us', ' oktoberfest 1 okt 2 ');
INSERT INTO `craft_searchindex` (`elementId`, `attribute`, `fieldId`, `locale`, `keywords`) VALUES ('262', 'extension', '0', 'en_us', ' jpg ');
INSERT INTO `craft_searchindex` (`elementId`, `attribute`, `fieldId`, `locale`, `keywords`) VALUES ('286', 'extension', '0', 'en_us', ' jpg ');
INSERT INTO `craft_searchindex` (`elementId`, `attribute`, `fieldId`, `locale`, `keywords`) VALUES ('286', 'filename', '0', 'en_us', ' canvan mobile mid jpg ');
INSERT INTO `craft_searchindex` (`elementId`, `attribute`, `fieldId`, `locale`, `keywords`) VALUES ('178', 'filename', '0', 'en_us', ' golden opener 1 jpg ');
INSERT INTO `craft_searchindex` (`elementId`, `attribute`, `fieldId`, `locale`, `keywords`) VALUES ('178', 'extension', '0', 'en_us', ' jpg ');
INSERT INTO `craft_searchindex` (`elementId`, `attribute`, `fieldId`, `locale`, `keywords`) VALUES ('178', 'kind', '0', 'en_us', ' image ');
INSERT INTO `craft_searchindex` (`elementId`, `attribute`, `fieldId`, `locale`, `keywords`) VALUES ('178', 'slug', '0', 'en_us', '');
INSERT INTO `craft_searchindex` (`elementId`, `attribute`, `fieldId`, `locale`, `keywords`) VALUES ('178', 'title', '0', 'en_us', ' golden opener 1 ');
INSERT INTO `craft_searchindex` (`elementId`, `attribute`, `fieldId`, `locale`, `keywords`) VALUES ('373', 'title', '0', 'en_us', ' unsigned thumb ');
INSERT INTO `craft_searchindex` (`elementId`, `attribute`, `fieldId`, `locale`, `keywords`) VALUES ('373', 'slug', '0', 'en_us', '');
INSERT INTO `craft_searchindex` (`elementId`, `attribute`, `fieldId`, `locale`, `keywords`) VALUES ('310', 'slug', '0', 'en_us', ' winter beer right ');
INSERT INTO `craft_searchindex` (`elementId`, `attribute`, `fieldId`, `locale`, `keywords`) VALUES ('310', 'title', '0', 'en_us', ' winter beer right ');
INSERT INTO `craft_searchindex` (`elementId`, `attribute`, `fieldId`, `locale`, `keywords`) VALUES ('310', 'kind', '0', 'en_us', ' image ');
INSERT INTO `craft_searchindex` (`elementId`, `attribute`, `fieldId`, `locale`, `keywords`) VALUES ('310', 'extension', '0', 'en_us', ' jpg ');
INSERT INTO `craft_searchindex` (`elementId`, `attribute`, `fieldId`, `locale`, `keywords`) VALUES ('310', 'filename', '0', 'en_us', ' winter beer right jpg ');
INSERT INTO `craft_searchindex` (`elementId`, `attribute`, `fieldId`, `locale`, `keywords`) VALUES ('309', 'kind', '0', 'en_us', ' image ');
INSERT INTO `craft_searchindex` (`elementId`, `attribute`, `fieldId`, `locale`, `keywords`) VALUES ('309', 'extension', '0', 'en_us', ' jpg ');
INSERT INTO `craft_searchindex` (`elementId`, `attribute`, `fieldId`, `locale`, `keywords`) VALUES ('309', 'filename', '0', 'en_us', ' winter beer mobile right jpg ');
INSERT INTO `craft_searchindex` (`elementId`, `attribute`, `fieldId`, `locale`, `keywords`) VALUES ('308', 'slug', '0', 'en_us', '');
INSERT INTO `craft_searchindex` (`elementId`, `attribute`, `fieldId`, `locale`, `keywords`) VALUES ('309', 'slug', '0', 'en_us', '');
INSERT INTO `craft_searchindex` (`elementId`, `attribute`, `fieldId`, `locale`, `keywords`) VALUES ('309', 'title', '0', 'en_us', ' winter beer mobile right ');
INSERT INTO `craft_searchindex` (`elementId`, `attribute`, `fieldId`, `locale`, `keywords`) VALUES ('308', 'title', '0', 'en_us', ' winter beer mobile mid ');
INSERT INTO `craft_searchindex` (`elementId`, `attribute`, `fieldId`, `locale`, `keywords`) VALUES ('184', 'filename', '0', 'en_us', ' logo jpg ');
INSERT INTO `craft_searchindex` (`elementId`, `attribute`, `fieldId`, `locale`, `keywords`) VALUES ('184', 'extension', '0', 'en_us', ' jpg ');
INSERT INTO `craft_searchindex` (`elementId`, `attribute`, `fieldId`, `locale`, `keywords`) VALUES ('184', 'kind', '0', 'en_us', ' image ');
INSERT INTO `craft_searchindex` (`elementId`, `attribute`, `fieldId`, `locale`, `keywords`) VALUES ('184', 'slug', '0', 'en_us', '');
INSERT INTO `craft_searchindex` (`elementId`, `attribute`, `fieldId`, `locale`, `keywords`) VALUES ('184', 'title', '0', 'en_us', ' logo ');
INSERT INTO `craft_searchindex` (`elementId`, `attribute`, `fieldId`, `locale`, `keywords`) VALUES ('308', 'extension', '0', 'en_us', ' jpg ');
INSERT INTO `craft_searchindex` (`elementId`, `attribute`, `fieldId`, `locale`, `keywords`) VALUES ('308', 'kind', '0', 'en_us', ' image ');
INSERT INTO `craft_searchindex` (`elementId`, `attribute`, `fieldId`, `locale`, `keywords`) VALUES ('311', 'filename', '0', 'en_us', ' winter beer fest jpg ');
INSERT INTO `craft_searchindex` (`elementId`, `attribute`, `fieldId`, `locale`, `keywords`) VALUES ('321', 'kind', '0', 'en_us', ' image ');
INSERT INTO `craft_searchindex` (`elementId`, `attribute`, `fieldId`, `locale`, `keywords`) VALUES ('321', 'extension', '0', 'en_us', ' jpg ');
INSERT INTO `craft_searchindex` (`elementId`, `attribute`, `fieldId`, `locale`, `keywords`) VALUES ('321', 'filename', '0', 'en_us', ' unsigned mobile left jpg ');
INSERT INTO `craft_searchindex` (`elementId`, `attribute`, `fieldId`, `locale`, `keywords`) VALUES ('362', 'extension', '0', 'en_us', ' jpg ');
INSERT INTO `craft_searchindex` (`elementId`, `attribute`, `fieldId`, `locale`, `keywords`) VALUES ('342', 'slug', '0', 'en_us', '');
INSERT INTO `craft_searchindex` (`elementId`, `attribute`, `fieldId`, `locale`, `keywords`) VALUES ('341', 'title', '0', 'en_us', ' unsigned right ');
INSERT INTO `craft_searchindex` (`elementId`, `attribute`, `fieldId`, `locale`, `keywords`) VALUES ('193', 'title', '0', 'en_us', ' hero ');
INSERT INTO `craft_searchindex` (`elementId`, `attribute`, `fieldId`, `locale`, `keywords`) VALUES ('193', 'slug', '0', 'en_us', ' hero ');
INSERT INTO `craft_searchindex` (`elementId`, `attribute`, `fieldId`, `locale`, `keywords`) VALUES ('342', 'field', '11', 'en_us', ' unsigned 3 ');
INSERT INTO `craft_searchindex` (`elementId`, `attribute`, `fieldId`, `locale`, `keywords`) VALUES ('193', 'kind', '0', 'en_us', ' image ');
INSERT INTO `craft_searchindex` (`elementId`, `attribute`, `fieldId`, `locale`, `keywords`) VALUES ('193', 'extension', '0', 'en_us', ' jpg ');
INSERT INTO `craft_searchindex` (`elementId`, `attribute`, `fieldId`, `locale`, `keywords`) VALUES ('193', 'filename', '0', 'en_us', ' hero jpg ');
INSERT INTO `craft_searchindex` (`elementId`, `attribute`, `fieldId`, `locale`, `keywords`) VALUES ('72', 'field', '9', 'en_us', ' oktoberfest thumb ');
INSERT INTO `craft_searchindex` (`elementId`, `attribute`, `fieldId`, `locale`, `keywords`) VALUES ('221', 'slug', '0', 'en_us', '');
INSERT INTO `craft_searchindex` (`elementId`, `attribute`, `fieldId`, `locale`, `keywords`) VALUES ('221', 'title', '0', 'en_us', ' 1558381 10151950244445847 1000969892 n ');
INSERT INTO `craft_searchindex` (`elementId`, `attribute`, `fieldId`, `locale`, `keywords`) VALUES ('221', 'kind', '0', 'en_us', ' image ');
INSERT INTO `craft_searchindex` (`elementId`, `attribute`, `fieldId`, `locale`, `keywords`) VALUES ('221', 'extension', '0', 'en_us', ' jpg ');
INSERT INTO `craft_searchindex` (`elementId`, `attribute`, `fieldId`, `locale`, `keywords`) VALUES ('91', 'field', '9', 'en_us', ' store thumb ');
INSERT INTO `craft_searchindex` (`elementId`, `attribute`, `fieldId`, `locale`, `keywords`) VALUES ('220', 'filename', '0', 'en_us', ' hero 3 jpg ');
INSERT INTO `craft_searchindex` (`elementId`, `attribute`, `fieldId`, `locale`, `keywords`) VALUES ('220', 'extension', '0', 'en_us', ' jpg ');
INSERT INTO `craft_searchindex` (`elementId`, `attribute`, `fieldId`, `locale`, `keywords`) VALUES ('220', 'kind', '0', 'en_us', ' image ');
INSERT INTO `craft_searchindex` (`elementId`, `attribute`, `fieldId`, `locale`, `keywords`) VALUES ('4', 'field', '9', 'en_us', ' canvan thumb ');
INSERT INTO `craft_searchindex` (`elementId`, `attribute`, `fieldId`, `locale`, `keywords`) VALUES ('350', 'filename', '0', 'en_us', ' canvan thumb png ');
INSERT INTO `craft_searchindex` (`elementId`, `attribute`, `fieldId`, `locale`, `keywords`) VALUES ('59', 'field', '9', 'en_us', ' winter beer thumb ');
INSERT INTO `craft_searchindex` (`elementId`, `attribute`, `fieldId`, `locale`, `keywords`) VALUES ('353', 'filename', '0', 'en_us', ' canvan thumb png ');
INSERT INTO `craft_searchindex` (`elementId`, `attribute`, `fieldId`, `locale`, `keywords`) VALUES ('352', 'title', '0', 'en_us', ' caroline thumb ');
INSERT INTO `craft_searchindex` (`elementId`, `attribute`, `fieldId`, `locale`, `keywords`) VALUES ('352', 'slug', '0', 'en_us', '');
INSERT INTO `craft_searchindex` (`elementId`, `attribute`, `fieldId`, `locale`, `keywords`) VALUES ('352', 'extension', '0', 'en_us', ' png ');
INSERT INTO `craft_searchindex` (`elementId`, `attribute`, `fieldId`, `locale`, `keywords`) VALUES ('352', 'kind', '0', 'en_us', ' image ');
INSERT INTO `craft_searchindex` (`elementId`, `attribute`, `fieldId`, `locale`, `keywords`) VALUES ('352', 'filename', '0', 'en_us', ' caroline thumb png ');
INSERT INTO `craft_searchindex` (`elementId`, `attribute`, `fieldId`, `locale`, `keywords`) VALUES ('350', 'extension', '0', 'en_us', ' png ');
INSERT INTO `craft_searchindex` (`elementId`, `attribute`, `fieldId`, `locale`, `keywords`) VALUES ('350', 'kind', '0', 'en_us', ' image ');
INSERT INTO `craft_searchindex` (`elementId`, `attribute`, `fieldId`, `locale`, `keywords`) VALUES ('350', 'slug', '0', 'en_us', ' canvan thumb ');
INSERT INTO `craft_searchindex` (`elementId`, `attribute`, `fieldId`, `locale`, `keywords`) VALUES ('350', 'title', '0', 'en_us', ' canvan thumb ');
INSERT INTO `craft_searchindex` (`elementId`, `attribute`, `fieldId`, `locale`, `keywords`) VALUES ('78', 'field', '9', 'en_us', ' find gold thumb ');
INSERT INTO `craft_searchindex` (`elementId`, `attribute`, `fieldId`, `locale`, `keywords`) VALUES ('221', 'filename', '0', 'en_us', ' 1558381_10151950244445847_1000969892_n jpg ');
INSERT INTO `craft_searchindex` (`elementId`, `attribute`, `fieldId`, `locale`, `keywords`) VALUES ('220', 'title', '0', 'en_us', ' hero 3 ');
INSERT INTO `craft_searchindex` (`elementId`, `attribute`, `fieldId`, `locale`, `keywords`) VALUES ('220', 'slug', '0', 'en_us', '');
INSERT INTO `craft_searchindex` (`elementId`, `attribute`, `fieldId`, `locale`, `keywords`) VALUES ('52', 'field', '9', 'en_us', ' unsigned thumb ');
INSERT INTO `craft_searchindex` (`elementId`, `attribute`, `fieldId`, `locale`, `keywords`) VALUES ('353', 'extension', '0', 'en_us', ' png ');
INSERT INTO `craft_searchindex` (`elementId`, `attribute`, `fieldId`, `locale`, `keywords`) VALUES ('353', 'kind', '0', 'en_us', ' image ');
INSERT INTO `craft_searchindex` (`elementId`, `attribute`, `fieldId`, `locale`, `keywords`) VALUES ('353', 'slug', '0', 'en_us', '');
INSERT INTO `craft_searchindex` (`elementId`, `attribute`, `fieldId`, `locale`, `keywords`) VALUES ('353', 'title', '0', 'en_us', ' canvan thumb ');
INSERT INTO `craft_searchindex` (`elementId`, `attribute`, `fieldId`, `locale`, `keywords`) VALUES ('223', 'filename', '0', 'en_us', ' winter beer fest 2up jpg ');
INSERT INTO `craft_searchindex` (`elementId`, `attribute`, `fieldId`, `locale`, `keywords`) VALUES ('223', 'extension', '0', 'en_us', ' jpg ');
INSERT INTO `craft_searchindex` (`elementId`, `attribute`, `fieldId`, `locale`, `keywords`) VALUES ('223', 'kind', '0', 'en_us', ' image ');
INSERT INTO `craft_searchindex` (`elementId`, `attribute`, `fieldId`, `locale`, `keywords`) VALUES ('223', 'slug', '0', 'en_us', '');
INSERT INTO `craft_searchindex` (`elementId`, `attribute`, `fieldId`, `locale`, `keywords`) VALUES ('223', 'title', '0', 'en_us', ' winter beer fest 2up ');
INSERT INTO `craft_searchindex` (`elementId`, `attribute`, `fieldId`, `locale`, `keywords`) VALUES ('224', 'filename', '0', 'en_us', ' winter beer fest mobile jpg ');
INSERT INTO `craft_searchindex` (`elementId`, `attribute`, `fieldId`, `locale`, `keywords`) VALUES ('224', 'extension', '0', 'en_us', ' jpg ');
INSERT INTO `craft_searchindex` (`elementId`, `attribute`, `fieldId`, `locale`, `keywords`) VALUES ('224', 'kind', '0', 'en_us', ' image ');
INSERT INTO `craft_searchindex` (`elementId`, `attribute`, `fieldId`, `locale`, `keywords`) VALUES ('224', 'slug', '0', 'en_us', '');
INSERT INTO `craft_searchindex` (`elementId`, `attribute`, `fieldId`, `locale`, `keywords`) VALUES ('224', 'title', '0', 'en_us', ' winter beer fest mobile ');
INSERT INTO `craft_searchindex` (`elementId`, `attribute`, `fieldId`, `locale`, `keywords`) VALUES ('225', 'filename', '0', 'en_us', ' winter beer fest jpg ');
INSERT INTO `craft_searchindex` (`elementId`, `attribute`, `fieldId`, `locale`, `keywords`) VALUES ('225', 'extension', '0', 'en_us', ' jpg ');
INSERT INTO `craft_searchindex` (`elementId`, `attribute`, `fieldId`, `locale`, `keywords`) VALUES ('225', 'kind', '0', 'en_us', ' image ');
INSERT INTO `craft_searchindex` (`elementId`, `attribute`, `fieldId`, `locale`, `keywords`) VALUES ('225', 'slug', '0', 'en_us', '');
INSERT INTO `craft_searchindex` (`elementId`, `attribute`, `fieldId`, `locale`, `keywords`) VALUES ('225', 'title', '0', 'en_us', ' winter beer fest ');
INSERT INTO `craft_searchindex` (`elementId`, `attribute`, `fieldId`, `locale`, `keywords`) VALUES ('231', 'slug', '0', 'en_us', '');
INSERT INTO `craft_searchindex` (`elementId`, `attribute`, `fieldId`, `locale`, `keywords`) VALUES ('227', 'slug', '0', 'en_us', '');
INSERT INTO `craft_searchindex` (`elementId`, `attribute`, `fieldId`, `locale`, `keywords`) VALUES ('72', 'field', '10', 'en_us', ' oktoberfest 1 okt 2 okt left okt right okt 3 okt mobile left okt mobile mid okt mobile right ');
INSERT INTO `craft_searchindex` (`elementId`, `attribute`, `fieldId`, `locale`, `keywords`) VALUES ('231', 'field', '15', 'en_us', ' okt mobile left okt mobile mid okt mobile right ');
INSERT INTO `craft_searchindex` (`elementId`, `attribute`, `fieldId`, `locale`, `keywords`) VALUES ('229', 'field', '13', 'en_us', ' okt left okt right ');
INSERT INTO `craft_searchindex` (`elementId`, `attribute`, `fieldId`, `locale`, `keywords`) VALUES ('72', 'field', '17', 'en_us', ' oktoberfest 1 okt 3 ');
INSERT INTO `craft_searchindex` (`elementId`, `attribute`, `fieldId`, `locale`, `keywords`) VALUES ('72', 'field', '18', 'en_us', ' okt 2up okt 3 ');
INSERT INTO `craft_searchindex` (`elementId`, `attribute`, `fieldId`, `locale`, `keywords`) VALUES ('72', 'field', '19', 'en_us', '');
INSERT INTO `craft_searchindex` (`elementId`, `attribute`, `fieldId`, `locale`, `keywords`) VALUES ('229', 'slug', '0', 'en_us', '');
INSERT INTO `craft_searchindex` (`elementId`, `attribute`, `fieldId`, `locale`, `keywords`) VALUES ('230', 'field', '11', 'en_us', ' okt 3 ');
INSERT INTO `craft_searchindex` (`elementId`, `attribute`, `fieldId`, `locale`, `keywords`) VALUES ('230', 'slug', '0', 'en_us', '');
INSERT INTO `craft_searchindex` (`elementId`, `attribute`, `fieldId`, `locale`, `keywords`) VALUES ('232', 'filename', '0', 'en_us', ' golden_opener_mobile left jpg ');
INSERT INTO `craft_searchindex` (`elementId`, `attribute`, `fieldId`, `locale`, `keywords`) VALUES ('232', 'extension', '0', 'en_us', ' jpg ');
INSERT INTO `craft_searchindex` (`elementId`, `attribute`, `fieldId`, `locale`, `keywords`) VALUES ('232', 'kind', '0', 'en_us', ' image ');
INSERT INTO `craft_searchindex` (`elementId`, `attribute`, `fieldId`, `locale`, `keywords`) VALUES ('232', 'slug', '0', 'en_us', '');
INSERT INTO `craft_searchindex` (`elementId`, `attribute`, `fieldId`, `locale`, `keywords`) VALUES ('232', 'title', '0', 'en_us', ' golden opener mobile left ');
INSERT INTO `craft_searchindex` (`elementId`, `attribute`, `fieldId`, `locale`, `keywords`) VALUES ('233', 'filename', '0', 'en_us', ' golden_opener_mobile mid jpg ');
INSERT INTO `craft_searchindex` (`elementId`, `attribute`, `fieldId`, `locale`, `keywords`) VALUES ('233', 'extension', '0', 'en_us', ' jpg ');
INSERT INTO `craft_searchindex` (`elementId`, `attribute`, `fieldId`, `locale`, `keywords`) VALUES ('233', 'kind', '0', 'en_us', ' image ');
INSERT INTO `craft_searchindex` (`elementId`, `attribute`, `fieldId`, `locale`, `keywords`) VALUES ('233', 'slug', '0', 'en_us', '');
INSERT INTO `craft_searchindex` (`elementId`, `attribute`, `fieldId`, `locale`, `keywords`) VALUES ('233', 'title', '0', 'en_us', ' golden opener mobile mid ');
INSERT INTO `craft_searchindex` (`elementId`, `attribute`, `fieldId`, `locale`, `keywords`) VALUES ('237', 'kind', '0', 'en_us', ' image ');
INSERT INTO `craft_searchindex` (`elementId`, `attribute`, `fieldId`, `locale`, `keywords`) VALUES ('237', 'extension', '0', 'en_us', ' jpg ');
INSERT INTO `craft_searchindex` (`elementId`, `attribute`, `fieldId`, `locale`, `keywords`) VALUES ('237', 'filename', '0', 'en_us', ' golden_opener_mobile right jpg ');
INSERT INTO `craft_searchindex` (`elementId`, `attribute`, `fieldId`, `locale`, `keywords`) VALUES ('78', 'field', '10', 'en_us', ' golden opener multiple screens golden opener 1 golden opener 2 go page enter golden opener mobile left golden opener mobile mid golden opener mobile right ');
INSERT INTO `craft_searchindex` (`elementId`, `attribute`, `fieldId`, `locale`, `keywords`) VALUES ('235', 'field', '11', 'en_us', ' golden opener multiple screens golden opener 1 golden opener 2 go page enter ');
INSERT INTO `craft_searchindex` (`elementId`, `attribute`, `fieldId`, `locale`, `keywords`) VALUES ('235', 'slug', '0', 'en_us', '');
INSERT INTO `craft_searchindex` (`elementId`, `attribute`, `fieldId`, `locale`, `keywords`) VALUES ('236', 'field', '15', 'en_us', ' golden opener mobile left golden opener mobile mid golden opener mobile right ');
INSERT INTO `craft_searchindex` (`elementId`, `attribute`, `fieldId`, `locale`, `keywords`) VALUES ('236', 'slug', '0', 'en_us', '');
INSERT INTO `craft_searchindex` (`elementId`, `attribute`, `fieldId`, `locale`, `keywords`) VALUES ('237', 'slug', '0', 'en_us', '');
INSERT INTO `craft_searchindex` (`elementId`, `attribute`, `fieldId`, `locale`, `keywords`) VALUES ('237', 'title', '0', 'en_us', ' golden opener mobile right ');
INSERT INTO `craft_searchindex` (`elementId`, `attribute`, `fieldId`, `locale`, `keywords`) VALUES ('238', 'filename', '0', 'en_us', ' golden opener 2 jpg ');
INSERT INTO `craft_searchindex` (`elementId`, `attribute`, `fieldId`, `locale`, `keywords`) VALUES ('238', 'extension', '0', 'en_us', ' jpg ');
INSERT INTO `craft_searchindex` (`elementId`, `attribute`, `fieldId`, `locale`, `keywords`) VALUES ('238', 'kind', '0', 'en_us', ' image ');
INSERT INTO `craft_searchindex` (`elementId`, `attribute`, `fieldId`, `locale`, `keywords`) VALUES ('238', 'slug', '0', 'en_us', ' golden opener 2 ');
INSERT INTO `craft_searchindex` (`elementId`, `attribute`, `fieldId`, `locale`, `keywords`) VALUES ('238', 'title', '0', 'en_us', ' golden opener 2 ');
INSERT INTO `craft_searchindex` (`elementId`, `attribute`, `fieldId`, `locale`, `keywords`) VALUES ('239', 'kind', '0', 'en_us', ' image ');
INSERT INTO `craft_searchindex` (`elementId`, `attribute`, `fieldId`, `locale`, `keywords`) VALUES ('239', 'slug', '0', 'en_us', '');
INSERT INTO `craft_searchindex` (`elementId`, `attribute`, `fieldId`, `locale`, `keywords`) VALUES ('239', 'extension', '0', 'en_us', ' jpg ');
INSERT INTO `craft_searchindex` (`elementId`, `attribute`, `fieldId`, `locale`, `keywords`) VALUES ('239', 'filename', '0', 'en_us', ' mobile left jpg ');
INSERT INTO `craft_searchindex` (`elementId`, `attribute`, `fieldId`, `locale`, `keywords`) VALUES ('239', 'title', '0', 'en_us', ' mobile left ');
INSERT INTO `craft_searchindex` (`elementId`, `attribute`, `fieldId`, `locale`, `keywords`) VALUES ('240', 'filename', '0', 'en_us', ' mobile mid jpg ');
INSERT INTO `craft_searchindex` (`elementId`, `attribute`, `fieldId`, `locale`, `keywords`) VALUES ('240', 'extension', '0', 'en_us', ' jpg ');
INSERT INTO `craft_searchindex` (`elementId`, `attribute`, `fieldId`, `locale`, `keywords`) VALUES ('240', 'kind', '0', 'en_us', ' image ');
INSERT INTO `craft_searchindex` (`elementId`, `attribute`, `fieldId`, `locale`, `keywords`) VALUES ('240', 'slug', '0', 'en_us', '');
INSERT INTO `craft_searchindex` (`elementId`, `attribute`, `fieldId`, `locale`, `keywords`) VALUES ('240', 'title', '0', 'en_us', ' mobile mid ');
INSERT INTO `craft_searchindex` (`elementId`, `attribute`, `fieldId`, `locale`, `keywords`) VALUES ('241', 'filename', '0', 'en_us', ' mobile right jpg ');
INSERT INTO `craft_searchindex` (`elementId`, `attribute`, `fieldId`, `locale`, `keywords`) VALUES ('241', 'extension', '0', 'en_us', ' jpg ');
INSERT INTO `craft_searchindex` (`elementId`, `attribute`, `fieldId`, `locale`, `keywords`) VALUES ('241', 'kind', '0', 'en_us', ' image ');
INSERT INTO `craft_searchindex` (`elementId`, `attribute`, `fieldId`, `locale`, `keywords`) VALUES ('241', 'slug', '0', 'en_us', '');
INSERT INTO `craft_searchindex` (`elementId`, `attribute`, `fieldId`, `locale`, `keywords`) VALUES ('241', 'title', '0', 'en_us', ' mobile right ');
INSERT INTO `craft_searchindex` (`elementId`, `attribute`, `fieldId`, `locale`, `keywords`) VALUES ('91', 'field', '10', 'en_us', ' store 1 store 2 store 3 mobile left mobile mid mobile right ');
INSERT INTO `craft_searchindex` (`elementId`, `attribute`, `fieldId`, `locale`, `keywords`) VALUES ('242', 'field', '15', 'en_us', ' mobile left mobile mid mobile right ');
INSERT INTO `craft_searchindex` (`elementId`, `attribute`, `fieldId`, `locale`, `keywords`) VALUES ('242', 'slug', '0', 'en_us', '');
INSERT INTO `craft_searchindex` (`elementId`, `attribute`, `fieldId`, `locale`, `keywords`) VALUES ('243', 'filename', '0', 'en_us', ' store 1 jpg ');
INSERT INTO `craft_searchindex` (`elementId`, `attribute`, `fieldId`, `locale`, `keywords`) VALUES ('243', 'extension', '0', 'en_us', ' jpg ');
INSERT INTO `craft_searchindex` (`elementId`, `attribute`, `fieldId`, `locale`, `keywords`) VALUES ('243', 'kind', '0', 'en_us', ' image ');
INSERT INTO `craft_searchindex` (`elementId`, `attribute`, `fieldId`, `locale`, `keywords`) VALUES ('243', 'slug', '0', 'en_us', '');
INSERT INTO `craft_searchindex` (`elementId`, `attribute`, `fieldId`, `locale`, `keywords`) VALUES ('243', 'title', '0', 'en_us', ' store 1 ');
INSERT INTO `craft_searchindex` (`elementId`, `attribute`, `fieldId`, `locale`, `keywords`) VALUES ('244', 'filename', '0', 'en_us', ' store 2 jpg ');
INSERT INTO `craft_searchindex` (`elementId`, `attribute`, `fieldId`, `locale`, `keywords`) VALUES ('244', 'extension', '0', 'en_us', ' jpg ');
INSERT INTO `craft_searchindex` (`elementId`, `attribute`, `fieldId`, `locale`, `keywords`) VALUES ('244', 'kind', '0', 'en_us', ' image ');
INSERT INTO `craft_searchindex` (`elementId`, `attribute`, `fieldId`, `locale`, `keywords`) VALUES ('244', 'slug', '0', 'en_us', '');
INSERT INTO `craft_searchindex` (`elementId`, `attribute`, `fieldId`, `locale`, `keywords`) VALUES ('244', 'title', '0', 'en_us', ' store 2 ');
INSERT INTO `craft_searchindex` (`elementId`, `attribute`, `fieldId`, `locale`, `keywords`) VALUES ('245', 'filename', '0', 'en_us', ' store 3 jpg ');
INSERT INTO `craft_searchindex` (`elementId`, `attribute`, `fieldId`, `locale`, `keywords`) VALUES ('245', 'extension', '0', 'en_us', ' jpg ');
INSERT INTO `craft_searchindex` (`elementId`, `attribute`, `fieldId`, `locale`, `keywords`) VALUES ('245', 'kind', '0', 'en_us', ' image ');
INSERT INTO `craft_searchindex` (`elementId`, `attribute`, `fieldId`, `locale`, `keywords`) VALUES ('245', 'slug', '0', 'en_us', '');
INSERT INTO `craft_searchindex` (`elementId`, `attribute`, `fieldId`, `locale`, `keywords`) VALUES ('245', 'title', '0', 'en_us', ' store 3 ');
INSERT INTO `craft_searchindex` (`elementId`, `attribute`, `fieldId`, `locale`, `keywords`) VALUES ('246', 'field', '11', 'en_us', ' store 1 store 2 store 3 ');
INSERT INTO `craft_searchindex` (`elementId`, `attribute`, `fieldId`, `locale`, `keywords`) VALUES ('246', 'slug', '0', 'en_us', '');
INSERT INTO `craft_searchindex` (`elementId`, `attribute`, `fieldId`, `locale`, `keywords`) VALUES ('247', 'filename', '0', 'en_us', ' mobile left jpg ');
INSERT INTO `craft_searchindex` (`elementId`, `attribute`, `fieldId`, `locale`, `keywords`) VALUES ('247', 'extension', '0', 'en_us', ' jpg ');
INSERT INTO `craft_searchindex` (`elementId`, `attribute`, `fieldId`, `locale`, `keywords`) VALUES ('247', 'kind', '0', 'en_us', ' image ');
INSERT INTO `craft_searchindex` (`elementId`, `attribute`, `fieldId`, `locale`, `keywords`) VALUES ('247', 'slug', '0', 'en_us', ' mobile left ');
INSERT INTO `craft_searchindex` (`elementId`, `attribute`, `fieldId`, `locale`, `keywords`) VALUES ('247', 'title', '0', 'en_us', ' mobile left ');
INSERT INTO `craft_searchindex` (`elementId`, `attribute`, `fieldId`, `locale`, `keywords`) VALUES ('248', 'filename', '0', 'en_us', ' mobile mid jpg ');
INSERT INTO `craft_searchindex` (`elementId`, `attribute`, `fieldId`, `locale`, `keywords`) VALUES ('248', 'extension', '0', 'en_us', ' jpg ');
INSERT INTO `craft_searchindex` (`elementId`, `attribute`, `fieldId`, `locale`, `keywords`) VALUES ('248', 'kind', '0', 'en_us', ' image ');
INSERT INTO `craft_searchindex` (`elementId`, `attribute`, `fieldId`, `locale`, `keywords`) VALUES ('248', 'slug', '0', 'en_us', ' mobile mid ');
INSERT INTO `craft_searchindex` (`elementId`, `attribute`, `fieldId`, `locale`, `keywords`) VALUES ('248', 'title', '0', 'en_us', ' mobile mid ');
INSERT INTO `craft_searchindex` (`elementId`, `attribute`, `fieldId`, `locale`, `keywords`) VALUES ('249', 'filename', '0', 'en_us', ' mobile right jpg ');
INSERT INTO `craft_searchindex` (`elementId`, `attribute`, `fieldId`, `locale`, `keywords`) VALUES ('249', 'extension', '0', 'en_us', ' jpg ');
INSERT INTO `craft_searchindex` (`elementId`, `attribute`, `fieldId`, `locale`, `keywords`) VALUES ('249', 'kind', '0', 'en_us', ' image ');
INSERT INTO `craft_searchindex` (`elementId`, `attribute`, `fieldId`, `locale`, `keywords`) VALUES ('249', 'slug', '0', 'en_us', ' mobile right ');
INSERT INTO `craft_searchindex` (`elementId`, `attribute`, `fieldId`, `locale`, `keywords`) VALUES ('249', 'title', '0', 'en_us', ' mobile right ');
INSERT INTO `craft_searchindex` (`elementId`, `attribute`, `fieldId`, `locale`, `keywords`) VALUES ('261', 'slug', '0', 'en_us', '');
INSERT INTO `craft_searchindex` (`elementId`, `attribute`, `fieldId`, `locale`, `keywords`) VALUES ('261', 'title', '0', 'en_us', ' lifefit 2up right ');
INSERT INTO `craft_searchindex` (`elementId`, `attribute`, `fieldId`, `locale`, `keywords`) VALUES ('254', 'field', '15', 'en_us', ' mobile left mobile mid mobile right ');
INSERT INTO `craft_searchindex` (`elementId`, `attribute`, `fieldId`, `locale`, `keywords`) VALUES ('254', 'slug', '0', 'en_us', '');
INSERT INTO `craft_searchindex` (`elementId`, `attribute`, `fieldId`, `locale`, `keywords`) VALUES ('253', 'field', '11', 'en_us', ' caroline 1 caroline 2 caroline 3 ');
INSERT INTO `craft_searchindex` (`elementId`, `attribute`, `fieldId`, `locale`, `keywords`) VALUES ('253', 'slug', '0', 'en_us', '');
INSERT INTO `craft_searchindex` (`elementId`, `attribute`, `fieldId`, `locale`, `keywords`) VALUES ('66', 'field', '10', 'en_us', ' caroline 1 caroline 2 caroline 3 mobile left mobile mid mobile right ');
INSERT INTO `craft_searchindex` (`elementId`, `attribute`, `fieldId`, `locale`, `keywords`) VALUES ('262', 'filename', '0', 'en_us', ' lifefit mobile left jpg ');
INSERT INTO `craft_searchindex` (`elementId`, `attribute`, `fieldId`, `locale`, `keywords`) VALUES ('261', 'kind', '0', 'en_us', ' image ');
INSERT INTO `craft_searchindex` (`elementId`, `attribute`, `fieldId`, `locale`, `keywords`) VALUES ('261', 'extension', '0', 'en_us', ' jpg ');
INSERT INTO `craft_searchindex` (`elementId`, `attribute`, `fieldId`, `locale`, `keywords`) VALUES ('261', 'filename', '0', 'en_us', ' lifefit_2up right jpg ');
INSERT INTO `craft_searchindex` (`elementId`, `attribute`, `fieldId`, `locale`, `keywords`) VALUES ('260', 'title', '0', 'en_us', ' lifefit 2up left ');
INSERT INTO `craft_searchindex` (`elementId`, `attribute`, `fieldId`, `locale`, `keywords`) VALUES ('260', 'slug', '0', 'en_us', '');
INSERT INTO `craft_searchindex` (`elementId`, `attribute`, `fieldId`, `locale`, `keywords`) VALUES ('260', 'kind', '0', 'en_us', ' image ');
INSERT INTO `craft_searchindex` (`elementId`, `attribute`, `fieldId`, `locale`, `keywords`) VALUES ('260', 'extension', '0', 'en_us', ' jpg ');
INSERT INTO `craft_searchindex` (`elementId`, `attribute`, `fieldId`, `locale`, `keywords`) VALUES ('260', 'filename', '0', 'en_us', ' lifefit_2up left jpg ');
INSERT INTO `craft_searchindex` (`elementId`, `attribute`, `fieldId`, `locale`, `keywords`) VALUES ('46', 'field', '10', 'en_us', ' lifefit logo lifefit 1 lifefit 2up left lifefit 2up right lifefit 2 lifefit mobile left lifefit mobile mid lifefit mobile right ');
INSERT INTO `craft_searchindex` (`elementId`, `attribute`, `fieldId`, `locale`, `keywords`) VALUES ('258', 'field', '11', 'en_us', ' lifefit logo lifefit 1 ');
INSERT INTO `craft_searchindex` (`elementId`, `attribute`, `fieldId`, `locale`, `keywords`) VALUES ('258', 'slug', '0', 'en_us', '');
INSERT INTO `craft_searchindex` (`elementId`, `attribute`, `fieldId`, `locale`, `keywords`) VALUES ('269', 'extension', '0', 'en_us', ' jpg ');
INSERT INTO `craft_searchindex` (`elementId`, `attribute`, `fieldId`, `locale`, `keywords`) VALUES ('264', 'filename', '0', 'en_us', ' lifefit mobile right jpg ');
INSERT INTO `craft_searchindex` (`elementId`, `attribute`, `fieldId`, `locale`, `keywords`) VALUES ('264', 'extension', '0', 'en_us', ' jpg ');
INSERT INTO `craft_searchindex` (`elementId`, `attribute`, `fieldId`, `locale`, `keywords`) VALUES ('264', 'kind', '0', 'en_us', ' image ');
INSERT INTO `craft_searchindex` (`elementId`, `attribute`, `fieldId`, `locale`, `keywords`) VALUES ('264', 'slug', '0', 'en_us', '');
INSERT INTO `craft_searchindex` (`elementId`, `attribute`, `fieldId`, `locale`, `keywords`) VALUES ('264', 'title', '0', 'en_us', ' lifefit mobile right ');
INSERT INTO `craft_searchindex` (`elementId`, `attribute`, `fieldId`, `locale`, `keywords`) VALUES ('265', 'field', '13', 'en_us', ' lifefit 2up left lifefit 2up right ');
INSERT INTO `craft_searchindex` (`elementId`, `attribute`, `fieldId`, `locale`, `keywords`) VALUES ('265', 'slug', '0', 'en_us', '');
INSERT INTO `craft_searchindex` (`elementId`, `attribute`, `fieldId`, `locale`, `keywords`) VALUES ('266', 'field', '11', 'en_us', ' lifefit 2 ');
INSERT INTO `craft_searchindex` (`elementId`, `attribute`, `fieldId`, `locale`, `keywords`) VALUES ('266', 'slug', '0', 'en_us', '');
INSERT INTO `craft_searchindex` (`elementId`, `attribute`, `fieldId`, `locale`, `keywords`) VALUES ('267', 'field', '15', 'en_us', ' lifefit mobile left lifefit mobile mid lifefit mobile right ');
INSERT INTO `craft_searchindex` (`elementId`, `attribute`, `fieldId`, `locale`, `keywords`) VALUES ('267', 'slug', '0', 'en_us', '');
INSERT INTO `craft_searchindex` (`elementId`, `attribute`, `fieldId`, `locale`, `keywords`) VALUES ('269', 'kind', '0', 'en_us', ' image ');
INSERT INTO `craft_searchindex` (`elementId`, `attribute`, `fieldId`, `locale`, `keywords`) VALUES ('269', 'filename', '0', 'en_us', ' okt mobile left jpg ');
INSERT INTO `craft_searchindex` (`elementId`, `attribute`, `fieldId`, `locale`, `keywords`) VALUES ('269', 'slug', '0', 'en_us', '');
INSERT INTO `craft_searchindex` (`elementId`, `attribute`, `fieldId`, `locale`, `keywords`) VALUES ('269', 'title', '0', 'en_us', ' okt mobile left ');
INSERT INTO `craft_searchindex` (`elementId`, `attribute`, `fieldId`, `locale`, `keywords`) VALUES ('270', 'filename', '0', 'en_us', ' okt mobile mid jpg ');
INSERT INTO `craft_searchindex` (`elementId`, `attribute`, `fieldId`, `locale`, `keywords`) VALUES ('270', 'extension', '0', 'en_us', ' jpg ');
INSERT INTO `craft_searchindex` (`elementId`, `attribute`, `fieldId`, `locale`, `keywords`) VALUES ('270', 'kind', '0', 'en_us', ' image ');
INSERT INTO `craft_searchindex` (`elementId`, `attribute`, `fieldId`, `locale`, `keywords`) VALUES ('270', 'slug', '0', 'en_us', '');
INSERT INTO `craft_searchindex` (`elementId`, `attribute`, `fieldId`, `locale`, `keywords`) VALUES ('270', 'title', '0', 'en_us', ' okt mobile mid ');
INSERT INTO `craft_searchindex` (`elementId`, `attribute`, `fieldId`, `locale`, `keywords`) VALUES ('271', 'filename', '0', 'en_us', ' okt mobile right jpg ');
INSERT INTO `craft_searchindex` (`elementId`, `attribute`, `fieldId`, `locale`, `keywords`) VALUES ('271', 'extension', '0', 'en_us', ' jpg ');
INSERT INTO `craft_searchindex` (`elementId`, `attribute`, `fieldId`, `locale`, `keywords`) VALUES ('271', 'kind', '0', 'en_us', ' image ');
INSERT INTO `craft_searchindex` (`elementId`, `attribute`, `fieldId`, `locale`, `keywords`) VALUES ('271', 'slug', '0', 'en_us', '');
INSERT INTO `craft_searchindex` (`elementId`, `attribute`, `fieldId`, `locale`, `keywords`) VALUES ('271', 'title', '0', 'en_us', ' okt mobile right ');
INSERT INTO `craft_searchindex` (`elementId`, `attribute`, `fieldId`, `locale`, `keywords`) VALUES ('276', 'filename', '0', 'en_us', ' okt 2 jpg ');
INSERT INTO `craft_searchindex` (`elementId`, `attribute`, `fieldId`, `locale`, `keywords`) VALUES ('279', 'slug', '0', 'en_us', ' okt right ');
INSERT INTO `craft_searchindex` (`elementId`, `attribute`, `fieldId`, `locale`, `keywords`) VALUES ('279', 'title', '0', 'en_us', ' okt right ');
INSERT INTO `craft_searchindex` (`elementId`, `attribute`, `fieldId`, `locale`, `keywords`) VALUES ('287', 'extension', '0', 'en_us', ' jpg ');
INSERT INTO `craft_searchindex` (`elementId`, `attribute`, `fieldId`, `locale`, `keywords`) VALUES ('286', 'slug', '0', 'en_us', '');
INSERT INTO `craft_searchindex` (`elementId`, `attribute`, `fieldId`, `locale`, `keywords`) VALUES ('286', 'title', '0', 'en_us', ' canvan mobile mid ');
INSERT INTO `craft_searchindex` (`elementId`, `attribute`, `fieldId`, `locale`, `keywords`) VALUES ('287', 'filename', '0', 'en_us', ' canvan mobile right jpg ');
INSERT INTO `craft_searchindex` (`elementId`, `attribute`, `fieldId`, `locale`, `keywords`) VALUES ('286', 'kind', '0', 'en_us', ' image ');
INSERT INTO `craft_searchindex` (`elementId`, `attribute`, `fieldId`, `locale`, `keywords`) VALUES ('287', 'kind', '0', 'en_us', ' image ');
INSERT INTO `craft_searchindex` (`elementId`, `attribute`, `fieldId`, `locale`, `keywords`) VALUES ('287', 'slug', '0', 'en_us', '');
INSERT INTO `craft_searchindex` (`elementId`, `attribute`, `fieldId`, `locale`, `keywords`) VALUES ('287', 'title', '0', 'en_us', ' canvan mobile right ');
INSERT INTO `craft_searchindex` (`elementId`, `attribute`, `fieldId`, `locale`, `keywords`) VALUES ('288', 'filename', '0', 'en_us', ' canvan right jpg ');
INSERT INTO `craft_searchindex` (`elementId`, `attribute`, `fieldId`, `locale`, `keywords`) VALUES ('288', 'extension', '0', 'en_us', ' jpg ');
INSERT INTO `craft_searchindex` (`elementId`, `attribute`, `fieldId`, `locale`, `keywords`) VALUES ('288', 'kind', '0', 'en_us', ' image ');
INSERT INTO `craft_searchindex` (`elementId`, `attribute`, `fieldId`, `locale`, `keywords`) VALUES ('288', 'slug', '0', 'en_us', '');
INSERT INTO `craft_searchindex` (`elementId`, `attribute`, `fieldId`, `locale`, `keywords`) VALUES ('288', 'title', '0', 'en_us', ' canvan right ');
INSERT INTO `craft_searchindex` (`elementId`, `attribute`, `fieldId`, `locale`, `keywords`) VALUES ('4', 'field', '10', 'en_us', ' can van multiple screens canvan 2 canvan left canvan right canvan 3 canvan mobile left canvan mobile mid canvan mobile right ');
INSERT INTO `craft_searchindex` (`elementId`, `attribute`, `fieldId`, `locale`, `keywords`) VALUES ('289', 'field', '11', 'en_us', ' can van multiple screens canvan 2 ');
INSERT INTO `craft_searchindex` (`elementId`, `attribute`, `fieldId`, `locale`, `keywords`) VALUES ('289', 'slug', '0', 'en_us', '');
INSERT INTO `craft_searchindex` (`elementId`, `attribute`, `fieldId`, `locale`, `keywords`) VALUES ('290', 'field', '13', 'en_us', ' canvan left canvan right ');
INSERT INTO `craft_searchindex` (`elementId`, `attribute`, `fieldId`, `locale`, `keywords`) VALUES ('290', 'slug', '0', 'en_us', '');
INSERT INTO `craft_searchindex` (`elementId`, `attribute`, `fieldId`, `locale`, `keywords`) VALUES ('291', 'field', '11', 'en_us', ' canvan 3 ');
INSERT INTO `craft_searchindex` (`elementId`, `attribute`, `fieldId`, `locale`, `keywords`) VALUES ('291', 'slug', '0', 'en_us', '');
INSERT INTO `craft_searchindex` (`elementId`, `attribute`, `fieldId`, `locale`, `keywords`) VALUES ('292', 'field', '15', 'en_us', ' canvan mobile left canvan mobile mid canvan mobile right ');
INSERT INTO `craft_searchindex` (`elementId`, `attribute`, `fieldId`, `locale`, `keywords`) VALUES ('292', 'slug', '0', 'en_us', '');
INSERT INTO `craft_searchindex` (`elementId`, `attribute`, `fieldId`, `locale`, `keywords`) VALUES ('316', 'slug', '0', 'en_us', '');
INSERT INTO `craft_searchindex` (`elementId`, `attribute`, `fieldId`, `locale`, `keywords`) VALUES ('311', 'extension', '0', 'en_us', ' jpg ');
INSERT INTO `craft_searchindex` (`elementId`, `attribute`, `fieldId`, `locale`, `keywords`) VALUES ('311', 'kind', '0', 'en_us', ' image ');
INSERT INTO `craft_searchindex` (`elementId`, `attribute`, `fieldId`, `locale`, `keywords`) VALUES ('311', 'slug', '0', 'en_us', '');
INSERT INTO `craft_searchindex` (`elementId`, `attribute`, `fieldId`, `locale`, `keywords`) VALUES ('311', 'title', '0', 'en_us', ' winter beer fest ');
INSERT INTO `craft_searchindex` (`elementId`, `attribute`, `fieldId`, `locale`, `keywords`) VALUES ('306', 'title', '0', 'en_us', ' winter beer mobile left ');
INSERT INTO `craft_searchindex` (`elementId`, `attribute`, `fieldId`, `locale`, `keywords`) VALUES ('306', 'kind', '0', 'en_us', ' image ');
INSERT INTO `craft_searchindex` (`elementId`, `attribute`, `fieldId`, `locale`, `keywords`) VALUES ('306', 'slug', '0', 'en_us', ' winter beer mobile left ');
INSERT INTO `craft_searchindex` (`elementId`, `attribute`, `fieldId`, `locale`, `keywords`) VALUES ('306', 'extension', '0', 'en_us', ' jpg ');
INSERT INTO `craft_searchindex` (`elementId`, `attribute`, `fieldId`, `locale`, `keywords`) VALUES ('306', 'filename', '0', 'en_us', ' winter beer mobile left jpg ');
INSERT INTO `craft_searchindex` (`elementId`, `attribute`, `fieldId`, `locale`, `keywords`) VALUES ('305', 'title', '0', 'en_us', ' winter beer left ');
INSERT INTO `craft_searchindex` (`elementId`, `attribute`, `fieldId`, `locale`, `keywords`) VALUES ('305', 'slug', '0', 'en_us', ' winter beer left ');
INSERT INTO `craft_searchindex` (`elementId`, `attribute`, `fieldId`, `locale`, `keywords`) VALUES ('305', 'kind', '0', 'en_us', ' image ');
INSERT INTO `craft_searchindex` (`elementId`, `attribute`, `fieldId`, `locale`, `keywords`) VALUES ('305', 'extension', '0', 'en_us', ' jpg ');
INSERT INTO `craft_searchindex` (`elementId`, `attribute`, `fieldId`, `locale`, `keywords`) VALUES ('305', 'filename', '0', 'en_us', ' winter beer left jpg ');
INSERT INTO `craft_searchindex` (`elementId`, `attribute`, `fieldId`, `locale`, `keywords`) VALUES ('304', 'title', '0', 'en_us', ' winter beer fest 2 ');
INSERT INTO `craft_searchindex` (`elementId`, `attribute`, `fieldId`, `locale`, `keywords`) VALUES ('59', 'field', '10', 'en_us', ' logo winter beer fest winter beer fest 2 winter beer left winter beer right winter beer mobile left winter beer mobile mid winter beer mobile right ');
INSERT INTO `craft_searchindex` (`elementId`, `attribute`, `fieldId`, `locale`, `keywords`) VALUES ('298', 'field', '11', 'en_us', ' logo winter beer fest winter beer fest 2 ');
INSERT INTO `craft_searchindex` (`elementId`, `attribute`, `fieldId`, `locale`, `keywords`) VALUES ('298', 'slug', '0', 'en_us', '');
INSERT INTO `craft_searchindex` (`elementId`, `attribute`, `fieldId`, `locale`, `keywords`) VALUES ('299', 'field', '13', 'en_us', ' winter beer left winter beer right ');
INSERT INTO `craft_searchindex` (`elementId`, `attribute`, `fieldId`, `locale`, `keywords`) VALUES ('299', 'slug', '0', 'en_us', '');
INSERT INTO `craft_searchindex` (`elementId`, `attribute`, `fieldId`, `locale`, `keywords`) VALUES ('304', 'kind', '0', 'en_us', ' image ');
INSERT INTO `craft_searchindex` (`elementId`, `attribute`, `fieldId`, `locale`, `keywords`) VALUES ('301', 'field', '15', 'en_us', ' winter beer mobile left winter beer mobile mid winter beer mobile right ');
INSERT INTO `craft_searchindex` (`elementId`, `attribute`, `fieldId`, `locale`, `keywords`) VALUES ('301', 'slug', '0', 'en_us', '');
INSERT INTO `craft_searchindex` (`elementId`, `attribute`, `fieldId`, `locale`, `keywords`) VALUES ('304', 'slug', '0', 'en_us', '');
INSERT INTO `craft_searchindex` (`elementId`, `attribute`, `fieldId`, `locale`, `keywords`) VALUES ('304', 'extension', '0', 'en_us', ' jpg ');
INSERT INTO `craft_searchindex` (`elementId`, `attribute`, `fieldId`, `locale`, `keywords`) VALUES ('304', 'filename', '0', 'en_us', ' winter beer fest 2 jpg ');
INSERT INTO `craft_searchindex` (`elementId`, `attribute`, `fieldId`, `locale`, `keywords`) VALUES ('317', 'field', '11', 'en_us', ' blog blog 2 ');
INSERT INTO `craft_searchindex` (`elementId`, `attribute`, `fieldId`, `locale`, `keywords`) VALUES ('316', 'title', '0', 'en_us', ' blog ');
INSERT INTO `craft_searchindex` (`elementId`, `attribute`, `fieldId`, `locale`, `keywords`) VALUES ('316', 'kind', '0', 'en_us', ' image ');
INSERT INTO `craft_searchindex` (`elementId`, `attribute`, `fieldId`, `locale`, `keywords`) VALUES ('316', 'extension', '0', 'en_us', ' jpg ');
INSERT INTO `craft_searchindex` (`elementId`, `attribute`, `fieldId`, `locale`, `keywords`) VALUES ('316', 'filename', '0', 'en_us', ' blog jpg ');
INSERT INTO `craft_searchindex` (`elementId`, `attribute`, `fieldId`, `locale`, `keywords`) VALUES ('308', 'filename', '0', 'en_us', ' winter beer mobile mid jpg ');
INSERT INTO `craft_searchindex` (`elementId`, `attribute`, `fieldId`, `locale`, `keywords`) VALUES ('315', 'filename', '0', 'en_us', ' blog 2 jpg ');
INSERT INTO `craft_searchindex` (`elementId`, `attribute`, `fieldId`, `locale`, `keywords`) VALUES ('315', 'extension', '0', 'en_us', ' jpg ');
INSERT INTO `craft_searchindex` (`elementId`, `attribute`, `fieldId`, `locale`, `keywords`) VALUES ('315', 'kind', '0', 'en_us', ' image ');
INSERT INTO `craft_searchindex` (`elementId`, `attribute`, `fieldId`, `locale`, `keywords`) VALUES ('315', 'slug', '0', 'en_us', '');
INSERT INTO `craft_searchindex` (`elementId`, `attribute`, `fieldId`, `locale`, `keywords`) VALUES ('315', 'title', '0', 'en_us', ' blog 2 ');
INSERT INTO `craft_searchindex` (`elementId`, `attribute`, `fieldId`, `locale`, `keywords`) VALUES ('317', 'slug', '0', 'en_us', '');
INSERT INTO `craft_searchindex` (`elementId`, `attribute`, `fieldId`, `locale`, `keywords`) VALUES ('319', 'slug', '0', 'en_us', '');
INSERT INTO `craft_searchindex` (`elementId`, `attribute`, `fieldId`, `locale`, `keywords`) VALUES ('319', 'field', '11', 'en_us', ' unsigned 1 unsigned 2 ');
INSERT INTO `craft_searchindex` (`elementId`, `attribute`, `fieldId`, `locale`, `keywords`) VALUES ('52', 'field', '10', 'en_us', ' unsigned 1 unsigned 2 unsigned mobile left unsigned mobile mid unsigned mobile right unsigned left unsigned right unsigned 3 unsigned mobile left 2 unsigned mobile mid 2 unsigned mobile right 2 ');
INSERT INTO `craft_searchindex` (`elementId`, `attribute`, `fieldId`, `locale`, `keywords`) VALUES ('320', 'title', '0', 'en_us', ' unsigned 2 ');
INSERT INTO `craft_searchindex` (`elementId`, `attribute`, `fieldId`, `locale`, `keywords`) VALUES ('321', 'slug', '0', 'en_us', '');
INSERT INTO `craft_searchindex` (`elementId`, `attribute`, `fieldId`, `locale`, `keywords`) VALUES ('321', 'title', '0', 'en_us', ' unsigned mobile left ');
INSERT INTO `craft_searchindex` (`elementId`, `attribute`, `fieldId`, `locale`, `keywords`) VALUES ('322', 'filename', '0', 'en_us', ' unsigned mobile mid jpg ');
INSERT INTO `craft_searchindex` (`elementId`, `attribute`, `fieldId`, `locale`, `keywords`) VALUES ('322', 'extension', '0', 'en_us', ' jpg ');
INSERT INTO `craft_searchindex` (`elementId`, `attribute`, `fieldId`, `locale`, `keywords`) VALUES ('322', 'kind', '0', 'en_us', ' image ');
INSERT INTO `craft_searchindex` (`elementId`, `attribute`, `fieldId`, `locale`, `keywords`) VALUES ('322', 'slug', '0', 'en_us', '');
INSERT INTO `craft_searchindex` (`elementId`, `attribute`, `fieldId`, `locale`, `keywords`) VALUES ('322', 'title', '0', 'en_us', ' unsigned mobile mid ');
INSERT INTO `craft_searchindex` (`elementId`, `attribute`, `fieldId`, `locale`, `keywords`) VALUES ('323', 'filename', '0', 'en_us', ' unsigned mobile right jpg ');
INSERT INTO `craft_searchindex` (`elementId`, `attribute`, `fieldId`, `locale`, `keywords`) VALUES ('323', 'extension', '0', 'en_us', ' jpg ');
INSERT INTO `craft_searchindex` (`elementId`, `attribute`, `fieldId`, `locale`, `keywords`) VALUES ('323', 'kind', '0', 'en_us', ' image ');
INSERT INTO `craft_searchindex` (`elementId`, `attribute`, `fieldId`, `locale`, `keywords`) VALUES ('323', 'slug', '0', 'en_us', '');
INSERT INTO `craft_searchindex` (`elementId`, `attribute`, `fieldId`, `locale`, `keywords`) VALUES ('323', 'title', '0', 'en_us', ' unsigned mobile right ');
INSERT INTO `craft_searchindex` (`elementId`, `attribute`, `fieldId`, `locale`, `keywords`) VALUES ('324', 'filename', '0', 'en_us', ' unsigned mobile left 2 jpg ');
INSERT INTO `craft_searchindex` (`elementId`, `attribute`, `fieldId`, `locale`, `keywords`) VALUES ('324', 'extension', '0', 'en_us', ' jpg ');
INSERT INTO `craft_searchindex` (`elementId`, `attribute`, `fieldId`, `locale`, `keywords`) VALUES ('324', 'kind', '0', 'en_us', ' image ');
INSERT INTO `craft_searchindex` (`elementId`, `attribute`, `fieldId`, `locale`, `keywords`) VALUES ('324', 'slug', '0', 'en_us', '');
INSERT INTO `craft_searchindex` (`elementId`, `attribute`, `fieldId`, `locale`, `keywords`) VALUES ('324', 'title', '0', 'en_us', ' unsigned mobile left 2 ');
INSERT INTO `craft_searchindex` (`elementId`, `attribute`, `fieldId`, `locale`, `keywords`) VALUES ('325', 'filename', '0', 'en_us', ' unsigned mobile mid 2 jpg ');
INSERT INTO `craft_searchindex` (`elementId`, `attribute`, `fieldId`, `locale`, `keywords`) VALUES ('325', 'extension', '0', 'en_us', ' jpg ');
INSERT INTO `craft_searchindex` (`elementId`, `attribute`, `fieldId`, `locale`, `keywords`) VALUES ('325', 'kind', '0', 'en_us', ' image ');
INSERT INTO `craft_searchindex` (`elementId`, `attribute`, `fieldId`, `locale`, `keywords`) VALUES ('325', 'slug', '0', 'en_us', '');
INSERT INTO `craft_searchindex` (`elementId`, `attribute`, `fieldId`, `locale`, `keywords`) VALUES ('325', 'title', '0', 'en_us', ' unsigned mobile mid 2 ');
INSERT INTO `craft_searchindex` (`elementId`, `attribute`, `fieldId`, `locale`, `keywords`) VALUES ('326', 'filename', '0', 'en_us', ' unsigned mobile right 2 jpg ');
INSERT INTO `craft_searchindex` (`elementId`, `attribute`, `fieldId`, `locale`, `keywords`) VALUES ('326', 'extension', '0', 'en_us', ' jpg ');
INSERT INTO `craft_searchindex` (`elementId`, `attribute`, `fieldId`, `locale`, `keywords`) VALUES ('326', 'kind', '0', 'en_us', ' image ');
INSERT INTO `craft_searchindex` (`elementId`, `attribute`, `fieldId`, `locale`, `keywords`) VALUES ('326', 'slug', '0', 'en_us', '');
INSERT INTO `craft_searchindex` (`elementId`, `attribute`, `fieldId`, `locale`, `keywords`) VALUES ('326', 'title', '0', 'en_us', ' unsigned mobile right 2 ');
INSERT INTO `craft_searchindex` (`elementId`, `attribute`, `fieldId`, `locale`, `keywords`) VALUES ('327', 'field', '15', 'en_us', ' unsigned mobile left unsigned mobile mid unsigned mobile right ');
INSERT INTO `craft_searchindex` (`elementId`, `attribute`, `fieldId`, `locale`, `keywords`) VALUES ('327', 'slug', '0', 'en_us', '');
INSERT INTO `craft_searchindex` (`elementId`, `attribute`, `fieldId`, `locale`, `keywords`) VALUES ('338', 'field', '15', 'en_us', ' unsigned mobile left 2 unsigned mobile mid 2 unsigned mobile right 2 ');
INSERT INTO `craft_searchindex` (`elementId`, `attribute`, `fieldId`, `locale`, `keywords`) VALUES ('339', 'kind', '0', 'en_us', ' image ');
INSERT INTO `craft_searchindex` (`elementId`, `attribute`, `fieldId`, `locale`, `keywords`) VALUES ('339', 'filename', '0', 'en_us', ' unsigned 3 jpg ');
INSERT INTO `craft_searchindex` (`elementId`, `attribute`, `fieldId`, `locale`, `keywords`) VALUES ('339', 'extension', '0', 'en_us', ' jpg ');
INSERT INTO `craft_searchindex` (`elementId`, `attribute`, `fieldId`, `locale`, `keywords`) VALUES ('330', 'field', '13', 'en_us', ' unsigned left unsigned right ');
INSERT INTO `craft_searchindex` (`elementId`, `attribute`, `fieldId`, `locale`, `keywords`) VALUES ('330', 'slug', '0', 'en_us', '');
INSERT INTO `craft_searchindex` (`elementId`, `attribute`, `fieldId`, `locale`, `keywords`) VALUES ('341', 'slug', '0', 'en_us', '');
INSERT INTO `craft_searchindex` (`elementId`, `attribute`, `fieldId`, `locale`, `keywords`) VALUES ('339', 'slug', '0', 'en_us', '');
INSERT INTO `craft_searchindex` (`elementId`, `attribute`, `fieldId`, `locale`, `keywords`) VALUES ('339', 'title', '0', 'en_us', ' unsigned 3 ');
INSERT INTO `craft_searchindex` (`elementId`, `attribute`, `fieldId`, `locale`, `keywords`) VALUES ('340', 'filename', '0', 'en_us', ' unsigned left jpg ');
INSERT INTO `craft_searchindex` (`elementId`, `attribute`, `fieldId`, `locale`, `keywords`) VALUES ('340', 'extension', '0', 'en_us', ' jpg ');
INSERT INTO `craft_searchindex` (`elementId`, `attribute`, `fieldId`, `locale`, `keywords`) VALUES ('340', 'kind', '0', 'en_us', ' image ');
INSERT INTO `craft_searchindex` (`elementId`, `attribute`, `fieldId`, `locale`, `keywords`) VALUES ('340', 'slug', '0', 'en_us', '');
INSERT INTO `craft_searchindex` (`elementId`, `attribute`, `fieldId`, `locale`, `keywords`) VALUES ('340', 'title', '0', 'en_us', ' unsigned left ');
INSERT INTO `craft_searchindex` (`elementId`, `attribute`, `fieldId`, `locale`, `keywords`) VALUES ('341', 'filename', '0', 'en_us', ' unsigned right jpg ');
INSERT INTO `craft_searchindex` (`elementId`, `attribute`, `fieldId`, `locale`, `keywords`) VALUES ('341', 'extension', '0', 'en_us', ' jpg ');
INSERT INTO `craft_searchindex` (`elementId`, `attribute`, `fieldId`, `locale`, `keywords`) VALUES ('338', 'slug', '0', 'en_us', '');
INSERT INTO `craft_searchindex` (`elementId`, `attribute`, `fieldId`, `locale`, `keywords`) VALUES ('359', 'slug', '0', 'en_us', ' find gold thumb ');
INSERT INTO `craft_searchindex` (`elementId`, `attribute`, `fieldId`, `locale`, `keywords`) VALUES ('359', 'title', '0', 'en_us', ' find gold thumb ');
INSERT INTO `craft_searchindex` (`elementId`, `attribute`, `fieldId`, `locale`, `keywords`) VALUES ('360', 'filename', '0', 'en_us', ' oktoberfest thumb jpg ');
INSERT INTO `craft_searchindex` (`elementId`, `attribute`, `fieldId`, `locale`, `keywords`) VALUES ('360', 'extension', '0', 'en_us', ' jpg ');
INSERT INTO `craft_searchindex` (`elementId`, `attribute`, `fieldId`, `locale`, `keywords`) VALUES ('341', 'kind', '0', 'en_us', ' image ');
INSERT INTO `craft_searchindex` (`elementId`, `attribute`, `fieldId`, `locale`, `keywords`) VALUES ('359', 'filename', '0', 'en_us', ' find gold thumb jpg ');
INSERT INTO `craft_searchindex` (`elementId`, `attribute`, `fieldId`, `locale`, `keywords`) VALUES ('359', 'extension', '0', 'en_us', ' jpg ');
INSERT INTO `craft_searchindex` (`elementId`, `attribute`, `fieldId`, `locale`, `keywords`) VALUES ('359', 'kind', '0', 'en_us', ' image ');
INSERT INTO `craft_searchindex` (`elementId`, `attribute`, `fieldId`, `locale`, `keywords`) VALUES ('368', 'extension', '0', 'en_us', ' jpg ');
INSERT INTO `craft_searchindex` (`elementId`, `attribute`, `fieldId`, `locale`, `keywords`) VALUES ('368', 'filename', '0', 'en_us', ' winter beer thumb jpg ');



DROP TABLE IF EXISTS `craft_sections`;


--
-- Schema for table `craft_sections`
--
CREATE TABLE `craft_sections` (
  `id` int(11) NOT NULL AUTO_INCREMENT,
  `structureId` int(11) DEFAULT NULL,
  `name` varchar(255) COLLATE utf8_unicode_ci NOT NULL,
  `handle` varchar(255) COLLATE utf8_unicode_ci NOT NULL,
  `type` enum('single','channel','structure') COLLATE utf8_unicode_ci NOT NULL DEFAULT 'channel',
  `hasUrls` tinyint(1) unsigned NOT NULL DEFAULT '1',
  `template` varchar(500) COLLATE utf8_unicode_ci DEFAULT NULL,
  `enableVersioning` tinyint(1) unsigned NOT NULL DEFAULT '0',
  `dateCreated` datetime NOT NULL,
  `dateUpdated` datetime NOT NULL,
  `uid` char(36) COLLATE utf8_unicode_ci NOT NULL DEFAULT '0',
  PRIMARY KEY (`id`),
  UNIQUE KEY `craft_sections_name_unq_idx` (`name`),
  UNIQUE KEY `craft_sections_handle_unq_idx` (`handle`),
  KEY `craft_sections_structureId_fk` (`structureId`)
) ENGINE=InnoDB AUTO_INCREMENT=4 DEFAULT CHARSET=utf8 COLLATE=utf8_unicode_ci;

--
-- Data for table `craft_sections`
--

INSERT INTO `craft_sections` (`id`, `structureId`, `name`, `handle`, `type`, `hasUrls`, `template`, `enableVersioning`, `dateCreated`, `dateUpdated`, `uid`) VALUES ('1', NULL, 'Homepage', 'homepage', 'single', '1', 'index', '1', '2015-02-20 22:13:00', '2015-02-20 22:13:00', '8e50228e-a715-4ce9-8652-15eacadce2ce');
INSERT INTO `craft_sections` (`id`, `structureId`, `name`, `handle`, `type`, `hasUrls`, `template`, `enableVersioning`, `dateCreated`, `dateUpdated`, `uid`) VALUES ('3', NULL, 'Projects', 'projects', 'channel', '1', 'projects/_entry', '1', '2015-02-20 22:35:06', '2015-02-20 23:13:06', 'c8f38cc6-b544-49ba-b858-26842f1d734f');



DROP TABLE IF EXISTS `craft_sections_i18n`;


--
-- Schema for table `craft_sections_i18n`
--
CREATE TABLE `craft_sections_i18n` (
  `id` int(11) NOT NULL AUTO_INCREMENT,
  `sectionId` int(11) NOT NULL,
  `locale` char(12) COLLATE utf8_unicode_ci NOT NULL,
  `enabledByDefault` tinyint(1) unsigned NOT NULL DEFAULT '1',
  `urlFormat` varchar(255) COLLATE utf8_unicode_ci DEFAULT NULL,
  `nestedUrlFormat` varchar(255) COLLATE utf8_unicode_ci DEFAULT NULL,
  `dateCreated` datetime NOT NULL,
  `dateUpdated` datetime NOT NULL,
  `uid` char(36) COLLATE utf8_unicode_ci NOT NULL DEFAULT '0',
  PRIMARY KEY (`id`),
  UNIQUE KEY `craft_sections_i18n_sectionId_locale_unq_idx` (`sectionId`,`locale`),
  KEY `craft_sections_i18n_locale_fk` (`locale`)
) ENGINE=InnoDB AUTO_INCREMENT=4 DEFAULT CHARSET=utf8 COLLATE=utf8_unicode_ci;

--
-- Data for table `craft_sections_i18n`
--

INSERT INTO `craft_sections_i18n` (`id`, `sectionId`, `locale`, `enabledByDefault`, `urlFormat`, `nestedUrlFormat`, `dateCreated`, `dateUpdated`, `uid`) VALUES ('1', '1', 'en_us', '1', '__home__', NULL, '2015-02-20 22:13:00', '2015-02-20 22:13:00', '95c844d4-82ec-499e-bac0-6b738da02f9a');
INSERT INTO `craft_sections_i18n` (`id`, `sectionId`, `locale`, `enabledByDefault`, `urlFormat`, `nestedUrlFormat`, `dateCreated`, `dateUpdated`, `uid`) VALUES ('3', '3', 'en_us', '0', 'projects/{slug}', NULL, '2015-02-20 22:35:06', '2015-02-20 22:35:06', 'd8eca02e-d6a6-4979-993c-d59a50e51305');



DROP TABLE IF EXISTS `craft_sessions`;


--
-- Schema for table `craft_sessions`
--
CREATE TABLE `craft_sessions` (
  `id` int(11) NOT NULL AUTO_INCREMENT,
  `userId` int(11) NOT NULL,
  `token` char(100) COLLATE utf8_unicode_ci NOT NULL,
  `dateCreated` datetime NOT NULL,
  `dateUpdated` datetime NOT NULL,
  `uid` char(36) COLLATE utf8_unicode_ci NOT NULL DEFAULT '0',
  PRIMARY KEY (`id`),
  KEY `craft_sessions_uid_idx` (`uid`),
  KEY `craft_sessions_token_idx` (`token`),
  KEY `craft_sessions_dateUpdated_idx` (`dateUpdated`),
  KEY `craft_sessions_userId_fk` (`userId`)
) ENGINE=InnoDB AUTO_INCREMENT=21 DEFAULT CHARSET=utf8 COLLATE=utf8_unicode_ci;

DROP TABLE IF EXISTS `craft_shunnedmessages`;


--
-- Schema for table `craft_shunnedmessages`
--
CREATE TABLE `craft_shunnedmessages` (
  `id` int(11) NOT NULL AUTO_INCREMENT,
  `userId` int(11) NOT NULL,
  `message` varchar(255) COLLATE utf8_unicode_ci NOT NULL,
  `expiryDate` datetime DEFAULT NULL,
  `dateCreated` datetime NOT NULL,
  `dateUpdated` datetime NOT NULL,
  `uid` char(36) COLLATE utf8_unicode_ci NOT NULL DEFAULT '0',
  PRIMARY KEY (`id`),
  UNIQUE KEY `craft_shunnedmessages_userId_message_unq_idx` (`userId`,`message`)
) ENGINE=InnoDB DEFAULT CHARSET=utf8 COLLATE=utf8_unicode_ci;

DROP TABLE IF EXISTS `craft_structureelements`;


--
-- Schema for table `craft_structureelements`
--
CREATE TABLE `craft_structureelements` (
  `id` int(11) NOT NULL AUTO_INCREMENT,
  `structureId` int(11) NOT NULL,
  `elementId` int(11) DEFAULT NULL,
  `root` int(11) unsigned DEFAULT NULL,
  `lft` int(11) unsigned NOT NULL,
  `rgt` int(11) unsigned NOT NULL,
  `level` smallint(6) unsigned NOT NULL,
  `dateCreated` datetime NOT NULL,
  `dateUpdated` datetime NOT NULL,
  `uid` char(36) COLLATE utf8_unicode_ci NOT NULL DEFAULT '0',
  PRIMARY KEY (`id`),
  UNIQUE KEY `craft_structureelements_structureId_elementId_unq_idx` (`structureId`,`elementId`),
  KEY `craft_structureelements_root_idx` (`root`),
  KEY `craft_structureelements_lft_idx` (`lft`),
  KEY `craft_structureelements_rgt_idx` (`rgt`),
  KEY `craft_structureelements_level_idx` (`level`),
  KEY `craft_structureelements_elementId_fk` (`elementId`)
) ENGINE=InnoDB DEFAULT CHARSET=utf8 COLLATE=utf8_unicode_ci;

DROP TABLE IF EXISTS `craft_structures`;


--
-- Schema for table `craft_structures`
--
CREATE TABLE `craft_structures` (
  `id` int(11) NOT NULL AUTO_INCREMENT,
  `maxLevels` smallint(6) unsigned DEFAULT NULL,
  `dateCreated` datetime NOT NULL,
  `dateUpdated` datetime NOT NULL,
  `uid` char(36) COLLATE utf8_unicode_ci NOT NULL DEFAULT '0',
  PRIMARY KEY (`id`)
) ENGINE=InnoDB DEFAULT CHARSET=utf8 COLLATE=utf8_unicode_ci;

DROP TABLE IF EXISTS `craft_systemsettings`;


--
-- Schema for table `craft_systemsettings`
--
CREATE TABLE `craft_systemsettings` (
  `id` int(11) NOT NULL AUTO_INCREMENT,
  `category` varchar(15) COLLATE utf8_unicode_ci NOT NULL,
  `settings` text COLLATE utf8_unicode_ci,
  `dateCreated` datetime NOT NULL,
  `dateUpdated` datetime NOT NULL,
  `uid` char(36) COLLATE utf8_unicode_ci NOT NULL DEFAULT '0',
  PRIMARY KEY (`id`),
  UNIQUE KEY `craft_systemsettings_category_unq_idx` (`category`)
) ENGINE=InnoDB AUTO_INCREMENT=2 DEFAULT CHARSET=utf8 COLLATE=utf8_unicode_ci;

--
-- Data for table `craft_systemsettings`
--

INSERT INTO `craft_systemsettings` (`id`, `category`, `settings`, `dateCreated`, `dateUpdated`, `uid`) VALUES ('1', 'email', '{\"protocol\":\"php\",\"emailAddress\":\"dykes.ellen@gmail.com\",\"senderName\":\"Ellen Dykes Web Designer\"}', '2015-02-20 22:13:00', '2015-02-20 22:13:00', '8d4b1400-b4ca-468c-ba80-8ded5a53a061');



DROP TABLE IF EXISTS `craft_taggroups`;


--
-- Schema for table `craft_taggroups`
--
CREATE TABLE `craft_taggroups` (
  `id` int(11) NOT NULL AUTO_INCREMENT,
  `name` varchar(255) COLLATE utf8_unicode_ci NOT NULL,
  `handle` varchar(255) COLLATE utf8_unicode_ci NOT NULL,
  `fieldLayoutId` int(10) DEFAULT NULL,
  `dateCreated` datetime NOT NULL,
  `dateUpdated` datetime NOT NULL,
  `uid` char(36) COLLATE utf8_unicode_ci NOT NULL DEFAULT '0',
  PRIMARY KEY (`id`),
  UNIQUE KEY `craft_taggroups_name_unq_idx` (`name`),
  UNIQUE KEY `craft_taggroups_handle_unq_idx` (`handle`),
  KEY `craft_taggroups_fieldLayoutId_fk` (`fieldLayoutId`)
) ENGINE=InnoDB AUTO_INCREMENT=2 DEFAULT CHARSET=utf8 COLLATE=utf8_unicode_ci;

--
-- Data for table `craft_taggroups`
--

INSERT INTO `craft_taggroups` (`id`, `name`, `handle`, `fieldLayoutId`, `dateCreated`, `dateUpdated`, `uid`) VALUES ('1', 'Default', 'default', '1', '2015-02-20 22:13:00', '2015-02-20 22:13:00', 'cbd52b04-1555-42ee-8726-2577df83409f');



DROP TABLE IF EXISTS `craft_tags`;


--
-- Schema for table `craft_tags`
--
CREATE TABLE `craft_tags` (
  `id` int(11) NOT NULL,
  `groupId` int(11) NOT NULL,
  `dateCreated` datetime NOT NULL,
  `dateUpdated` datetime NOT NULL,
  `uid` char(36) COLLATE utf8_unicode_ci NOT NULL DEFAULT '0',
  PRIMARY KEY (`id`),
  KEY `craft_tags_groupId_fk` (`groupId`)
) ENGINE=InnoDB DEFAULT CHARSET=utf8 COLLATE=utf8_unicode_ci;

DROP TABLE IF EXISTS `craft_tasks`;


--
-- Schema for table `craft_tasks`
--
CREATE TABLE `craft_tasks` (
  `id` int(11) NOT NULL AUTO_INCREMENT,
  `root` int(11) unsigned DEFAULT NULL,
  `lft` int(11) unsigned NOT NULL,
  `rgt` int(11) unsigned NOT NULL,
  `level` smallint(6) unsigned NOT NULL,
  `currentStep` int(11) unsigned DEFAULT NULL,
  `totalSteps` int(11) unsigned DEFAULT NULL,
  `status` enum('pending','error','running') COLLATE utf8_unicode_ci DEFAULT NULL,
  `type` varchar(150) COLLATE utf8_unicode_ci NOT NULL,
  `description` varchar(255) COLLATE utf8_unicode_ci DEFAULT NULL,
  `settings` text COLLATE utf8_unicode_ci,
  `dateCreated` datetime NOT NULL,
  `dateUpdated` datetime NOT NULL,
  `uid` char(36) COLLATE utf8_unicode_ci NOT NULL DEFAULT '0',
  PRIMARY KEY (`id`),
  KEY `craft_tasks_root_idx` (`root`),
  KEY `craft_tasks_lft_idx` (`lft`),
  KEY `craft_tasks_rgt_idx` (`rgt`),
  KEY `craft_tasks_level_idx` (`level`)
) ENGINE=InnoDB AUTO_INCREMENT=2 DEFAULT CHARSET=utf8 COLLATE=utf8_unicode_ci;

DROP TABLE IF EXISTS `craft_templatecachecriteria`;


--
-- Schema for table `craft_templatecachecriteria`
--
CREATE TABLE `craft_templatecachecriteria` (
  `id` int(11) NOT NULL AUTO_INCREMENT,
  `cacheId` int(11) NOT NULL,
  `type` varchar(150) COLLATE utf8_unicode_ci NOT NULL,
  `criteria` text COLLATE utf8_unicode_ci NOT NULL,
  PRIMARY KEY (`id`),
  KEY `craft_templatecachecriteria_cacheId_fk` (`cacheId`),
  KEY `craft_templatecachecriteria_type_idx` (`type`)
) ENGINE=InnoDB DEFAULT CHARSET=utf8 COLLATE=utf8_unicode_ci;

DROP TABLE IF EXISTS `craft_templatecacheelements`;


--
-- Schema for table `craft_templatecacheelements`
--
CREATE TABLE `craft_templatecacheelements` (
  `cacheId` int(11) NOT NULL,
  `elementId` int(11) NOT NULL,
  KEY `craft_templatecacheelements_cacheId_fk` (`cacheId`),
  KEY `craft_templatecacheelements_elementId_fk` (`elementId`)
) ENGINE=InnoDB DEFAULT CHARSET=utf8 COLLATE=utf8_unicode_ci;

DROP TABLE IF EXISTS `craft_templatecaches`;


--
-- Schema for table `craft_templatecaches`
--
CREATE TABLE `craft_templatecaches` (
  `id` int(11) NOT NULL AUTO_INCREMENT,
  `cacheKey` varchar(255) COLLATE utf8_unicode_ci NOT NULL,
  `locale` char(12) COLLATE utf8_unicode_ci NOT NULL,
  `path` varchar(255) COLLATE utf8_unicode_ci DEFAULT NULL,
  `expiryDate` datetime NOT NULL,
  `body` mediumtext COLLATE utf8_unicode_ci NOT NULL,
  PRIMARY KEY (`id`),
  KEY `craft_templatecaches_expiryDate_cacheKey_locale_path_idx` (`expiryDate`,`cacheKey`,`locale`,`path`),
  KEY `craft_templatecaches_locale_fk` (`locale`)
) ENGINE=InnoDB DEFAULT CHARSET=utf8 COLLATE=utf8_unicode_ci;

DROP TABLE IF EXISTS `craft_tokens`;


--
-- Schema for table `craft_tokens`
--
CREATE TABLE `craft_tokens` (
  `id` int(11) NOT NULL AUTO_INCREMENT,
  `token` char(32) COLLATE utf8_unicode_ci NOT NULL,
  `route` text COLLATE utf8_unicode_ci,
  `usageLimit` tinyint(3) unsigned DEFAULT NULL,
  `usageCount` tinyint(3) unsigned DEFAULT NULL,
  `expiryDate` datetime NOT NULL,
  `dateCreated` datetime NOT NULL,
  `dateUpdated` datetime NOT NULL,
  `uid` char(36) COLLATE utf8_unicode_ci NOT NULL DEFAULT '0',
  PRIMARY KEY (`id`),
  UNIQUE KEY `craft_tokens_token_unq_idx` (`token`),
  KEY `craft_tokens_expiryDate_idx` (`expiryDate`)
) ENGINE=InnoDB DEFAULT CHARSET=utf8 COLLATE=utf8_unicode_ci;

DROP TABLE IF EXISTS `craft_usergroups`;


--
-- Schema for table `craft_usergroups`
--
CREATE TABLE `craft_usergroups` (
  `id` int(11) NOT NULL AUTO_INCREMENT,
  `name` varchar(255) COLLATE utf8_unicode_ci NOT NULL,
  `handle` varchar(255) COLLATE utf8_unicode_ci NOT NULL,
  `dateCreated` datetime NOT NULL,
  `dateUpdated` datetime NOT NULL,
  `uid` char(36) COLLATE utf8_unicode_ci NOT NULL DEFAULT '0',
  PRIMARY KEY (`id`)
) ENGINE=InnoDB DEFAULT CHARSET=utf8 COLLATE=utf8_unicode_ci;

DROP TABLE IF EXISTS `craft_usergroups_users`;


--
-- Schema for table `craft_usergroups_users`
--
CREATE TABLE `craft_usergroups_users` (
  `id` int(11) NOT NULL AUTO_INCREMENT,
  `groupId` int(11) NOT NULL,
  `userId` int(11) NOT NULL,
  `dateCreated` datetime NOT NULL,
  `dateUpdated` datetime NOT NULL,
  `uid` char(36) COLLATE utf8_unicode_ci NOT NULL DEFAULT '0',
  PRIMARY KEY (`id`),
  UNIQUE KEY `craft_usergroups_users_groupId_userId_unq_idx` (`groupId`,`userId`),
  KEY `craft_usergroups_users_userId_fk` (`userId`)
) ENGINE=InnoDB DEFAULT CHARSET=utf8 COLLATE=utf8_unicode_ci;

DROP TABLE IF EXISTS `craft_userpermissions`;


--
-- Schema for table `craft_userpermissions`
--
CREATE TABLE `craft_userpermissions` (
  `id` int(11) NOT NULL AUTO_INCREMENT,
  `name` varchar(255) COLLATE utf8_unicode_ci NOT NULL,
  `dateCreated` datetime NOT NULL,
  `dateUpdated` datetime NOT NULL,
  `uid` char(36) COLLATE utf8_unicode_ci NOT NULL DEFAULT '0',
  PRIMARY KEY (`id`),
  UNIQUE KEY `craft_userpermissions_name_unq_idx` (`name`)
) ENGINE=InnoDB DEFAULT CHARSET=utf8 COLLATE=utf8_unicode_ci;

DROP TABLE IF EXISTS `craft_userpermissions_usergroups`;


--
-- Schema for table `craft_userpermissions_usergroups`
--
CREATE TABLE `craft_userpermissions_usergroups` (
  `id` int(11) NOT NULL AUTO_INCREMENT,
  `permissionId` int(11) NOT NULL,
  `groupId` int(11) NOT NULL,
  `dateCreated` datetime NOT NULL,
  `dateUpdated` datetime NOT NULL,
  `uid` char(36) COLLATE utf8_unicode_ci NOT NULL DEFAULT '0',
  PRIMARY KEY (`id`),
  UNIQUE KEY `craft_userpermissions_usergroups_permissionId_groupId_unq_idx` (`permissionId`,`groupId`),
  KEY `craft_userpermissions_usergroups_groupId_fk` (`groupId`)
) ENGINE=InnoDB DEFAULT CHARSET=utf8 COLLATE=utf8_unicode_ci;

DROP TABLE IF EXISTS `craft_userpermissions_users`;


--
-- Schema for table `craft_userpermissions_users`
--
CREATE TABLE `craft_userpermissions_users` (
  `id` int(11) NOT NULL AUTO_INCREMENT,
  `permissionId` int(11) NOT NULL,
  `userId` int(11) NOT NULL,
  `dateCreated` datetime NOT NULL,
  `dateUpdated` datetime NOT NULL,
  `uid` char(36) COLLATE utf8_unicode_ci NOT NULL DEFAULT '0',
  PRIMARY KEY (`id`),
  UNIQUE KEY `craft_userpermissions_users_permissionId_userId_unq_idx` (`permissionId`,`userId`),
  KEY `craft_userpermissions_users_userId_fk` (`userId`)
) ENGINE=InnoDB DEFAULT CHARSET=utf8 COLLATE=utf8_unicode_ci;

DROP TABLE IF EXISTS `craft_users`;


--
-- Schema for table `craft_users`
--
CREATE TABLE `craft_users` (
  `id` int(11) NOT NULL,
  `username` varchar(100) COLLATE utf8_unicode_ci NOT NULL,
  `photo` varchar(100) COLLATE utf8_unicode_ci DEFAULT NULL,
  `firstName` varchar(100) COLLATE utf8_unicode_ci DEFAULT NULL,
  `lastName` varchar(100) COLLATE utf8_unicode_ci DEFAULT NULL,
  `email` varchar(255) COLLATE utf8_unicode_ci NOT NULL,
  `password` char(255) COLLATE utf8_unicode_ci DEFAULT NULL,
  `preferredLocale` char(12) COLLATE utf8_unicode_ci DEFAULT NULL,
  `weekStartDay` tinyint(1) unsigned NOT NULL DEFAULT '0',
  `admin` tinyint(1) unsigned NOT NULL DEFAULT '0',
  `client` tinyint(1) unsigned NOT NULL DEFAULT '0',
  `locked` tinyint(1) unsigned NOT NULL DEFAULT '0',
  `suspended` tinyint(1) unsigned NOT NULL DEFAULT '0',
  `pending` tinyint(1) unsigned NOT NULL DEFAULT '0',
  `archived` tinyint(1) unsigned NOT NULL DEFAULT '0',
  `lastLoginDate` datetime DEFAULT NULL,
  `lastLoginAttemptIPAddress` varchar(45) COLLATE utf8_unicode_ci DEFAULT NULL,
  `invalidLoginWindowStart` datetime DEFAULT NULL,
  `invalidLoginCount` tinyint(4) unsigned DEFAULT NULL,
  `lastInvalidLoginDate` datetime DEFAULT NULL,
  `lockoutDate` datetime DEFAULT NULL,
  `verificationCode` char(100) COLLATE utf8_unicode_ci DEFAULT NULL,
  `verificationCodeIssuedDate` datetime DEFAULT NULL,
  `unverifiedEmail` varchar(255) COLLATE utf8_unicode_ci DEFAULT NULL,
  `passwordResetRequired` tinyint(1) unsigned NOT NULL DEFAULT '0',
  `lastPasswordChangeDate` datetime DEFAULT NULL,
  `dateCreated` datetime NOT NULL,
  `dateUpdated` datetime NOT NULL,
  `uid` char(36) COLLATE utf8_unicode_ci NOT NULL DEFAULT '0',
  PRIMARY KEY (`id`),
  UNIQUE KEY `craft_users_username_unq_idx` (`username`),
  UNIQUE KEY `craft_users_email_unq_idx` (`email`),
  KEY `craft_users_verificationCode_idx` (`verificationCode`),
  KEY `craft_users_uid_idx` (`uid`),
  KEY `craft_users_preferredLocale_fk` (`preferredLocale`)
) ENGINE=InnoDB DEFAULT CHARSET=utf8 COLLATE=utf8_unicode_ci;

--
-- Data for table `craft_users`
--

INSERT INTO `craft_users` (`id`, `username`, `photo`, `firstName`, `lastName`, `email`, `password`, `preferredLocale`, `weekStartDay`, `admin`, `client`, `locked`, `suspended`, `pending`, `archived`, `lastLoginDate`, `lastLoginAttemptIPAddress`, `invalidLoginWindowStart`, `invalidLoginCount`, `lastInvalidLoginDate`, `lockoutDate`, `verificationCode`, `verificationCodeIssuedDate`, `unverifiedEmail`, `passwordResetRequired`, `lastPasswordChangeDate`, `dateCreated`, `dateUpdated`, `uid`) VALUES ('1', 'ed', NULL, NULL, NULL, 'dykes.ellen@gmail.com', '$2a$13$8VEw948ljMtMaZPJVq0ULO3gs4.IyXY.tnMShRfaOdtHb5hhqgoEC', NULL, '0', '1', '0', '0', '0', '0', '0', '2015-04-30 14:33:14', '::1', NULL, NULL, '2015-03-27 22:34:12', NULL, NULL, NULL, NULL, '0', '2015-02-20 22:12:57', '2015-02-20 22:12:57', '2015-04-30 14:33:14', '5253784a-e5a0-4b16-9900-16bdd8a8a724');



DROP TABLE IF EXISTS `craft_widgets`;


--
-- Schema for table `craft_widgets`
--
CREATE TABLE `craft_widgets` (
  `id` int(11) NOT NULL AUTO_INCREMENT,
  `userId` int(11) NOT NULL,
  `type` varchar(150) COLLATE utf8_unicode_ci NOT NULL,
  `sortOrder` tinyint(4) DEFAULT NULL,
  `settings` text COLLATE utf8_unicode_ci,
  `enabled` tinyint(1) unsigned NOT NULL DEFAULT '1',
  `dateCreated` datetime NOT NULL,
  `dateUpdated` datetime NOT NULL,
  `uid` char(36) COLLATE utf8_unicode_ci NOT NULL DEFAULT '0',
  PRIMARY KEY (`id`),
  KEY `craft_widgets_userId_fk` (`userId`)
) ENGINE=InnoDB AUTO_INCREMENT=5 DEFAULT CHARSET=utf8 COLLATE=utf8_unicode_ci;

--
-- Data for table `craft_widgets`
--

INSERT INTO `craft_widgets` (`id`, `userId`, `type`, `sortOrder`, `settings`, `enabled`, `dateCreated`, `dateUpdated`, `uid`) VALUES ('1', '1', 'RecentEntries', '1', NULL, '1', '2015-02-20 22:13:15', '2015-02-20 22:13:15', '9705833a-8673-4b09-96f8-2ed7044af511');
INSERT INTO `craft_widgets` (`id`, `userId`, `type`, `sortOrder`, `settings`, `enabled`, `dateCreated`, `dateUpdated`, `uid`) VALUES ('2', '1', 'GetHelp', '2', NULL, '1', '2015-02-20 22:13:15', '2015-02-20 22:13:15', '5e76336f-ce2e-4aa1-9a9d-4cae767c37f1');
INSERT INTO `craft_widgets` (`id`, `userId`, `type`, `sortOrder`, `settings`, `enabled`, `dateCreated`, `dateUpdated`, `uid`) VALUES ('3', '1', 'Updates', '3', NULL, '1', '2015-02-20 22:13:15', '2015-02-20 22:13:15', '21f65783-b802-4283-8b2d-85483937819a');
INSERT INTO `craft_widgets` (`id`, `userId`, `type`, `sortOrder`, `settings`, `enabled`, `dateCreated`, `dateUpdated`, `uid`) VALUES ('4', '1', 'Feed', '4', '{\"url\":\"http:\\/\\/feeds.feedburner.com\\/blogandtonic\",\"title\":\"Blog & Tonic\"}', '1', '2015-02-20 22:13:15', '2015-02-20 22:13:15', '664f29af-0f5d-478c-9cc4-24c9f4ae14c3');


--
-- Constraints for tables
--


--
-- Constraints for table `craft_assetfiles`
--
ALTER TABLE `craft_assetfiles`
	ADD CONSTRAINT `craft_assetfiles_folderId_fk` FOREIGN KEY (`folderId`) REFERENCES `craft_assetfolders` (`id`) ON DELETE CASCADE,
	ADD CONSTRAINT `craft_assetfiles_id_fk` FOREIGN KEY (`id`) REFERENCES `craft_elements` (`id`) ON DELETE CASCADE,
	ADD CONSTRAINT `craft_assetfiles_sourceId_fk` FOREIGN KEY (`sourceId`) REFERENCES `craft_assetsources` (`id`) ON DELETE CASCADE;

--
-- Constraints for table `craft_assetfolders`
--
ALTER TABLE `craft_assetfolders`
	ADD CONSTRAINT `craft_assetfolders_parentId_fk` FOREIGN KEY (`parentId`) REFERENCES `craft_assetfolders` (`id`) ON DELETE CASCADE,
	ADD CONSTRAINT `craft_assetfolders_sourceId_fk` FOREIGN KEY (`sourceId`) REFERENCES `craft_assetsources` (`id`) ON DELETE CASCADE;

--
-- Constraints for table `craft_assetindexdata`
--
ALTER TABLE `craft_assetindexdata`
	ADD CONSTRAINT `craft_assetindexdata_sourceId_fk` FOREIGN KEY (`sourceId`) REFERENCES `craft_assetsources` (`id`) ON DELETE CASCADE;

--
-- Constraints for table `craft_assetsources`
--
ALTER TABLE `craft_assetsources`
	ADD CONSTRAINT `craft_assetsources_fieldLayoutId_fk` FOREIGN KEY (`fieldLayoutId`) REFERENCES `craft_fieldlayouts` (`id`) ON DELETE SET NULL;

--
-- Constraints for table `craft_categories`
--
ALTER TABLE `craft_categories`
	ADD CONSTRAINT `craft_categories_groupId_fk` FOREIGN KEY (`groupId`) REFERENCES `craft_categorygroups` (`id`) ON DELETE CASCADE,
	ADD CONSTRAINT `craft_categories_id_fk` FOREIGN KEY (`id`) REFERENCES `craft_elements` (`id`) ON DELETE CASCADE;

--
-- Constraints for table `craft_categorygroups`
--
ALTER TABLE `craft_categorygroups`
	ADD CONSTRAINT `craft_categorygroups_fieldLayoutId_fk` FOREIGN KEY (`fieldLayoutId`) REFERENCES `craft_fieldlayouts` (`id`) ON DELETE SET NULL,
	ADD CONSTRAINT `craft_categorygroups_structureId_fk` FOREIGN KEY (`structureId`) REFERENCES `craft_structures` (`id`) ON DELETE CASCADE;

--
-- Constraints for table `craft_categorygroups_i18n`
--
ALTER TABLE `craft_categorygroups_i18n`
	ADD CONSTRAINT `craft_categorygroups_i18n_groupId_fk` FOREIGN KEY (`groupId`) REFERENCES `craft_categorygroups` (`id`) ON DELETE CASCADE,
	ADD CONSTRAINT `craft_categorygroups_i18n_locale_fk` FOREIGN KEY (`locale`) REFERENCES `craft_locales` (`locale`) ON DELETE CASCADE ON UPDATE CASCADE;

--
-- Constraints for table `craft_content`
--
ALTER TABLE `craft_content`
	ADD CONSTRAINT `craft_content_elementId_fk` FOREIGN KEY (`elementId`) REFERENCES `craft_elements` (`id`) ON DELETE CASCADE,
	ADD CONSTRAINT `craft_content_locale_fk` FOREIGN KEY (`locale`) REFERENCES `craft_locales` (`locale`) ON DELETE CASCADE ON UPDATE CASCADE;

--
-- Constraints for table `craft_elements_i18n`
--
ALTER TABLE `craft_elements_i18n`
	ADD CONSTRAINT `craft_elements_i18n_elementId_fk` FOREIGN KEY (`elementId`) REFERENCES `craft_elements` (`id`) ON DELETE CASCADE,
	ADD CONSTRAINT `craft_elements_i18n_locale_fk` FOREIGN KEY (`locale`) REFERENCES `craft_locales` (`locale`) ON DELETE CASCADE ON UPDATE CASCADE;

--
-- Constraints for table `craft_emailmessages`
--
ALTER TABLE `craft_emailmessages`
	ADD CONSTRAINT `craft_emailmessages_locale_fk` FOREIGN KEY (`locale`) REFERENCES `craft_locales` (`locale`) ON DELETE CASCADE ON UPDATE CASCADE;

--
-- Constraints for table `craft_entries`
--
ALTER TABLE `craft_entries`
	ADD CONSTRAINT `craft_entries_authorId_fk` FOREIGN KEY (`authorId`) REFERENCES `craft_users` (`id`) ON DELETE CASCADE,
	ADD CONSTRAINT `craft_entries_id_fk` FOREIGN KEY (`id`) REFERENCES `craft_elements` (`id`) ON DELETE CASCADE,
	ADD CONSTRAINT `craft_entries_sectionId_fk` FOREIGN KEY (`sectionId`) REFERENCES `craft_sections` (`id`) ON DELETE CASCADE,
	ADD CONSTRAINT `craft_entries_typeId_fk` FOREIGN KEY (`typeId`) REFERENCES `craft_entrytypes` (`id`) ON DELETE CASCADE;

--
-- Constraints for table `craft_entrydrafts`
--
ALTER TABLE `craft_entrydrafts`
	ADD CONSTRAINT `craft_entrydrafts_creatorId_fk` FOREIGN KEY (`creatorId`) REFERENCES `craft_users` (`id`) ON DELETE CASCADE,
	ADD CONSTRAINT `craft_entrydrafts_entryId_fk` FOREIGN KEY (`entryId`) REFERENCES `craft_entries` (`id`) ON DELETE CASCADE,
	ADD CONSTRAINT `craft_entrydrafts_locale_fk` FOREIGN KEY (`locale`) REFERENCES `craft_locales` (`locale`) ON DELETE CASCADE ON UPDATE CASCADE,
	ADD CONSTRAINT `craft_entrydrafts_sectionId_fk` FOREIGN KEY (`sectionId`) REFERENCES `craft_sections` (`id`) ON DELETE CASCADE;

--
-- Constraints for table `craft_entrytypes`
--
ALTER TABLE `craft_entrytypes`
	ADD CONSTRAINT `craft_entrytypes_fieldLayoutId_fk` FOREIGN KEY (`fieldLayoutId`) REFERENCES `craft_fieldlayouts` (`id`) ON DELETE SET NULL,
	ADD CONSTRAINT `craft_entrytypes_sectionId_fk` FOREIGN KEY (`sectionId`) REFERENCES `craft_sections` (`id`) ON DELETE CASCADE;

--
-- Constraints for table `craft_entryversions`
--
ALTER TABLE `craft_entryversions`
	ADD CONSTRAINT `craft_entryversions_creatorId_fk` FOREIGN KEY (`creatorId`) REFERENCES `craft_users` (`id`) ON DELETE SET NULL,
	ADD CONSTRAINT `craft_entryversions_entryId_fk` FOREIGN KEY (`entryId`) REFERENCES `craft_entries` (`id`) ON DELETE CASCADE,
	ADD CONSTRAINT `craft_entryversions_locale_fk` FOREIGN KEY (`locale`) REFERENCES `craft_locales` (`locale`) ON DELETE CASCADE ON UPDATE CASCADE,
	ADD CONSTRAINT `craft_entryversions_sectionId_fk` FOREIGN KEY (`sectionId`) REFERENCES `craft_sections` (`id`) ON DELETE CASCADE;

--
-- Constraints for table `craft_fieldlayoutfields`
--
ALTER TABLE `craft_fieldlayoutfields`
	ADD CONSTRAINT `craft_fieldlayoutfields_fieldId_fk` FOREIGN KEY (`fieldId`) REFERENCES `craft_fields` (`id`) ON DELETE CASCADE,
	ADD CONSTRAINT `craft_fieldlayoutfields_layoutId_fk` FOREIGN KEY (`layoutId`) REFERENCES `craft_fieldlayouts` (`id`) ON DELETE CASCADE,
	ADD CONSTRAINT `craft_fieldlayoutfields_tabId_fk` FOREIGN KEY (`tabId`) REFERENCES `craft_fieldlayouttabs` (`id`) ON DELETE CASCADE;

--
-- Constraints for table `craft_fieldlayouttabs`
--
ALTER TABLE `craft_fieldlayouttabs`
	ADD CONSTRAINT `craft_fieldlayouttabs_layoutId_fk` FOREIGN KEY (`layoutId`) REFERENCES `craft_fieldlayouts` (`id`) ON DELETE CASCADE;

--
-- Constraints for table `craft_fields`
--
ALTER TABLE `craft_fields`
	ADD CONSTRAINT `craft_fields_groupId_fk` FOREIGN KEY (`groupId`) REFERENCES `craft_fieldgroups` (`id`) ON DELETE CASCADE;

--
-- Constraints for table `craft_globalsets`
--
ALTER TABLE `craft_globalsets`
	ADD CONSTRAINT `craft_globalsets_fieldLayoutId_fk` FOREIGN KEY (`fieldLayoutId`) REFERENCES `craft_fieldlayouts` (`id`) ON DELETE SET NULL,
	ADD CONSTRAINT `craft_globalsets_id_fk` FOREIGN KEY (`id`) REFERENCES `craft_elements` (`id`) ON DELETE CASCADE;

--
-- Constraints for table `craft_matrixblocks`
--
ALTER TABLE `craft_matrixblocks`
	ADD CONSTRAINT `craft_matrixblocks_fieldId_fk` FOREIGN KEY (`fieldId`) REFERENCES `craft_fields` (`id`) ON DELETE CASCADE,
	ADD CONSTRAINT `craft_matrixblocks_id_fk` FOREIGN KEY (`id`) REFERENCES `craft_elements` (`id`) ON DELETE CASCADE,
	ADD CONSTRAINT `craft_matrixblocks_ownerId_fk` FOREIGN KEY (`ownerId`) REFERENCES `craft_elements` (`id`) ON DELETE CASCADE,
	ADD CONSTRAINT `craft_matrixblocks_ownerLocale_fk` FOREIGN KEY (`ownerLocale`) REFERENCES `craft_locales` (`locale`) ON DELETE CASCADE ON UPDATE CASCADE,
	ADD CONSTRAINT `craft_matrixblocks_typeId_fk` FOREIGN KEY (`typeId`) REFERENCES `craft_matrixblocktypes` (`id`) ON DELETE CASCADE;

--
-- Constraints for table `craft_matrixblocktypes`
--
ALTER TABLE `craft_matrixblocktypes`
	ADD CONSTRAINT `craft_matrixblocktypes_fieldId_fk` FOREIGN KEY (`fieldId`) REFERENCES `craft_fields` (`id`) ON DELETE CASCADE,
	ADD CONSTRAINT `craft_matrixblocktypes_fieldLayoutId_fk` FOREIGN KEY (`fieldLayoutId`) REFERENCES `craft_fieldlayouts` (`id`) ON DELETE SET NULL;

--
-- Constraints for table `craft_matrixcontent_project_images`
--
ALTER TABLE `craft_matrixcontent_project_images`
	ADD CONSTRAINT `craft_matrixcontent_project_images_elementId_fk` FOREIGN KEY (`elementId`) REFERENCES `craft_elements` (`id`) ON DELETE CASCADE,
	ADD CONSTRAINT `craft_matrixcontent_project_images_locale_fk` FOREIGN KEY (`locale`) REFERENCES `craft_locales` (`locale`) ON DELETE CASCADE ON UPDATE CASCADE;

--
-- Constraints for table `craft_matrixcontent_skillz`
--
ALTER TABLE `craft_matrixcontent_skillz`
	ADD CONSTRAINT `craft_matrixcontent_skillz_elementId_fk` FOREIGN KEY (`elementId`) REFERENCES `craft_elements` (`id`) ON DELETE CASCADE,
	ADD CONSTRAINT `craft_matrixcontent_skillz_locale_fk` FOREIGN KEY (`locale`) REFERENCES `craft_locales` (`locale`) ON DELETE CASCADE ON UPDATE CASCADE;

--
-- Constraints for table `craft_migrations`
--
ALTER TABLE `craft_migrations`
	ADD CONSTRAINT `craft_migrations_pluginId_fk` FOREIGN KEY (`pluginId`) REFERENCES `craft_plugins` (`id`) ON DELETE CASCADE;

--
-- Constraints for table `craft_relations`
--
ALTER TABLE `craft_relations`
	ADD CONSTRAINT `craft_relations_fieldId_fk` FOREIGN KEY (`fieldId`) REFERENCES `craft_fields` (`id`) ON DELETE CASCADE,
	ADD CONSTRAINT `craft_relations_sourceId_fk` FOREIGN KEY (`sourceId`) REFERENCES `craft_elements` (`id`) ON DELETE CASCADE,
	ADD CONSTRAINT `craft_relations_sourceLocale_fk` FOREIGN KEY (`sourceLocale`) REFERENCES `craft_locales` (`locale`) ON DELETE CASCADE ON UPDATE CASCADE,
	ADD CONSTRAINT `craft_relations_targetId_fk` FOREIGN KEY (`targetId`) REFERENCES `craft_elements` (`id`) ON DELETE CASCADE;

--
-- Constraints for table `craft_routes`
--
ALTER TABLE `craft_routes`
	ADD CONSTRAINT `craft_routes_locale_fk` FOREIGN KEY (`locale`) REFERENCES `craft_locales` (`locale`) ON DELETE CASCADE ON UPDATE CASCADE;

--
-- Constraints for table `craft_sections`
--
ALTER TABLE `craft_sections`
	ADD CONSTRAINT `craft_sections_structureId_fk` FOREIGN KEY (`structureId`) REFERENCES `craft_structures` (`id`) ON DELETE SET NULL;

--
-- Constraints for table `craft_sections_i18n`
--
ALTER TABLE `craft_sections_i18n`
	ADD CONSTRAINT `craft_sections_i18n_locale_fk` FOREIGN KEY (`locale`) REFERENCES `craft_locales` (`locale`) ON DELETE CASCADE ON UPDATE CASCADE,
	ADD CONSTRAINT `craft_sections_i18n_sectionId_fk` FOREIGN KEY (`sectionId`) REFERENCES `craft_sections` (`id`) ON DELETE CASCADE;

--
-- Constraints for table `craft_sessions`
--
ALTER TABLE `craft_sessions`
	ADD CONSTRAINT `craft_sessions_userId_fk` FOREIGN KEY (`userId`) REFERENCES `craft_users` (`id`) ON DELETE CASCADE;

--
-- Constraints for table `craft_shunnedmessages`
--
ALTER TABLE `craft_shunnedmessages`
	ADD CONSTRAINT `craft_shunnedmessages_userId_fk` FOREIGN KEY (`userId`) REFERENCES `craft_users` (`id`) ON DELETE CASCADE;

--
-- Constraints for table `craft_structureelements`
--
ALTER TABLE `craft_structureelements`
	ADD CONSTRAINT `craft_structureelements_elementId_fk` FOREIGN KEY (`elementId`) REFERENCES `craft_elements` (`id`) ON DELETE CASCADE,
	ADD CONSTRAINT `craft_structureelements_structureId_fk` FOREIGN KEY (`structureId`) REFERENCES `craft_structures` (`id`) ON DELETE CASCADE;

--
-- Constraints for table `craft_taggroups`
--
ALTER TABLE `craft_taggroups`
	ADD CONSTRAINT `craft_taggroups_fieldLayoutId_fk` FOREIGN KEY (`fieldLayoutId`) REFERENCES `craft_fieldlayouts` (`id`) ON DELETE SET NULL;

--
-- Constraints for table `craft_tags`
--
ALTER TABLE `craft_tags`
	ADD CONSTRAINT `craft_tags_groupId_fk` FOREIGN KEY (`groupId`) REFERENCES `craft_taggroups` (`id`) ON DELETE CASCADE,
	ADD CONSTRAINT `craft_tags_id_fk` FOREIGN KEY (`id`) REFERENCES `craft_elements` (`id`) ON DELETE CASCADE;

--
-- Constraints for table `craft_templatecachecriteria`
--
ALTER TABLE `craft_templatecachecriteria`
	ADD CONSTRAINT `craft_templatecachecriteria_cacheId_fk` FOREIGN KEY (`cacheId`) REFERENCES `craft_templatecaches` (`id`) ON DELETE CASCADE;

--
-- Constraints for table `craft_templatecacheelements`
--
ALTER TABLE `craft_templatecacheelements`
	ADD CONSTRAINT `craft_templatecacheelements_cacheId_fk` FOREIGN KEY (`cacheId`) REFERENCES `craft_templatecaches` (`id`) ON DELETE CASCADE,
	ADD CONSTRAINT `craft_templatecacheelements_elementId_fk` FOREIGN KEY (`elementId`) REFERENCES `craft_elements` (`id`) ON DELETE CASCADE;

--
-- Constraints for table `craft_templatecaches`
--
ALTER TABLE `craft_templatecaches`
	ADD CONSTRAINT `craft_templatecaches_locale_fk` FOREIGN KEY (`locale`) REFERENCES `craft_locales` (`locale`) ON DELETE CASCADE ON UPDATE CASCADE;

--
-- Constraints for table `craft_usergroups_users`
--
ALTER TABLE `craft_usergroups_users`
	ADD CONSTRAINT `craft_usergroups_users_groupId_fk` FOREIGN KEY (`groupId`) REFERENCES `craft_usergroups` (`id`) ON DELETE CASCADE,
	ADD CONSTRAINT `craft_usergroups_users_userId_fk` FOREIGN KEY (`userId`) REFERENCES `craft_users` (`id`) ON DELETE CASCADE;

--
-- Constraints for table `craft_userpermissions_usergroups`
--
ALTER TABLE `craft_userpermissions_usergroups`
	ADD CONSTRAINT `craft_userpermissions_usergroups_groupId_fk` FOREIGN KEY (`groupId`) REFERENCES `craft_usergroups` (`id`) ON DELETE CASCADE,
	ADD CONSTRAINT `craft_userpermissions_usergroups_permissionId_fk` FOREIGN KEY (`permissionId`) REFERENCES `craft_userpermissions` (`id`) ON DELETE CASCADE;

--
-- Constraints for table `craft_userpermissions_users`
--
ALTER TABLE `craft_userpermissions_users`
	ADD CONSTRAINT `craft_userpermissions_users_permissionId_fk` FOREIGN KEY (`permissionId`) REFERENCES `craft_userpermissions` (`id`) ON DELETE CASCADE,
	ADD CONSTRAINT `craft_userpermissions_users_userId_fk` FOREIGN KEY (`userId`) REFERENCES `craft_users` (`id`) ON DELETE CASCADE;

--
-- Constraints for table `craft_users`
--
ALTER TABLE `craft_users`
	ADD CONSTRAINT `craft_users_id_fk` FOREIGN KEY (`id`) REFERENCES `craft_elements` (`id`) ON DELETE CASCADE,
	ADD CONSTRAINT `craft_users_preferredLocale_fk` FOREIGN KEY (`preferredLocale`) REFERENCES `craft_locales` (`locale`) ON DELETE SET NULL ON UPDATE CASCADE;

--
-- Constraints for table `craft_widgets`
--
ALTER TABLE `craft_widgets`
	ADD CONSTRAINT `craft_widgets_userId_fk` FOREIGN KEY (`userId`) REFERENCES `craft_users` (`id`) ON DELETE CASCADE;

SET FOREIGN_KEY_CHECKS = 1;
