-- Generated by Craft v2.3.2636 on Mar 12, 2015 6:37:50 PM.

--
-- Disable foreign key checks and autocommit.
--

SET FOREIGN_KEY_CHECKS = 0;
SET SQL_MODE = "NO_AUTO_VALUE_ON_ZERO";
SET AUTOCOMMIT = 0;
SET NAMES utf8;


DROP TABLE IF EXISTS `craft_assetfiles`;


--
-- Schema for table `craft_assetfiles`
--
CREATE TABLE `craft_assetfiles` (
  `id` int(11) NOT NULL,
  `sourceId` int(11) DEFAULT NULL,
  `folderId` int(11) NOT NULL,
  `filename` varchar(255) COLLATE utf8_unicode_ci NOT NULL,
  `kind` varchar(50) COLLATE utf8_unicode_ci NOT NULL DEFAULT 'unknown',
  `width` smallint(6) unsigned DEFAULT NULL,
  `height` smallint(6) unsigned DEFAULT NULL,
  `size` int(11) unsigned DEFAULT NULL,
  `dateModified` datetime DEFAULT NULL,
  `dateCreated` datetime NOT NULL,
  `dateUpdated` datetime NOT NULL,
  `uid` char(36) COLLATE utf8_unicode_ci NOT NULL DEFAULT '0',
  PRIMARY KEY (`id`),
  UNIQUE KEY `craft_assetfiles_filename_folderId_unq_idx` (`filename`,`folderId`),
  KEY `craft_assetfiles_sourceId_fk` (`sourceId`),
  KEY `craft_assetfiles_folderId_fk` (`folderId`)
) ENGINE=InnoDB DEFAULT CHARSET=utf8 COLLATE=utf8_unicode_ci;

--
-- Data for table `craft_assetfiles`
--

INSERT INTO `craft_assetfiles` (`id`, `sourceId`, `folderId`, `filename`, `kind`, `width`, `height`, `size`, `dateModified`, `dateCreated`, `dateUpdated`, `uid`) VALUES ('17', '1', '1', 'all-devices.jpg', 'image', '1000', '720', '99378', '2015-02-20 20:42:58', '2015-02-20 23:39:33', '2015-02-20 23:43:37', '16b98650-5e0d-4b7c-8eca-be83a900ffbd');
INSERT INTO `craft_assetfiles` (`id`, `sourceId`, `folderId`, `filename`, `kind`, `width`, `height`, `size`, `dateModified`, `dateCreated`, `dateUpdated`, `uid`) VALUES ('18', '1', '1', 'ed_image_web-cropped.jpg', 'image', '1600', '1145', '612633', '2015-02-08 22:02:37', '2015-02-20 23:39:34', '2015-02-20 23:43:39', '125753bc-d57f-4112-8599-39c418f7d9f8');
INSERT INTO `craft_assetfiles` (`id`, `sourceId`, `folderId`, `filename`, `kind`, `width`, `height`, `size`, `dateModified`, `dateCreated`, `dateUpdated`, `uid`) VALUES ('19', '1', '1', 'all-projects.svg', 'image', NULL, NULL, '1125', '2015-01-19 03:06:48', '2015-02-20 23:39:34', '2015-02-20 23:43:38', 'c32597d7-5cd3-40c4-918e-e01568e18d43');
INSERT INTO `craft_assetfiles` (`id`, `sourceId`, `folderId`, `filename`, `kind`, `width`, `height`, `size`, `dateModified`, `dateCreated`, `dateUpdated`, `uid`) VALUES ('20', '1', '1', 'ed_image_web-1200.jpg', 'image', '1600', '880', '582857', '2015-02-08 20:43:20', '2015-02-20 23:39:34', '2015-02-20 23:43:39', '59f7ff05-022a-4a04-a7e8-0ff6ee99ae26');
INSERT INTO `craft_assetfiles` (`id`, `sourceId`, `folderId`, `filename`, `kind`, `width`, `height`, `size`, `dateModified`, `dateCreated`, `dateUpdated`, `uid`) VALUES ('21', '1', '1', 'ed_image_web-nologo.jpg', 'image', '1600', '938', '531180', '2015-02-08 21:59:31', '2015-02-20 23:39:34', '2015-02-20 23:43:39', 'f843cdfa-9f4b-4fb2-b495-1b73970e4768');
INSERT INTO `craft_assetfiles` (`id`, `sourceId`, `folderId`, `filename`, `kind`, `width`, `height`, `size`, `dateModified`, `dateCreated`, `dateUpdated`, `uid`) VALUES ('22', '1', '1', 'ed_image_web.jpg', 'image', '2000', '1431', '1474918', '2015-02-08 00:49:53', '2015-02-20 23:39:35', '2015-02-20 23:43:39', '32b5f56d-bc8a-46df-b48e-ec4786f9c25e');
INSERT INTO `craft_assetfiles` (`id`, `sourceId`, `folderId`, `filename`, `kind`, `width`, `height`, `size`, `dateModified`, `dateCreated`, `dateUpdated`, `uid`) VALUES ('23', '1', '1', 'ed_logo_tiny.svg', 'image', NULL, NULL, '1650', '2015-02-13 19:37:08', '2015-02-20 23:39:35', '2015-02-20 23:43:39', 'a70bdddd-cb42-46c0-96d4-e51e277408b5');
INSERT INTO `craft_assetfiles` (`id`, `sourceId`, `folderId`, `filename`, `kind`, `width`, `height`, `size`, `dateModified`, `dateCreated`, `dateUpdated`, `uid`) VALUES ('24', '1', '1', 'glyphicons-halflings-white.png', 'image', '469', '159', '8777', '2015-01-03 17:33:23', '2015-02-20 23:39:36', '2015-02-20 23:43:40', '81de07c8-1fa9-446c-aa94-c356bff54e44');
INSERT INTO `craft_assetfiles` (`id`, `sourceId`, `folderId`, `filename`, `kind`, `width`, `height`, `size`, `dateModified`, `dateCreated`, `dateUpdated`, `uid`) VALUES ('25', '1', '1', 'glyphicons-halflings.png', 'image', '469', '159', '12799', '2015-01-03 17:33:23', '2015-02-20 23:39:36', '2015-02-20 23:43:40', 'ff81e7fe-6f44-4ff3-80fa-96bc3a20ac7d');
INSERT INTO `craft_assetfiles` (`id`, `sourceId`, `folderId`, `filename`, `kind`, `width`, `height`, `size`, `dateModified`, `dateCreated`, `dateUpdated`, `uid`) VALUES ('26', '1', '1', 'head.jpg', 'image', '2304', '3072', '719535', '2015-01-03 17:33:30', '2015-02-20 23:39:36', '2015-02-20 23:43:40', '1ef9d3fb-d887-4fa3-9b92-7d5f44fb7af1');
INSERT INTO `craft_assetfiles` (`id`, `sourceId`, `folderId`, `filename`, `kind`, `width`, `height`, `size`, `dateModified`, `dateCreated`, `dateUpdated`, `uid`) VALUES ('27', '1', '1', 'head2.jpg', 'image', '2304', '984', '752790', '2015-01-03 17:33:32', '2015-02-20 23:39:36', '2015-02-20 23:43:40', '27d32e8a-c8e2-43ef-ab2b-30f76b2374cc');
INSERT INTO `craft_assetfiles` (`id`, `sourceId`, `folderId`, `filename`, `kind`, `width`, `height`, `size`, `dateModified`, `dateCreated`, `dateUpdated`, `uid`) VALUES ('28', '1', '1', 'header_logo.png', 'image', '242', '91', '5666', '2015-01-03 17:33:32', '2015-02-20 23:39:37', '2015-02-20 23:43:40', '6701390b-599c-45a7-8954-c9b09d30fc4e');
INSERT INTO `craft_assetfiles` (`id`, `sourceId`, `folderId`, `filename`, `kind`, `width`, `height`, `size`, `dateModified`, `dateCreated`, `dateUpdated`, `uid`) VALUES ('29', '1', '1', 'logo-banner.svg', 'image', NULL, NULL, '1761', '2015-02-12 20:33:25', '2015-02-20 23:39:37', '2015-02-20 23:43:41', '8a8da424-a123-4674-9d07-38b27e350cad');
INSERT INTO `craft_assetfiles` (`id`, `sourceId`, `folderId`, `filename`, `kind`, `width`, `height`, `size`, `dateModified`, `dateCreated`, `dateUpdated`, `uid`) VALUES ('30', '1', '1', 'logo.svg', 'image', NULL, NULL, '5835', '2015-02-08 20:31:55', '2015-02-20 23:39:37', '2015-02-20 23:43:41', 'ecacf3b8-b069-457f-9ca1-60a8098e1496');
INSERT INTO `craft_assetfiles` (`id`, `sourceId`, `folderId`, `filename`, `kind`, `width`, `height`, `size`, `dateModified`, `dateCreated`, `dateUpdated`, `uid`) VALUES ('31', '1', '1', 'masthead-2.jpg', 'image', '968', '664', '39735', '2015-02-08 00:16:16', '2015-02-20 23:39:37', '2015-02-20 23:43:41', 'b4c8fa61-4aa0-4389-a5e6-02fa20357bde');
INSERT INTO `craft_assetfiles` (`id`, `sourceId`, `folderId`, `filename`, `kind`, `width`, `height`, `size`, `dateModified`, `dateCreated`, `dateUpdated`, `uid`) VALUES ('32', '1', '1', 'masthead.jpg', 'image', '1500', '993', '73584', '2015-01-16 03:00:12', '2015-02-20 23:39:38', '2015-02-20 23:43:41', 'bb8be5f1-7689-4ceb-9826-01fa26265a7d');
INSERT INTO `craft_assetfiles` (`id`, `sourceId`, `folderId`, `filename`, `kind`, `width`, `height`, `size`, `dateModified`, `dateCreated`, `dateUpdated`, `uid`) VALUES ('33', '1', '1', 'my_logo.png', 'image', NULL, NULL, '102416', '2015-01-03 17:33:45', '2015-02-20 23:39:38', '2015-02-20 23:43:41', '73121995-e98e-4330-ad66-9565c656a820');
INSERT INTO `craft_assetfiles` (`id`, `sourceId`, `folderId`, `filename`, `kind`, `width`, `height`, `size`, `dateModified`, `dateCreated`, `dateUpdated`, `uid`) VALUES ('34', '1', '1', 'my_logo.svg', 'image', NULL, NULL, '5200', '2015-01-03 17:33:45', '2015-02-20 23:39:38', '2015-02-20 23:43:42', '5bc7c366-24f8-4d0e-b8d7-7bbfb27a76e2');
INSERT INTO `craft_assetfiles` (`id`, `sourceId`, `folderId`, `filename`, `kind`, `width`, `height`, `size`, `dateModified`, `dateCreated`, `dateUpdated`, `uid`) VALUES ('35', '1', '5', 'dribbble.svg', 'image', NULL, NULL, '1550', '2015-01-19 01:07:51', '2015-02-20 23:39:38', '2015-02-20 23:43:42', 'a4f73790-4074-4270-980f-48a477dbd27d');
INSERT INTO `craft_assetfiles` (`id`, `sourceId`, `folderId`, `filename`, `kind`, `width`, `height`, `size`, `dateModified`, `dateCreated`, `dateUpdated`, `uid`) VALUES ('36', '1', '5', 'insta.svg', 'image', NULL, NULL, '1127', '2015-01-19 01:08:59', '2015-02-20 23:39:38', '2015-02-20 23:43:42', 'c30a4e05-1928-4653-94ce-e6b4fc000e95');
INSERT INTO `craft_assetfiles` (`id`, `sourceId`, `folderId`, `filename`, `kind`, `width`, `height`, `size`, `dateModified`, `dateCreated`, `dateUpdated`, `uid`) VALUES ('37', '1', '5', 'linkedin.svg', 'image', NULL, NULL, '995', '2015-01-19 01:14:56', '2015-02-20 23:39:39', '2015-02-20 23:43:42', '70cca8fc-eedd-482a-aff9-459605076b17');
INSERT INTO `craft_assetfiles` (`id`, `sourceId`, `folderId`, `filename`, `kind`, `width`, `height`, `size`, `dateModified`, `dateCreated`, `dateUpdated`, `uid`) VALUES ('38', '1', '5', 'twitter.svg', 'image', NULL, NULL, '1073', '2015-01-19 01:10:04', '2015-02-20 23:39:39', '2015-02-20 23:43:42', '6107758c-0fc1-4394-9ca5-b278f1505d6c');
INSERT INTO `craft_assetfiles` (`id`, `sourceId`, `folderId`, `filename`, `kind`, `width`, `height`, `size`, `dateModified`, `dateCreated`, `dateUpdated`, `uid`) VALUES ('41', '1', '8', 'canvan.jpg', 'image', '940', '700', '213643', '2015-02-20 23:41:44', '2015-02-20 23:41:44', '2015-03-11 22:43:25', 'a5a64cd9-371d-4ce2-91af-16c4201a26d7');
INSERT INTO `craft_assetfiles` (`id`, `sourceId`, `folderId`, `filename`, `kind`, `width`, `height`, `size`, `dateModified`, `dateCreated`, `dateUpdated`, `uid`) VALUES ('45', '1', '8', 'hero.jpg', 'image', '1500', '937', '221131', '2015-02-21 00:49:22', '2015-02-21 00:49:25', '2015-02-21 00:49:26', '6361113d-6780-4dc9-ba8f-9ac1b5b980e4');
INSERT INTO `craft_assetfiles` (`id`, `sourceId`, `folderId`, `filename`, `kind`, `width`, `height`, `size`, `dateModified`, `dateCreated`, `dateUpdated`, `uid`) VALUES ('97', '1', '1', 'hero.jpg', 'image', '900', '599', '136129', '2015-02-21 22:57:10', '2015-02-21 20:57:04', '2015-02-21 22:57:25', 'cbe2bf79-886d-4bd2-8f72-9250f7db5d47');
INSERT INTO `craft_assetfiles` (`id`, `sourceId`, `folderId`, `filename`, `kind`, `width`, `height`, `size`, `dateModified`, `dateCreated`, `dateUpdated`, `uid`) VALUES ('98', '1', '12', 'hero.jpg', 'image', '1500', '999', '653994', '2015-02-21 22:27:14', '2015-02-21 20:57:22', '2015-02-21 22:27:18', 'f5ff1695-28e2-471a-939d-add01245dc40');
INSERT INTO `craft_assetfiles` (`id`, `sourceId`, `folderId`, `filename`, `kind`, `width`, `height`, `size`, `dateModified`, `dateCreated`, `dateUpdated`, `uid`) VALUES ('99', '1', '16', 'hero.jpg', 'image', '1475', '983', '250587', '2015-03-12 18:04:57', '2015-02-21 21:00:51', '2015-03-12 18:04:59', '53c4827f-3cea-4c24-abba-8b00eeefcbb1');
INSERT INTO `craft_assetfiles` (`id`, `sourceId`, `folderId`, `filename`, `kind`, `width`, `height`, `size`, `dateModified`, `dateCreated`, `dateUpdated`, `uid`) VALUES ('106', '1', '13', 'hero.jpg', 'image', '2048', '1536', '1107007', '2015-02-21 23:47:34', '2015-02-21 23:47:46', '2015-02-21 23:47:47', '30a132bd-c41f-4cea-9a0d-9e00c28b2c42');
INSERT INTO `craft_assetfiles` (`id`, `sourceId`, `folderId`, `filename`, `kind`, `width`, `height`, `size`, `dateModified`, `dateCreated`, `dateUpdated`, `uid`) VALUES ('108', '1', '13', 'hero-2.jpg', 'image', '2048', '1536', '1179494', '2015-02-22 00:28:32', '2015-02-22 00:24:46', '2015-02-22 00:28:38', '165c22e8-f1e8-42e8-b77a-799d80ad9dc0');
INSERT INTO `craft_assetfiles` (`id`, `sourceId`, `folderId`, `filename`, `kind`, `width`, `height`, `size`, `dateModified`, `dateCreated`, `dateUpdated`, `uid`) VALUES ('109', '1', '16', 'unsigned_2up.jpg', 'image', '1300', '1258', '301341', '2015-02-23 19:29:31', '2015-02-23 19:09:14', '2015-02-23 19:29:33', '6030dfae-3673-4bfb-a23c-4c98c2da12b0');
INSERT INTO `craft_assetfiles` (`id`, `sourceId`, `folderId`, `filename`, `kind`, `width`, `height`, `size`, `dateModified`, `dateCreated`, `dateUpdated`, `uid`) VALUES ('111', '1', '16', 'unsigned_2up-2.jpg', 'image', '1500', '1452', '381653', '2015-02-23 19:57:16', '2015-02-23 19:57:17', '2015-02-23 19:57:17', 'f3bf599a-b882-44fc-9b52-ff74c6b91896');
INSERT INTO `craft_assetfiles` (`id`, `sourceId`, `folderId`, `filename`, `kind`, `width`, `height`, `size`, `dateModified`, `dateCreated`, `dateUpdated`, `uid`) VALUES ('112', '1', '16', 'unsigned-2.jpg', 'image', '1500', '2268', '460833', '2015-02-23 19:57:19', '2015-02-23 19:57:21', '2015-02-23 19:57:21', '79a57722-e1ae-4e5a-a338-bb7127d8bc35');
INSERT INTO `craft_assetfiles` (`id`, `sourceId`, `folderId`, `filename`, `kind`, `width`, `height`, `size`, `dateModified`, `dateCreated`, `dateUpdated`, `uid`) VALUES ('113', '1', '16', 'unsigned-1.jpg', 'image', '1300', '968', '428495', '2015-02-23 20:14:13', '2015-02-23 20:14:13', '2015-02-23 20:14:13', '11e33160-a3ef-4bc1-bb4a-ca0e952af923');
INSERT INTO `craft_assetfiles` (`id`, `sourceId`, `folderId`, `filename`, `kind`, `width`, `height`, `size`, `dateModified`, `dateCreated`, `dateUpdated`, `uid`) VALUES ('114', '1', '12', 'okt-2up.jpg', 'image', '1300', '859', '198340', '2015-02-23 21:31:39', '2015-02-23 20:55:21', '2015-02-23 21:31:42', '4bbedc0a-a793-423f-88ad-8def68f8a799');
INSERT INTO `craft_assetfiles` (`id`, `sourceId`, `folderId`, `filename`, `kind`, `width`, `height`, `size`, `dateModified`, `dateCreated`, `dateUpdated`, `uid`) VALUES ('116', '1', '12', 'oktoberfest_1.jpg', 'image', '940', '700', '372844', '2015-02-23 21:22:48', '2015-02-23 21:22:48', '2015-02-23 21:22:48', '5c6fbc4e-aa0b-46c8-be89-3d5235e91b01');
INSERT INTO `craft_assetfiles` (`id`, `sourceId`, `folderId`, `filename`, `kind`, `width`, `height`, `size`, `dateModified`, `dateCreated`, `dateUpdated`, `uid`) VALUES ('117', '1', '12', 'okt-2.jpg', 'image', '1310', '1196', '290901', '2015-02-23 21:29:22', '2015-02-23 21:29:22', '2015-02-23 21:29:22', 'a36b72f3-4b56-4346-a3f4-d3a482f74f4e');
INSERT INTO `craft_assetfiles` (`id`, `sourceId`, `folderId`, `filename`, `kind`, `width`, `height`, `size`, `dateModified`, `dateCreated`, `dateUpdated`, `uid`) VALUES ('119', '1', '12', 'okt-3.jpg', 'image', '1310', '2291', '304682', '2015-02-23 21:40:56', '2015-02-23 21:39:06', '2015-02-23 21:41:00', '889a8f5c-02d5-4f88-8003-6a2eb7f0bfa3');
INSERT INTO `craft_assetfiles` (`id`, `sourceId`, `folderId`, `filename`, `kind`, `width`, `height`, `size`, `dateModified`, `dateCreated`, `dateUpdated`, `uid`) VALUES ('121', '1', '17', 'hero.jpg', 'image', '1500', '782', '377196', '2015-02-23 21:46:41', '2015-02-23 21:45:49', '2015-02-23 21:46:45', 'b1c0db30-4a47-4cac-b866-895c74f56cc9');
INSERT INTO `craft_assetfiles` (`id`, `sourceId`, `folderId`, `filename`, `kind`, `width`, `height`, `size`, `dateModified`, `dateCreated`, `dateUpdated`, `uid`) VALUES ('125', '1', '17', 'hero-3.jpg', 'image', '1500', '862', '830530', '2015-02-23 22:09:56', '2015-02-23 22:08:04', '2015-02-23 22:09:58', '8086c863-379d-44f9-893f-c039ca24c2e2');
INSERT INTO `craft_assetfiles` (`id`, `sourceId`, `folderId`, `filename`, `kind`, `width`, `height`, `size`, `dateModified`, `dateCreated`, `dateUpdated`, `uid`) VALUES ('127', '1', '17', 'iphone5s_mockup_preview-o.jpg', 'image', '1500', '851', '589657', '2015-02-23 22:32:56', '2015-02-23 22:31:39', '2015-02-23 22:32:59', '5eca4afe-fc2c-4739-9b07-649c80629d80');
INSERT INTO `craft_assetfiles` (`id`, `sourceId`, `folderId`, `filename`, `kind`, `width`, `height`, `size`, `dateModified`, `dateCreated`, `dateUpdated`, `uid`) VALUES ('138', '1', '18', 'hero-2.jpg', 'image', '1500', '854', '197459', '2015-03-03 18:37:57', '2015-03-03 18:37:58', '2015-03-03 18:37:58', '22409a9c-042e-4749-8527-d3ab2aa2bdb1');
INSERT INTO `craft_assetfiles` (`id`, `sourceId`, `folderId`, `filename`, `kind`, `width`, `height`, `size`, `dateModified`, `dateCreated`, `dateUpdated`, `uid`) VALUES ('139', '1', '18', 'hero-crop.jpg', 'image', '1500', '750', '174249', '2015-03-03 18:38:56', '2015-03-03 18:38:56', '2015-03-03 18:38:56', 'ac6c6fdd-d738-4c87-93e6-9c980a3e87ec');
INSERT INTO `craft_assetfiles` (`id`, `sourceId`, `folderId`, `filename`, `kind`, `width`, `height`, `size`, `dateModified`, `dateCreated`, `dateUpdated`, `uid`) VALUES ('140', '1', '18', 'caroline_1.jpg', 'image', '940', '700', '214910', '2015-03-03 18:40:51', '2015-03-03 18:40:51', '2015-03-03 18:40:51', 'dbaa9732-c36f-4c56-be57-361768b21f52');
INSERT INTO `craft_assetfiles` (`id`, `sourceId`, `folderId`, `filename`, `kind`, `width`, `height`, `size`, `dateModified`, `dateCreated`, `dateUpdated`, `uid`) VALUES ('141', '1', '18', 'hero-3.jpg', 'image', '1381', '798', '206302', '2015-03-03 18:42:49', '2015-03-03 18:42:49', '2015-03-03 18:42:49', '6c674d88-df2b-4042-8eff-7bf0d17122ea');
INSERT INTO `craft_assetfiles` (`id`, `sourceId`, `folderId`, `filename`, `kind`, `width`, `height`, `size`, `dateModified`, `dateCreated`, `dateUpdated`, `uid`) VALUES ('142', '1', '18', 'creative-psd-macbook-pro-mockup-premium-psd-mocup-3b.jpg', 'image', '900', '599', '145016', '2015-03-03 18:50:00', '2015-03-03 18:50:00', '2015-03-03 18:50:00', '12ee0d65-441d-4312-99ef-65eae39bcc15');
INSERT INTO `craft_assetfiles` (`id`, `sourceId`, `folderId`, `filename`, `kind`, `width`, `height`, `size`, `dateModified`, `dateCreated`, `dateUpdated`, `uid`) VALUES ('143', '1', '18', '2-o.jpg', 'image', '1160', '773', '238954', '2015-03-03 19:13:52', '2015-03-03 19:13:52', '2015-03-03 19:13:52', 'e1876763-d7a0-4fd3-9082-e4f7d8007716');
INSERT INTO `craft_assetfiles` (`id`, `sourceId`, `folderId`, `filename`, `kind`, `width`, `height`, `size`, `dateModified`, `dateCreated`, `dateUpdated`, `uid`) VALUES ('144', '1', '18', 'hero-4.jpg', 'image', '1160', '670', '136938', '2015-03-03 19:15:14', '2015-03-03 19:15:14', '2015-03-03 19:15:14', '4ff3eb69-d1de-4ee1-bc4b-d2f47258004f');
INSERT INTO `craft_assetfiles` (`id`, `sourceId`, `folderId`, `filename`, `kind`, `width`, `height`, `size`, `dateModified`, `dateCreated`, `dateUpdated`, `uid`) VALUES ('145', '1', '18', 'mockup1-o.jpg', 'image', '1160', '601', '113794', '2015-03-03 20:29:18', '2015-03-03 20:27:36', '2015-03-03 20:29:20', '3db83c06-c0ed-4e76-877c-b00db1b23b4f');
INSERT INTO `craft_assetfiles` (`id`, `sourceId`, `folderId`, `filename`, `kind`, `width`, `height`, `size`, `dateModified`, `dateCreated`, `dateUpdated`, `uid`) VALUES ('147', '1', '18', 'preview-o.jpg', 'image', '580', '387', '119324', '2015-03-03 20:35:15', '2015-03-03 20:35:15', '2015-03-03 20:35:15', '68c00d5c-7455-4bca-a794-410612c43ddb');
INSERT INTO `craft_assetfiles` (`id`, `sourceId`, `folderId`, `filename`, `kind`, `width`, `height`, `size`, `dateModified`, `dateCreated`, `dateUpdated`, `uid`) VALUES ('148', '1', '15', 'product-preview-o.jpg', 'image', '1160', '772', '128390', '2015-03-03 20:38:38', '2015-03-03 20:38:38', '2015-03-03 20:38:38', 'a5e1bfdf-d34d-45f9-8d83-d792982ee363');
INSERT INTO `craft_assetfiles` (`id`, `sourceId`, `folderId`, `filename`, `kind`, `width`, `height`, `size`, `dateModified`, `dateCreated`, `dateUpdated`, `uid`) VALUES ('149', '1', '15', 'go_home.jpg', 'image', '940', '700', '309768', '2015-03-03 20:40:30', '2015-03-03 20:40:30', '2015-03-03 20:40:30', '82d530d0-b95a-46e5-a6f0-ad717697bcf8');
INSERT INTO `craft_assetfiles` (`id`, `sourceId`, `folderId`, `filename`, `kind`, `width`, `height`, `size`, `dateModified`, `dateCreated`, `dateUpdated`, `uid`) VALUES ('150', '1', '15', 'go_page_enter.jpg', 'image', '940', '700', '276421', '2015-03-03 20:40:31', '2015-03-03 20:40:32', '2015-03-03 20:40:32', 'bb5aeb87-7c60-444d-8521-d2424ec87c00');
INSERT INTO `craft_assetfiles` (`id`, `sourceId`, `folderId`, `filename`, `kind`, `width`, `height`, `size`, `dateModified`, `dateCreated`, `dateUpdated`, `uid`) VALUES ('151', '1', '17', 'lifefit_2up.jpg', 'image', '1200', '710', '160043', '2015-03-11 22:24:50', '2015-03-11 22:24:51', '2015-03-11 22:24:51', '41083e04-797e-41e3-bc3d-dc3af5bd19c4');
INSERT INTO `craft_assetfiles` (`id`, `sourceId`, `folderId`, `filename`, `kind`, `width`, `height`, `size`, `dateModified`, `dateCreated`, `dateUpdated`, `uid`) VALUES ('152', '1', '17', 'lifefit-1.jpg', 'image', '1200', '999', '243227', '2015-03-11 22:24:52', '2015-03-11 22:24:53', '2015-03-11 22:24:53', '467aa30f-1249-4684-95d2-34834dd2f94c');
INSERT INTO `craft_assetfiles` (`id`, `sourceId`, `folderId`, `filename`, `kind`, `width`, `height`, `size`, `dateModified`, `dateCreated`, `dateUpdated`, `uid`) VALUES ('153', '1', '17', 'lifefit-2.jpg', 'image', '1200', '1389', '268339', '2015-03-11 22:24:54', '2015-03-11 22:24:55', '2015-03-11 22:24:55', '3d339795-493c-4c28-b356-9387acd2a9d9');
INSERT INTO `craft_assetfiles` (`id`, `sourceId`, `folderId`, `filename`, `kind`, `width`, `height`, `size`, `dateModified`, `dateCreated`, `dateUpdated`, `uid`) VALUES ('154', '1', '8', 'canvan-1.jpg', 'image', '1200', '1389', '319054', '2015-03-11 22:43:03', '2015-03-11 22:43:04', '2015-03-11 22:43:29', '5c54c3b3-8af6-4f34-a3df-482f7105dbef');
INSERT INTO `craft_assetfiles` (`id`, `sourceId`, `folderId`, `filename`, `kind`, `width`, `height`, `size`, `dateModified`, `dateCreated`, `dateUpdated`, `uid`) VALUES ('155', '1', '8', 'canvan-2.jpg', 'image', '1200', '1995', '926147', '2015-03-12 00:34:55', '2015-03-11 22:43:08', '2015-03-12 00:34:58', '6ef93f9c-7348-40c2-a02e-be5a3c1f4686');
INSERT INTO `craft_assetfiles` (`id`, `sourceId`, `folderId`, `filename`, `kind`, `width`, `height`, `size`, `dateModified`, `dateCreated`, `dateUpdated`, `uid`) VALUES ('156', '1', '8', 'canvan-3.jpg', 'image', '1200', '1074', '299889', '2015-03-12 00:13:03', '2015-03-11 22:43:12', '2015-03-12 00:13:06', 'a1fa043c-0629-4f56-be01-689620e5a05a');
INSERT INTO `craft_assetfiles` (`id`, `sourceId`, `folderId`, `filename`, `kind`, `width`, `height`, `size`, `dateModified`, `dateCreated`, `dateUpdated`, `uid`) VALUES ('157', '1', '8', 'canvan-2up.jpg', 'image', '1200', '440', '210507', '2015-03-12 00:00:31', '2015-03-11 23:58:38', '2015-03-12 00:00:33', '6facfd2f-57af-4cc1-86a5-738170b305d1');
INSERT INTO `craft_assetfiles` (`id`, `sourceId`, `folderId`, `filename`, `kind`, `width`, `height`, `size`, `dateModified`, `dateCreated`, `dateUpdated`, `uid`) VALUES ('167', '1', '18', 'caroline-2.jpg', 'image', '1200', '1877', '349514', '2015-03-12 01:29:26', '2015-03-12 01:20:40', '2015-03-12 01:29:34', '4a916681-16f3-4795-8639-b397209ae2cf');
INSERT INTO `craft_assetfiles` (`id`, `sourceId`, `folderId`, `filename`, `kind`, `width`, `height`, `size`, `dateModified`, `dateCreated`, `dateUpdated`, `uid`) VALUES ('168', '1', '18', 'caroline-3.jpg', 'image', '1200', '1809', '259365', '2015-03-12 01:29:29', '2015-03-12 01:20:42', '2015-03-12 01:29:35', '5b49b082-9478-488d-8597-8541677732d9');
INSERT INTO `craft_assetfiles` (`id`, `sourceId`, `folderId`, `filename`, `kind`, `width`, `height`, `size`, `dateModified`, `dateCreated`, `dateUpdated`, `uid`) VALUES ('169', '1', '17', 'lifefit_logo.png', 'image', '1000', '498', '41198', '2015-03-12 12:24:49', '2015-03-12 12:23:25', '2015-03-12 12:25:01', 'e8360121-6cee-47a1-8118-2a9a9ba8b05b');
INSERT INTO `craft_assetfiles` (`id`, `sourceId`, `folderId`, `filename`, `kind`, `width`, `height`, `size`, `dateModified`, `dateCreated`, `dateUpdated`, `uid`) VALUES ('174', '1', '17', 'lifefit-mobile.jpg', 'image', '1200', '716', '58230', '2015-03-12 14:49:09', '2015-03-12 14:47:34', '2015-03-12 14:49:11', '195b1c63-a924-439e-960b-c17862d9b81c');
INSERT INTO `craft_assetfiles` (`id`, `sourceId`, `folderId`, `filename`, `kind`, `width`, `height`, `size`, `dateModified`, `dateCreated`, `dateUpdated`, `uid`) VALUES ('176', '1', '12', 'okt-mobile.jpg', 'image', '1200', '716', '129972', '2015-03-12 15:12:00', '2015-03-12 15:12:00', '2015-03-12 15:12:00', '4a99a1b4-3596-43fc-bb7d-bed0b3aee2b3');
INSERT INTO `craft_assetfiles` (`id`, `sourceId`, `folderId`, `filename`, `kind`, `width`, `height`, `size`, `dateModified`, `dateCreated`, `dateUpdated`, `uid`) VALUES ('177', '1', '8', 'canvan-mobile.jpg', 'image', '1200', '716', '149389', '2015-03-12 15:33:55', '2015-03-12 15:33:55', '2015-03-12 15:33:55', '31a2a7b2-d2d4-4181-888b-6d3667c46e0a');
INSERT INTO `craft_assetfiles` (`id`, `sourceId`, `folderId`, `filename`, `kind`, `width`, `height`, `size`, `dateModified`, `dateCreated`, `dateUpdated`, `uid`) VALUES ('178', '1', '15', 'golden-opener-1.jpg', 'image', '1200', '1954', '350513', '2015-03-12 15:47:40', '2015-03-12 15:47:41', '2015-03-12 15:47:41', '33b99d09-b840-49a3-abf6-ddca80da2c9e');
INSERT INTO `craft_assetfiles` (`id`, `sourceId`, `folderId`, `filename`, `kind`, `width`, `height`, `size`, `dateModified`, `dateCreated`, `dateUpdated`, `uid`) VALUES ('179', '1', '18', 'mobile.jpg', 'image', '1200', '716', '119736', '2015-03-12 16:17:53', '2015-03-12 16:17:54', '2015-03-12 16:17:54', '30d39768-fa83-4a4f-ab58-270704201228');
INSERT INTO `craft_assetfiles` (`id`, `sourceId`, `folderId`, `filename`, `kind`, `width`, `height`, `size`, `dateModified`, `dateCreated`, `dateUpdated`, `uid`) VALUES ('180', '1', '19', 'winter-beer-fest-2up.jpg', 'image', '1200', '755', '366773', '2015-03-12 17:09:32', '2015-03-12 17:09:33', '2015-03-12 17:22:23', '87f842b4-f79b-4d34-b2a0-8272b076c7c1');
INSERT INTO `craft_assetfiles` (`id`, `sourceId`, `folderId`, `filename`, `kind`, `width`, `height`, `size`, `dateModified`, `dateCreated`, `dateUpdated`, `uid`) VALUES ('181', '1', '19', 'winter-beer-fest.jpg', 'image', '940', '700', '294236', '2015-03-12 17:11:09', '2015-03-12 17:11:10', '2015-03-12 17:22:23', '9331312e-0214-4a7b-b915-1ec8ad1c64ea');
INSERT INTO `craft_assetfiles` (`id`, `sourceId`, `folderId`, `filename`, `kind`, `width`, `height`, `size`, `dateModified`, `dateCreated`, `dateUpdated`, `uid`) VALUES ('182', '1', '19', 'winter-beer-fest-mobile.jpg', 'image', '1200', '716', '67549', '2015-03-12 17:22:06', '2015-03-12 17:22:06', '2015-03-12 17:22:23', '3428e2f8-f8ca-49fc-983a-06654003c301');
INSERT INTO `craft_assetfiles` (`id`, `sourceId`, `folderId`, `filename`, `kind`, `width`, `height`, `size`, `dateModified`, `dateCreated`, `dateUpdated`, `uid`) VALUES ('184', '1', '19', 'logo.jpg', 'image', '1200', '716', '39275', '2015-03-12 17:27:00', '2015-03-12 17:27:00', '2015-03-12 17:27:00', 'd56b8976-24c4-4715-9a7d-3d0b8ead3c0b');
INSERT INTO `craft_assetfiles` (`id`, `sourceId`, `folderId`, `filename`, `kind`, `width`, `height`, `size`, `dateModified`, `dateCreated`, `dateUpdated`, `uid`) VALUES ('185', '1', '19', 'winter-beer-fest-2.jpg', 'image', '1200', '1450', '272641', '2015-03-12 17:28:11', '2015-03-12 17:28:12', '2015-03-12 17:28:12', 'ca93b92e-e2fa-4504-9407-d2a4846876f3');
INSERT INTO `craft_assetfiles` (`id`, `sourceId`, `folderId`, `filename`, `kind`, `width`, `height`, `size`, `dateModified`, `dateCreated`, `dateUpdated`, `uid`) VALUES ('186', '1', '16', 'unsigned-mobile-1.jpg', 'image', '1200', '716', '130163', '2015-03-12 17:44:40', '2015-03-12 17:44:41', '2015-03-12 17:44:41', '60c1cea2-8b0e-4053-a880-a5b398480a56');
INSERT INTO `craft_assetfiles` (`id`, `sourceId`, `folderId`, `filename`, `kind`, `width`, `height`, `size`, `dateModified`, `dateCreated`, `dateUpdated`, `uid`) VALUES ('187', '1', '16', 'unsigned-mobile-2.jpg', 'image', '1200', '716', '148676', '2015-03-12 17:48:12', '2015-03-12 17:44:42', '2015-03-12 17:48:14', '43ca58ae-979c-46f8-88ab-4251f19409c2');



DROP TABLE IF EXISTS `craft_assetfolders`;


--
-- Schema for table `craft_assetfolders`
--
CREATE TABLE `craft_assetfolders` (
  `id` int(11) NOT NULL AUTO_INCREMENT,
  `parentId` int(11) DEFAULT NULL,
  `sourceId` int(11) DEFAULT NULL,
  `name` varchar(255) COLLATE utf8_unicode_ci NOT NULL,
  `path` varchar(255) COLLATE utf8_unicode_ci DEFAULT NULL,
  `dateCreated` datetime NOT NULL,
  `dateUpdated` datetime NOT NULL,
  `uid` char(36) COLLATE utf8_unicode_ci NOT NULL DEFAULT '0',
  PRIMARY KEY (`id`),
  UNIQUE KEY `craft_assetfolders_name_parentId_sourceId_unq_idx` (`name`,`parentId`,`sourceId`),
  KEY `craft_assetfolders_parentId_fk` (`parentId`),
  KEY `craft_assetfolders_sourceId_fk` (`sourceId`)
) ENGINE=InnoDB AUTO_INCREMENT=20 DEFAULT CHARSET=utf8 COLLATE=utf8_unicode_ci;

--
-- Data for table `craft_assetfolders`
--

INSERT INTO `craft_assetfolders` (`id`, `parentId`, `sourceId`, `name`, `path`, `dateCreated`, `dateUpdated`, `uid`) VALUES ('1', NULL, '1', 'Project Images', '', '2015-02-20 23:27:06', '2015-02-20 23:27:06', '6acea1c1-a507-48dc-8bf5-434a45d36d68');
INSERT INTO `craft_assetfolders` (`id`, `parentId`, `sourceId`, `name`, `path`, `dateCreated`, `dateUpdated`, `uid`) VALUES ('5', '1', '1', 'social', 'social/', '2015-02-20 23:39:33', '2015-02-20 23:39:33', '3699691f-d2ba-4b57-8115-4df9730d704e');
INSERT INTO `craft_assetfolders` (`id`, `parentId`, `sourceId`, `name`, `path`, `dateCreated`, `dateUpdated`, `uid`) VALUES ('8', '1', '1', 'can-van', 'can-van/', '2015-02-20 23:41:07', '2015-02-20 23:41:07', '860f063e-a5a8-48b5-b04a-0b84856d013b');
INSERT INTO `craft_assetfolders` (`id`, `parentId`, `sourceId`, `name`, `path`, `dateCreated`, `dateUpdated`, `uid`) VALUES ('9', NULL, NULL, 'Temporary source', NULL, '2015-02-21 16:22:49', '2015-02-21 16:22:49', '6af3d16d-3c1b-4bc2-9790-420da8770fd7');
INSERT INTO `craft_assetfolders` (`id`, `parentId`, `sourceId`, `name`, `path`, `dateCreated`, `dateUpdated`, `uid`) VALUES ('10', '9', NULL, 'user_1', NULL, '2015-02-21 16:22:49', '2015-02-21 16:22:49', 'e62a4d72-410e-4f1a-bd0c-9b285adc71e2');
INSERT INTO `craft_assetfolders` (`id`, `parentId`, `sourceId`, `name`, `path`, `dateCreated`, `dateUpdated`, `uid`) VALUES ('11', '10', NULL, 'field_7', 'field_7/', '2015-02-21 16:22:49', '2015-02-21 16:22:49', '55675273-046e-4a47-a491-dfa2d6e0c31a');
INSERT INTO `craft_assetfolders` (`id`, `parentId`, `sourceId`, `name`, `path`, `dateCreated`, `dateUpdated`, `uid`) VALUES ('12', '1', '1', 'oktoberfest', 'oktoberfest/', '2015-02-21 16:30:15', '2015-02-21 16:30:15', 'efdf5fad-c9ef-42e7-9ded-69303869396e');
INSERT INTO `craft_assetfolders` (`id`, `parentId`, `sourceId`, `name`, `path`, `dateCreated`, `dateUpdated`, `uid`) VALUES ('13', '1', '1', 'winter-cbf', 'winter-cbf/', '2015-02-21 16:30:24', '2015-02-21 16:30:24', '6783512d-03a5-4574-a83c-efc56da442d5');
INSERT INTO `craft_assetfolders` (`id`, `parentId`, `sourceId`, `name`, `path`, `dateCreated`, `dateUpdated`, `uid`) VALUES ('15', '1', '1', 'find-gold', 'find-gold/', '2015-02-21 16:30:47', '2015-02-21 16:30:47', '44d9d6b3-9561-4721-9f7f-8570cc579172');
INSERT INTO `craft_assetfolders` (`id`, `parentId`, `sourceId`, `name`, `path`, `dateCreated`, `dateUpdated`, `uid`) VALUES ('16', '1', '1', 'unsigned', 'unsigned/', '2015-02-21 16:31:02', '2015-02-21 16:31:02', 'ee3b83d0-5bb5-4c3e-8a0d-4ba593d14be7');
INSERT INTO `craft_assetfolders` (`id`, `parentId`, `sourceId`, `name`, `path`, `dateCreated`, `dateUpdated`, `uid`) VALUES ('17', '1', '1', 'life-fit', 'life-fit/', '2015-02-21 16:31:14', '2015-02-21 16:31:14', '0b1d34fd-02b0-4091-ae1a-dd1b833a1c98');
INSERT INTO `craft_assetfolders` (`id`, `parentId`, `sourceId`, `name`, `path`, `dateCreated`, `dateUpdated`, `uid`) VALUES ('18', '1', '1', 'caroline', 'caroline/', '2015-02-23 21:43:49', '2015-02-23 21:43:49', '6aff7b4b-99a4-4e61-89da-f378c4fcc39c');
INSERT INTO `craft_assetfolders` (`id`, `parentId`, `sourceId`, `name`, `path`, `dateCreated`, `dateUpdated`, `uid`) VALUES ('19', '1', '1', 'winter-beer-festival', 'winter-beer-festival/', '2015-03-12 17:22:23', '2015-03-12 17:22:23', '319574bd-67cf-4bfc-9a79-986561a7d483');



DROP TABLE IF EXISTS `craft_assetindexdata`;


--
-- Schema for table `craft_assetindexdata`
--
CREATE TABLE `craft_assetindexdata` (
  `id` int(11) NOT NULL AUTO_INCREMENT,
  `sessionId` varchar(36) COLLATE utf8_unicode_ci NOT NULL DEFAULT '',
  `sourceId` int(10) NOT NULL,
  `offset` int(10) NOT NULL,
  `uri` varchar(255) COLLATE utf8_unicode_ci DEFAULT NULL,
  `size` int(10) DEFAULT NULL,
  `recordId` int(10) DEFAULT NULL,
  `dateCreated` datetime NOT NULL,
  `dateUpdated` datetime NOT NULL,
  `uid` char(36) COLLATE utf8_unicode_ci NOT NULL DEFAULT '0',
  PRIMARY KEY (`id`),
  UNIQUE KEY `craft_assetindexdata_sessionId_sourceId_offset_unq_idx` (`sessionId`,`sourceId`,`offset`),
  KEY `craft_assetindexdata_sourceId_fk` (`sourceId`)
) ENGINE=InnoDB DEFAULT CHARSET=utf8 COLLATE=utf8_unicode_ci;

DROP TABLE IF EXISTS `craft_assetsources`;


--
-- Schema for table `craft_assetsources`
--
CREATE TABLE `craft_assetsources` (
  `id` int(11) NOT NULL AUTO_INCREMENT,
  `name` varchar(255) COLLATE utf8_unicode_ci NOT NULL,
  `handle` varchar(255) COLLATE utf8_unicode_ci NOT NULL,
  `type` varchar(150) COLLATE utf8_unicode_ci NOT NULL,
  `settings` text COLLATE utf8_unicode_ci,
  `sortOrder` tinyint(4) DEFAULT NULL,
  `fieldLayoutId` int(10) DEFAULT NULL,
  `dateCreated` datetime NOT NULL,
  `dateUpdated` datetime NOT NULL,
  `uid` char(36) COLLATE utf8_unicode_ci NOT NULL DEFAULT '0',
  PRIMARY KEY (`id`),
  UNIQUE KEY `craft_assetsources_name_unq_idx` (`name`),
  UNIQUE KEY `craft_assetsources_handle_unq_idx` (`handle`),
  KEY `craft_assetsources_fieldLayoutId_fk` (`fieldLayoutId`)
) ENGINE=InnoDB AUTO_INCREMENT=2 DEFAULT CHARSET=utf8 COLLATE=utf8_unicode_ci;

--
-- Data for table `craft_assetsources`
--

INSERT INTO `craft_assetsources` (`id`, `name`, `handle`, `type`, `settings`, `sortOrder`, `fieldLayoutId`, `dateCreated`, `dateUpdated`, `uid`) VALUES ('1', 'Project Images', 'project_images', 'Local', '{\"path\":\"\\/Users\\/ed\\/Desktop\\/DESIGN\\/personal_work\\/current\\/website\\/portfolio\\/builds\\/development\\/img\\/\",\"url\":\"http:\\/\\/ellendykes.dev:8888\\/img\\/\"}', '1', '15', '2015-02-20 23:27:06', '2015-02-21 20:43:53', '3c6b7734-b3e4-424b-b291-adf6a766573a');



DROP TABLE IF EXISTS `craft_assettransformindex`;


--
-- Schema for table `craft_assettransformindex`
--
CREATE TABLE `craft_assettransformindex` (
  `id` int(11) NOT NULL AUTO_INCREMENT,
  `fileId` int(11) NOT NULL,
  `filename` varchar(255) COLLATE utf8_unicode_ci DEFAULT NULL,
  `format` varchar(255) COLLATE utf8_unicode_ci DEFAULT NULL,
  `location` varchar(255) COLLATE utf8_unicode_ci NOT NULL,
  `sourceId` int(11) DEFAULT NULL,
  `fileExists` tinyint(1) DEFAULT NULL,
  `inProgress` tinyint(1) DEFAULT NULL,
  `dateIndexed` datetime DEFAULT NULL,
  `dateCreated` datetime NOT NULL,
  `dateUpdated` datetime NOT NULL,
  `uid` char(36) COLLATE utf8_unicode_ci NOT NULL DEFAULT '0',
  PRIMARY KEY (`id`),
  KEY `craft_assettransformindex_sourceId_fileId_location_idx` (`sourceId`,`fileId`,`location`)
) ENGINE=InnoDB DEFAULT CHARSET=utf8 COLLATE=utf8_unicode_ci;

DROP TABLE IF EXISTS `craft_assettransforms`;


--
-- Schema for table `craft_assettransforms`
--
CREATE TABLE `craft_assettransforms` (
  `id` int(11) NOT NULL AUTO_INCREMENT,
  `name` varchar(255) COLLATE utf8_unicode_ci NOT NULL,
  `handle` varchar(255) COLLATE utf8_unicode_ci NOT NULL,
  `mode` enum('stretch','fit','crop') COLLATE utf8_unicode_ci NOT NULL DEFAULT 'crop',
  `position` enum('top-left','top-center','top-right','center-left','center-center','center-right','bottom-left','bottom-center','bottom-right') COLLATE utf8_unicode_ci NOT NULL DEFAULT 'center-center',
  `height` int(10) DEFAULT NULL,
  `width` int(10) DEFAULT NULL,
  `format` varchar(255) COLLATE utf8_unicode_ci DEFAULT NULL,
  `quality` int(10) DEFAULT NULL,
  `dimensionChangeTime` datetime DEFAULT NULL,
  `dateCreated` datetime NOT NULL,
  `dateUpdated` datetime NOT NULL,
  `uid` char(36) COLLATE utf8_unicode_ci NOT NULL DEFAULT '0',
  PRIMARY KEY (`id`),
  UNIQUE KEY `craft_assettransforms_name_unq_idx` (`name`),
  UNIQUE KEY `craft_assettransforms_handle_unq_idx` (`handle`)
) ENGINE=InnoDB DEFAULT CHARSET=utf8 COLLATE=utf8_unicode_ci;

DROP TABLE IF EXISTS `craft_categories`;


--
-- Schema for table `craft_categories`
--
CREATE TABLE `craft_categories` (
  `id` int(11) NOT NULL,
  `groupId` int(11) NOT NULL,
  `dateCreated` datetime NOT NULL,
  `dateUpdated` datetime NOT NULL,
  `uid` char(36) COLLATE utf8_unicode_ci NOT NULL DEFAULT '0',
  PRIMARY KEY (`id`),
  KEY `craft_categories_groupId_fk` (`groupId`)
) ENGINE=InnoDB DEFAULT CHARSET=utf8 COLLATE=utf8_unicode_ci;

DROP TABLE IF EXISTS `craft_categorygroups`;


--
-- Schema for table `craft_categorygroups`
--
CREATE TABLE `craft_categorygroups` (
  `id` int(11) NOT NULL AUTO_INCREMENT,
  `structureId` int(11) NOT NULL,
  `fieldLayoutId` int(11) DEFAULT NULL,
  `name` varchar(255) COLLATE utf8_unicode_ci NOT NULL,
  `handle` varchar(255) COLLATE utf8_unicode_ci NOT NULL,
  `hasUrls` tinyint(1) unsigned NOT NULL DEFAULT '1',
  `template` varchar(500) COLLATE utf8_unicode_ci DEFAULT NULL,
  `dateCreated` datetime NOT NULL,
  `dateUpdated` datetime NOT NULL,
  `uid` char(36) COLLATE utf8_unicode_ci NOT NULL DEFAULT '0',
  PRIMARY KEY (`id`),
  UNIQUE KEY `craft_categorygroups_name_unq_idx` (`name`),
  UNIQUE KEY `craft_categorygroups_handle_unq_idx` (`handle`),
  KEY `craft_categorygroups_structureId_fk` (`structureId`),
  KEY `craft_categorygroups_fieldLayoutId_fk` (`fieldLayoutId`)
) ENGINE=InnoDB DEFAULT CHARSET=utf8 COLLATE=utf8_unicode_ci;

DROP TABLE IF EXISTS `craft_categorygroups_i18n`;


--
-- Schema for table `craft_categorygroups_i18n`
--
CREATE TABLE `craft_categorygroups_i18n` (
  `id` int(11) NOT NULL AUTO_INCREMENT,
  `groupId` int(11) NOT NULL,
  `locale` char(12) COLLATE utf8_unicode_ci NOT NULL,
  `urlFormat` varchar(255) COLLATE utf8_unicode_ci DEFAULT NULL,
  `nestedUrlFormat` varchar(255) COLLATE utf8_unicode_ci DEFAULT NULL,
  `dateCreated` datetime NOT NULL,
  `dateUpdated` datetime NOT NULL,
  `uid` char(36) COLLATE utf8_unicode_ci NOT NULL DEFAULT '0',
  PRIMARY KEY (`id`),
  UNIQUE KEY `craft_categorygroups_i18n_groupId_locale_unq_idx` (`groupId`,`locale`),
  KEY `craft_categorygroups_i18n_locale_fk` (`locale`)
) ENGINE=InnoDB DEFAULT CHARSET=utf8 COLLATE=utf8_unicode_ci;

DROP TABLE IF EXISTS `craft_content`;


--
-- Schema for table `craft_content`
--
CREATE TABLE `craft_content` (
  `id` int(11) NOT NULL AUTO_INCREMENT,
  `elementId` int(11) NOT NULL,
  `locale` char(12) COLLATE utf8_unicode_ci NOT NULL,
  `title` varchar(255) COLLATE utf8_unicode_ci DEFAULT NULL,
  `field_project_descrip` text COLLATE utf8_unicode_ci,
  `dateCreated` datetime NOT NULL,
  `dateUpdated` datetime NOT NULL,
  `uid` char(36) COLLATE utf8_unicode_ci NOT NULL DEFAULT '0',
  PRIMARY KEY (`id`),
  UNIQUE KEY `craft_content_elementId_locale_unq_idx` (`elementId`,`locale`),
  KEY `craft_content_title_idx` (`title`),
  KEY `craft_content_locale_fk` (`locale`)
) ENGINE=InnoDB AUTO_INCREMENT=140 DEFAULT CHARSET=utf8 COLLATE=utf8_unicode_ci;

--
-- Data for table `craft_content`
--

INSERT INTO `craft_content` (`id`, `elementId`, `locale`, `title`, `field_project_descrip`, `dateCreated`, `dateUpdated`, `uid`) VALUES ('1', '1', 'en_us', NULL, NULL, '2015-02-20 22:12:57', '2015-02-20 22:12:57', 'c29b3e60-f21a-4151-b7e1-d33253f76ba6');
INSERT INTO `craft_content` (`id`, `elementId`, `locale`, `title`, `field_project_descrip`, `dateCreated`, `dateUpdated`, `uid`) VALUES ('2', '2', 'en_us', 'Welcome to Ellendykes.dev!', NULL, '2015-02-20 22:13:00', '2015-02-20 22:13:00', 'ae7ba84d-b095-462e-a8f8-31c1788c8625');
INSERT INTO `craft_content` (`id`, `elementId`, `locale`, `title`, `field_project_descrip`, `dateCreated`, `dateUpdated`, `uid`) VALUES ('4', '4', 'en_us', 'Steam Whistle\'s Can Van', '<p>This microsite highlights Steam Whistle\'s unique Can Van package. This 10-pack is modeled after Steam Whistle\'s classic 1967 Ford Econoline Heavy Duty, designed to bring the party wherever it goes! When fans visit the site they can learn more about Steam Whistle\'s vintage vehicle fleet, the Steam Machine, where they can find a Can Van plus what other fans are posting about the Can Van.</p>', '2015-02-20 22:44:38', '2015-03-12 15:33:58', '1f332272-f1aa-4f18-aa27-86d5a1a58e15');
INSERT INTO `craft_content` (`id`, `elementId`, `locale`, `title`, `field_project_descrip`, `dateCreated`, `dateUpdated`, `uid`) VALUES ('12', '17', 'en_us', 'all-devices', NULL, '2015-02-20 23:39:33', '2015-02-20 23:43:37', '98d6e74b-0afa-4eb4-98a9-846288829f04');
INSERT INTO `craft_content` (`id`, `elementId`, `locale`, `title`, `field_project_descrip`, `dateCreated`, `dateUpdated`, `uid`) VALUES ('13', '18', 'en_us', 'ed image web-cropped', NULL, '2015-02-20 23:39:34', '2015-02-20 23:43:39', 'dc32251d-00cc-432b-a409-4ba8df5d60a8');
INSERT INTO `craft_content` (`id`, `elementId`, `locale`, `title`, `field_project_descrip`, `dateCreated`, `dateUpdated`, `uid`) VALUES ('14', '19', 'en_us', 'all-projects', NULL, '2015-02-20 23:39:34', '2015-02-20 23:43:38', '65602586-1843-4c7e-821b-871eb6d140a6');
INSERT INTO `craft_content` (`id`, `elementId`, `locale`, `title`, `field_project_descrip`, `dateCreated`, `dateUpdated`, `uid`) VALUES ('15', '20', 'en_us', 'ed image web-1200', NULL, '2015-02-20 23:39:34', '2015-02-20 23:43:39', 'ab24f8c1-c501-41c6-a894-701a51e2a963');
INSERT INTO `craft_content` (`id`, `elementId`, `locale`, `title`, `field_project_descrip`, `dateCreated`, `dateUpdated`, `uid`) VALUES ('16', '21', 'en_us', 'ed image web-nologo', NULL, '2015-02-20 23:39:34', '2015-02-20 23:43:39', '3b09de35-a7f3-4469-aa17-02ae385519f2');
INSERT INTO `craft_content` (`id`, `elementId`, `locale`, `title`, `field_project_descrip`, `dateCreated`, `dateUpdated`, `uid`) VALUES ('17', '22', 'en_us', 'ed image web', NULL, '2015-02-20 23:39:35', '2015-02-20 23:43:39', '63a943b9-b17d-44ea-962f-4db2117e432f');
INSERT INTO `craft_content` (`id`, `elementId`, `locale`, `title`, `field_project_descrip`, `dateCreated`, `dateUpdated`, `uid`) VALUES ('18', '23', 'en_us', 'ed logo tiny', NULL, '2015-02-20 23:39:35', '2015-02-20 23:43:39', '37957f7b-4ed7-4a4a-b7ad-5970d5770dd6');
INSERT INTO `craft_content` (`id`, `elementId`, `locale`, `title`, `field_project_descrip`, `dateCreated`, `dateUpdated`, `uid`) VALUES ('19', '24', 'en_us', 'glyphicons-halflings-white', NULL, '2015-02-20 23:39:36', '2015-02-20 23:43:40', '27e701cc-aad9-496e-b83e-9b3627442fcc');
INSERT INTO `craft_content` (`id`, `elementId`, `locale`, `title`, `field_project_descrip`, `dateCreated`, `dateUpdated`, `uid`) VALUES ('20', '25', 'en_us', 'glyphicons-halflings', NULL, '2015-02-20 23:39:36', '2015-02-20 23:43:40', '4a121176-8bd5-4196-a721-474874204238');
INSERT INTO `craft_content` (`id`, `elementId`, `locale`, `title`, `field_project_descrip`, `dateCreated`, `dateUpdated`, `uid`) VALUES ('21', '26', 'en_us', 'head', NULL, '2015-02-20 23:39:36', '2015-02-20 23:43:40', '5a2edc4a-89c6-4d81-9e44-868ce6b0e9bc');
INSERT INTO `craft_content` (`id`, `elementId`, `locale`, `title`, `field_project_descrip`, `dateCreated`, `dateUpdated`, `uid`) VALUES ('22', '27', 'en_us', 'head2', NULL, '2015-02-20 23:39:36', '2015-02-20 23:43:40', '02ff6f50-ce48-453d-bca0-4b2941eb4693');
INSERT INTO `craft_content` (`id`, `elementId`, `locale`, `title`, `field_project_descrip`, `dateCreated`, `dateUpdated`, `uid`) VALUES ('23', '28', 'en_us', 'header logo', NULL, '2015-02-20 23:39:37', '2015-02-20 23:43:40', '89fa12b5-d36a-4655-889a-ba2ffea4872d');
INSERT INTO `craft_content` (`id`, `elementId`, `locale`, `title`, `field_project_descrip`, `dateCreated`, `dateUpdated`, `uid`) VALUES ('24', '29', 'en_us', 'logo-banner', NULL, '2015-02-20 23:39:37', '2015-02-20 23:43:41', '4dd41952-299b-46b7-8502-f8ce8a67cb11');
INSERT INTO `craft_content` (`id`, `elementId`, `locale`, `title`, `field_project_descrip`, `dateCreated`, `dateUpdated`, `uid`) VALUES ('25', '30', 'en_us', 'logo', NULL, '2015-02-20 23:39:37', '2015-02-20 23:43:41', '491796ee-f5ef-40da-99ae-f774130a4594');
INSERT INTO `craft_content` (`id`, `elementId`, `locale`, `title`, `field_project_descrip`, `dateCreated`, `dateUpdated`, `uid`) VALUES ('26', '31', 'en_us', 'masthead-2', NULL, '2015-02-20 23:39:37', '2015-02-20 23:43:41', '67245244-17ee-4418-aec1-2b91c87dac19');
INSERT INTO `craft_content` (`id`, `elementId`, `locale`, `title`, `field_project_descrip`, `dateCreated`, `dateUpdated`, `uid`) VALUES ('27', '32', 'en_us', 'masthead', NULL, '2015-02-20 23:39:38', '2015-02-20 23:43:41', '94219437-dbce-401a-9456-d0b363b68c76');
INSERT INTO `craft_content` (`id`, `elementId`, `locale`, `title`, `field_project_descrip`, `dateCreated`, `dateUpdated`, `uid`) VALUES ('28', '33', 'en_us', 'my logo', NULL, '2015-02-20 23:39:38', '2015-02-20 23:43:41', '180e08b3-1c4b-4de6-b333-9a89e08151ec');
INSERT INTO `craft_content` (`id`, `elementId`, `locale`, `title`, `field_project_descrip`, `dateCreated`, `dateUpdated`, `uid`) VALUES ('29', '34', 'en_us', 'my logo', NULL, '2015-02-20 23:39:38', '2015-02-20 23:43:42', '516748a3-decb-4e69-b934-b124a82f2776');
INSERT INTO `craft_content` (`id`, `elementId`, `locale`, `title`, `field_project_descrip`, `dateCreated`, `dateUpdated`, `uid`) VALUES ('30', '35', 'en_us', 'dribbble', NULL, '2015-02-20 23:39:38', '2015-02-20 23:43:42', '439ca0e9-56b9-4d4d-9b4b-5050c757d82d');
INSERT INTO `craft_content` (`id`, `elementId`, `locale`, `title`, `field_project_descrip`, `dateCreated`, `dateUpdated`, `uid`) VALUES ('31', '36', 'en_us', 'insta', NULL, '2015-02-20 23:39:38', '2015-02-20 23:43:42', '9f4cc6fe-e87d-484e-8072-65d46b8d7ecd');
INSERT INTO `craft_content` (`id`, `elementId`, `locale`, `title`, `field_project_descrip`, `dateCreated`, `dateUpdated`, `uid`) VALUES ('32', '37', 'en_us', 'linkedin', NULL, '2015-02-20 23:39:39', '2015-02-20 23:43:42', '600af522-4ad5-41dc-b43c-25edb3902976');
INSERT INTO `craft_content` (`id`, `elementId`, `locale`, `title`, `field_project_descrip`, `dateCreated`, `dateUpdated`, `uid`) VALUES ('33', '38', 'en_us', 'twitter', NULL, '2015-02-20 23:39:39', '2015-02-20 23:43:42', 'e6960792-b262-48a5-958f-a929e77a177b');
INSERT INTO `craft_content` (`id`, `elementId`, `locale`, `title`, `field_project_descrip`, `dateCreated`, `dateUpdated`, `uid`) VALUES ('36', '41', 'en_us', 'canvan-1', NULL, '2015-02-20 23:41:44', '2015-03-11 22:43:25', '756a92da-b242-4cdc-85fe-41da1cdb7335');
INSERT INTO `craft_content` (`id`, `elementId`, `locale`, `title`, `field_project_descrip`, `dateCreated`, `dateUpdated`, `uid`) VALUES ('40', '45', 'en_us', 'hero', NULL, '2015-02-21 00:49:25', '2015-02-21 00:49:26', '21b4389b-46d6-46fd-bca3-a82bd4286007');
INSERT INTO `craft_content` (`id`, `elementId`, `locale`, `title`, `field_project_descrip`, `dateCreated`, `dateUpdated`, `uid`) VALUES ('41', '46', 'en_us', 'Life Fit Fitness Studio', '<p>Life Fit is a waterfront fitness studio based in New Zealand. The small private studio offers a number of amentities including group fitness classes, personal training and a sauna. The responsive website gives patrons access to information about the classes offered, personal training services and rates, even for the athelete always on-the-go.</p>', '2015-02-21 16:23:52', '2015-03-12 14:47:41', '1e964396-b5a2-4a37-8804-25643254fde6');
INSERT INTO `craft_content` (`id`, `elementId`, `locale`, `title`, `field_project_descrip`, `dateCreated`, `dateUpdated`, `uid`) VALUES ('42', '52', 'en_us', 'Unsigned Indie Music Series', '<p>Steam Whistle Unsigned is an ongoing concert series that showcases Canada\'s indie music talent, while also developing its future. Hosted in Toronto, Edmonton, Calgary and Vancouver each edition of Unsigned features Canadian artists with all of the ticket sales going back to the arts community. The website houses an archive of each Unsigned show with photos and video, and provides event listings for upcoming Unsigned shows and other local music acts. Built on the Craft content management system, events professionals are able to add and update new shows and annoucements.</p>', '2015-02-21 16:24:47', '2015-03-12 18:05:02', '7ec60ada-2ea6-480e-96f4-57357d2df10a');
INSERT INTO `craft_content` (`id`, `elementId`, `locale`, `title`, `field_project_descrip`, `dateCreated`, `dateUpdated`, `uid`) VALUES ('43', '59', 'en_us', 'Winter Craft Beer Festival', '<p>Every year Steam Whistle invites its craft brethern to Roundhouse Park to host an outdoor winter beer festival, challengning beer fans to drink cold beer outside in the Canadian winter. This site provides information on the festival, which breweries will participate, and how to buy tickets to this crazy Canuck festival.</p>', '2015-02-21 16:26:49', '2015-03-12 17:28:37', '5782fdeb-b82b-4fc1-9b9a-72a435a5c109');
INSERT INTO `craft_content` (`id`, `elementId`, `locale`, `title`, `field_project_descrip`, `dateCreated`, `dateUpdated`, `uid`) VALUES ('44', '66', 'en_us', 'Caroline Gaspar\'s Portfolio', '<p>I was very excited when a good friend approached me to help launch her portfolio website. Working with her designs, I created a responsive and interactive site to bring her work to the web. I definitely wanted to get her set up on an content managment platform so she could continue to add projects or edit content as needed, and with its easy-to-use intuitive backend, the Craft CMS was the perfect fit.</p>', '2015-02-21 16:28:03', '2015-03-12 16:17:56', 'fb02c430-80f0-4bc9-938d-2a6883bcdfd5');
INSERT INTO `craft_content` (`id`, `elementId`, `locale`, `title`, `field_project_descrip`, `dateCreated`, `dateUpdated`, `uid`) VALUES ('45', '72', 'en_us', 'Steam Whistle\'s Oktoberfest', '<p>\r\n	Oktoberfest has become the world\'s largest festival where millions of people gather to celebrate beer. Steam Whistle brings this legendary celebration closer to home with their custom 1-Litre steins and celebrations in a number of Canadian cities. The microsite provides information about the brewery festival including party locations, helpful German phrases, and where Oktoberfest fans can get their own Steam Whistle stein. Prosit!\r\n</p>', '2015-02-21 16:28:54', '2015-03-12 15:12:04', 'b46f16ea-cd33-4d9e-9bb3-526064db4786');
INSERT INTO `craft_content` (`id`, `elementId`, `locale`, `title`, `field_project_descrip`, `dateCreated`, `dateUpdated`, `uid`) VALUES ('46', '78', 'en_us', 'Find Gold Contest Page', '<p>For a summer promo Steam Whistle Brewing invited consumers to check under their caps for a chance to win the ultimate bottle opener, crafted out of solid gold! The accompanying website provides information on the contest, where to buy specially-marked packs, and the option to enter the contest online.</p>', '2015-02-21 16:29:56', '2015-03-12 15:47:48', '6f5a4cda-5ad3-4035-afb4-8c3a65f3c326');
INSERT INTO `craft_content` (`id`, `elementId`, `locale`, `title`, `field_project_descrip`, `dateCreated`, `dateUpdated`, `uid`) VALUES ('47', '85', 'en_us', 'Steam Whistle Blog', '<p>Custom Wordpress template for Steam Whistle\'s blog page.</p>', '2015-02-21 16:32:31', '2015-02-21 16:32:31', '5f89e2ff-4f34-4b23-924b-1ad654d542f4');
INSERT INTO `craft_content` (`id`, `elementId`, `locale`, `title`, `field_project_descrip`, `dateCreated`, `dateUpdated`, `uid`) VALUES ('48', '91', 'en_us', 'The Steam Whistle Store', '', '2015-02-21 16:33:42', '2015-02-21 16:33:42', '3f4ed60f-d8fe-4eac-8dce-589bb4174440');
INSERT INTO `craft_content` (`id`, `elementId`, `locale`, `title`, `field_project_descrip`, `dateCreated`, `dateUpdated`, `uid`) VALUES ('49', '97', 'en_us', 'hero', NULL, '2015-02-21 20:57:04', '2015-02-21 22:57:25', '3ad4acb6-ace8-4648-8e34-b0392642268c');
INSERT INTO `craft_content` (`id`, `elementId`, `locale`, `title`, `field_project_descrip`, `dateCreated`, `dateUpdated`, `uid`) VALUES ('50', '98', 'en_us', 'hero', NULL, '2015-02-21 20:57:22', '2015-02-21 22:27:18', '45ce8fad-2d68-423a-88d7-1826206f1fc8');
INSERT INTO `craft_content` (`id`, `elementId`, `locale`, `title`, `field_project_descrip`, `dateCreated`, `dateUpdated`, `uid`) VALUES ('51', '99', 'en_us', 'hero', NULL, '2015-02-21 21:00:51', '2015-03-12 18:04:59', 'beeb1031-b4e5-428e-a400-fbb3247bd3e1');
INSERT INTO `craft_content` (`id`, `elementId`, `locale`, `title`, `field_project_descrip`, `dateCreated`, `dateUpdated`, `uid`) VALUES ('58', '106', 'en_us', 'hero', NULL, '2015-02-21 23:47:46', '2015-02-21 23:47:47', '8925ccfc-8309-4934-bd64-157cc9c3998f');
INSERT INTO `craft_content` (`id`, `elementId`, `locale`, `title`, `field_project_descrip`, `dateCreated`, `dateUpdated`, `uid`) VALUES ('60', '108', 'en_us', 'hero-2', NULL, '2015-02-22 00:24:46', '2015-02-22 00:28:38', 'e9a0c307-ca8f-42ef-869b-cde23ccfdd02');
INSERT INTO `craft_content` (`id`, `elementId`, `locale`, `title`, `field_project_descrip`, `dateCreated`, `dateUpdated`, `uid`) VALUES ('61', '109', 'en_us', 'unsigned 2up', NULL, '2015-02-23 19:09:14', '2015-02-23 19:29:33', '76a9d4a3-f8be-4215-802f-8a0aad790e4a');
INSERT INTO `craft_content` (`id`, `elementId`, `locale`, `title`, `field_project_descrip`, `dateCreated`, `dateUpdated`, `uid`) VALUES ('63', '111', 'en_us', 'unsigned 2up-2', NULL, '2015-02-23 19:57:17', '2015-02-23 19:57:17', '322c0db1-d759-4cfd-a445-cfc67fdde00a');
INSERT INTO `craft_content` (`id`, `elementId`, `locale`, `title`, `field_project_descrip`, `dateCreated`, `dateUpdated`, `uid`) VALUES ('64', '112', 'en_us', 'unsigned-2', NULL, '2015-02-23 19:57:21', '2015-02-23 19:57:21', '008be091-cbc1-4d33-b845-b16e242689d0');
INSERT INTO `craft_content` (`id`, `elementId`, `locale`, `title`, `field_project_descrip`, `dateCreated`, `dateUpdated`, `uid`) VALUES ('65', '113', 'en_us', 'unsigned-1', NULL, '2015-02-23 20:14:13', '2015-02-23 20:14:13', '3bd30746-6905-4efd-9334-47f0d07e8540');
INSERT INTO `craft_content` (`id`, `elementId`, `locale`, `title`, `field_project_descrip`, `dateCreated`, `dateUpdated`, `uid`) VALUES ('66', '114', 'en_us', 'okt-2up', NULL, '2015-02-23 20:55:21', '2015-02-23 21:31:42', '460adfbb-be69-4690-9bf6-f002e79910fc');
INSERT INTO `craft_content` (`id`, `elementId`, `locale`, `title`, `field_project_descrip`, `dateCreated`, `dateUpdated`, `uid`) VALUES ('68', '116', 'en_us', 'oktoberfest 1', NULL, '2015-02-23 21:22:48', '2015-02-23 21:22:48', '182626e8-65db-408a-b32f-6abc070dedf7');
INSERT INTO `craft_content` (`id`, `elementId`, `locale`, `title`, `field_project_descrip`, `dateCreated`, `dateUpdated`, `uid`) VALUES ('69', '117', 'en_us', 'okt-2', NULL, '2015-02-23 21:29:22', '2015-02-23 21:29:22', '6319559e-8663-4136-8808-9b28508e3369');
INSERT INTO `craft_content` (`id`, `elementId`, `locale`, `title`, `field_project_descrip`, `dateCreated`, `dateUpdated`, `uid`) VALUES ('71', '119', 'en_us', 'okt-3', NULL, '2015-02-23 21:39:06', '2015-02-23 21:41:00', '492e9083-c83b-4314-aadb-f585afb40324');
INSERT INTO `craft_content` (`id`, `elementId`, `locale`, `title`, `field_project_descrip`, `dateCreated`, `dateUpdated`, `uid`) VALUES ('73', '121', 'en_us', 'hero', NULL, '2015-02-23 21:45:49', '2015-02-23 21:46:45', 'e8e48471-9269-469a-8f18-a80a881ac7fe');
INSERT INTO `craft_content` (`id`, `elementId`, `locale`, `title`, `field_project_descrip`, `dateCreated`, `dateUpdated`, `uid`) VALUES ('77', '125', 'en_us', 'hero-3', NULL, '2015-02-23 22:08:04', '2015-02-23 22:09:58', 'c021f170-acd7-452c-be56-84f10ed25683');
INSERT INTO `craft_content` (`id`, `elementId`, `locale`, `title`, `field_project_descrip`, `dateCreated`, `dateUpdated`, `uid`) VALUES ('79', '127', 'en_us', 'iphone5s mockup preview-o', NULL, '2015-02-23 22:31:39', '2015-02-23 22:32:59', '7f1d0df4-2fd6-424e-beff-f056d5b5e3b7');
INSERT INTO `craft_content` (`id`, `elementId`, `locale`, `title`, `field_project_descrip`, `dateCreated`, `dateUpdated`, `uid`) VALUES ('90', '138', 'en_us', 'hero-2', NULL, '2015-03-03 18:37:58', '2015-03-03 18:37:58', '450112c7-57a9-4c08-b89c-92b6c1aa41d5');
INSERT INTO `craft_content` (`id`, `elementId`, `locale`, `title`, `field_project_descrip`, `dateCreated`, `dateUpdated`, `uid`) VALUES ('91', '139', 'en_us', 'hero-crop', NULL, '2015-03-03 18:38:56', '2015-03-03 18:38:56', '04e26dd6-21e3-4b9f-9fb8-4eb7ff26d6ec');
INSERT INTO `craft_content` (`id`, `elementId`, `locale`, `title`, `field_project_descrip`, `dateCreated`, `dateUpdated`, `uid`) VALUES ('92', '140', 'en_us', 'caroline 1', NULL, '2015-03-03 18:40:51', '2015-03-03 18:40:51', '1bffe96c-2531-4331-9b08-9a18d7758437');
INSERT INTO `craft_content` (`id`, `elementId`, `locale`, `title`, `field_project_descrip`, `dateCreated`, `dateUpdated`, `uid`) VALUES ('93', '141', 'en_us', 'hero-3', NULL, '2015-03-03 18:42:49', '2015-03-03 18:42:49', 'd39332a7-71d4-49fd-b592-6bda8963f9c5');
INSERT INTO `craft_content` (`id`, `elementId`, `locale`, `title`, `field_project_descrip`, `dateCreated`, `dateUpdated`, `uid`) VALUES ('94', '142', 'en_us', 'creative-psd-macbook-pro-mockup-premium-psd-mocup-3b', NULL, '2015-03-03 18:50:00', '2015-03-03 18:50:00', '19d8918f-67f8-4b00-a432-4c06625c9bbc');
INSERT INTO `craft_content` (`id`, `elementId`, `locale`, `title`, `field_project_descrip`, `dateCreated`, `dateUpdated`, `uid`) VALUES ('95', '143', 'en_us', '2-o', NULL, '2015-03-03 19:13:52', '2015-03-03 19:13:52', '6d2da833-8ce4-4ecb-b25d-b777bb901b9e');
INSERT INTO `craft_content` (`id`, `elementId`, `locale`, `title`, `field_project_descrip`, `dateCreated`, `dateUpdated`, `uid`) VALUES ('96', '144', 'en_us', 'hero-4', NULL, '2015-03-03 19:15:14', '2015-03-03 19:15:14', '8f35546c-60ed-42da-adb3-27b2a8c00f78');
INSERT INTO `craft_content` (`id`, `elementId`, `locale`, `title`, `field_project_descrip`, `dateCreated`, `dateUpdated`, `uid`) VALUES ('97', '145', 'en_us', 'mockup1-o', NULL, '2015-03-03 20:27:36', '2015-03-03 20:29:20', 'e4e29427-3785-4acb-a102-3de6c3b1fe02');
INSERT INTO `craft_content` (`id`, `elementId`, `locale`, `title`, `field_project_descrip`, `dateCreated`, `dateUpdated`, `uid`) VALUES ('99', '147', 'en_us', 'preview-o', NULL, '2015-03-03 20:35:15', '2015-03-03 20:35:15', '3883939e-8567-4939-b69a-a793b39ffeba');
INSERT INTO `craft_content` (`id`, `elementId`, `locale`, `title`, `field_project_descrip`, `dateCreated`, `dateUpdated`, `uid`) VALUES ('100', '148', 'en_us', 'product-preview-o', NULL, '2015-03-03 20:38:38', '2015-03-03 20:38:38', 'e399cf98-1112-45e1-8920-621be455a394');
INSERT INTO `craft_content` (`id`, `elementId`, `locale`, `title`, `field_project_descrip`, `dateCreated`, `dateUpdated`, `uid`) VALUES ('101', '149', 'en_us', 'go home', NULL, '2015-03-03 20:40:30', '2015-03-03 20:40:30', '1607e039-265e-4a78-8612-08ad5ade52dd');
INSERT INTO `craft_content` (`id`, `elementId`, `locale`, `title`, `field_project_descrip`, `dateCreated`, `dateUpdated`, `uid`) VALUES ('102', '150', 'en_us', 'go page enter', NULL, '2015-03-03 20:40:32', '2015-03-03 20:40:32', '1900a098-6bf2-44da-970a-7d0a2f9d54ee');
INSERT INTO `craft_content` (`id`, `elementId`, `locale`, `title`, `field_project_descrip`, `dateCreated`, `dateUpdated`, `uid`) VALUES ('103', '151', 'en_us', 'lifefit 2up', NULL, '2015-03-11 22:24:51', '2015-03-11 22:24:51', 'cb8443cc-3048-4345-bf4b-b19d6eca34e9');
INSERT INTO `craft_content` (`id`, `elementId`, `locale`, `title`, `field_project_descrip`, `dateCreated`, `dateUpdated`, `uid`) VALUES ('104', '152', 'en_us', 'lifefit-1', NULL, '2015-03-11 22:24:53', '2015-03-11 22:24:53', '807d861a-26f0-4441-bd3f-9bca5397facd');
INSERT INTO `craft_content` (`id`, `elementId`, `locale`, `title`, `field_project_descrip`, `dateCreated`, `dateUpdated`, `uid`) VALUES ('105', '153', 'en_us', 'lifefit-2', NULL, '2015-03-11 22:24:55', '2015-03-11 22:24:55', 'a124717d-8dbd-40b8-b7e5-3c6745bccb2c');
INSERT INTO `craft_content` (`id`, `elementId`, `locale`, `title`, `field_project_descrip`, `dateCreated`, `dateUpdated`, `uid`) VALUES ('106', '154', 'en_us', 'canvan-1 1', NULL, '2015-03-11 22:43:04', '2015-03-11 22:43:29', '0bbe1ca2-db7c-4c3d-bf3c-c15dcdbdd568');
INSERT INTO `craft_content` (`id`, `elementId`, `locale`, `title`, `field_project_descrip`, `dateCreated`, `dateUpdated`, `uid`) VALUES ('107', '155', 'en_us', 'canvan-2', NULL, '2015-03-11 22:43:08', '2015-03-12 00:34:58', 'd1827273-6deb-4438-83d8-3c38157cc399');
INSERT INTO `craft_content` (`id`, `elementId`, `locale`, `title`, `field_project_descrip`, `dateCreated`, `dateUpdated`, `uid`) VALUES ('108', '156', 'en_us', 'canvan-3', NULL, '2015-03-11 22:43:12', '2015-03-12 00:13:06', 'a983904b-7df4-4519-9dcf-0bcbe783f55a');
INSERT INTO `craft_content` (`id`, `elementId`, `locale`, `title`, `field_project_descrip`, `dateCreated`, `dateUpdated`, `uid`) VALUES ('109', '157', 'en_us', 'canvan-2up', NULL, '2015-03-11 23:58:38', '2015-03-12 00:00:33', '4ef4e13e-7f45-475e-b6f9-f87ecccd031b');
INSERT INTO `craft_content` (`id`, `elementId`, `locale`, `title`, `field_project_descrip`, `dateCreated`, `dateUpdated`, `uid`) VALUES ('119', '167', 'en_us', 'caroline-2', NULL, '2015-03-12 01:20:40', '2015-03-12 01:29:34', '0d9b6739-9477-425b-8aa8-413b1e84cd02');
INSERT INTO `craft_content` (`id`, `elementId`, `locale`, `title`, `field_project_descrip`, `dateCreated`, `dateUpdated`, `uid`) VALUES ('120', '168', 'en_us', 'caroline-3', NULL, '2015-03-12 01:20:42', '2015-03-12 01:29:35', 'fb76572d-4cae-4501-9728-ced22fa7d454');
INSERT INTO `craft_content` (`id`, `elementId`, `locale`, `title`, `field_project_descrip`, `dateCreated`, `dateUpdated`, `uid`) VALUES ('121', '169', 'en_us', 'lifefit logo', NULL, '2015-03-12 12:23:25', '2015-03-12 12:25:01', '97313dfd-488e-4bf1-af38-a1845d864ddd');
INSERT INTO `craft_content` (`id`, `elementId`, `locale`, `title`, `field_project_descrip`, `dateCreated`, `dateUpdated`, `uid`) VALUES ('125', '174', 'en_us', 'lifefit-mobile', NULL, '2015-03-12 14:47:34', '2015-03-12 14:49:11', 'ae1cc301-494c-4e6e-9700-1c416d8a1032');
INSERT INTO `craft_content` (`id`, `elementId`, `locale`, `title`, `field_project_descrip`, `dateCreated`, `dateUpdated`, `uid`) VALUES ('127', '176', 'en_us', 'okt-mobile', NULL, '2015-03-12 15:12:00', '2015-03-12 15:12:00', 'e1fa8841-e08c-47ce-966c-d0ec742906c3');
INSERT INTO `craft_content` (`id`, `elementId`, `locale`, `title`, `field_project_descrip`, `dateCreated`, `dateUpdated`, `uid`) VALUES ('128', '177', 'en_us', 'canvan-mobile', NULL, '2015-03-12 15:33:55', '2015-03-12 15:33:55', 'bb938378-e89b-4ebe-8c2c-76db1f090e55');
INSERT INTO `craft_content` (`id`, `elementId`, `locale`, `title`, `field_project_descrip`, `dateCreated`, `dateUpdated`, `uid`) VALUES ('129', '178', 'en_us', 'golden-opener-1', NULL, '2015-03-12 15:47:41', '2015-03-12 15:47:41', '0078f45e-38b0-40d1-b4a0-9013a6d95abb');
INSERT INTO `craft_content` (`id`, `elementId`, `locale`, `title`, `field_project_descrip`, `dateCreated`, `dateUpdated`, `uid`) VALUES ('130', '179', 'en_us', 'mobile', NULL, '2015-03-12 16:17:54', '2015-03-12 16:17:54', '035af3b5-b6bc-41e9-b499-0f175d641c06');
INSERT INTO `craft_content` (`id`, `elementId`, `locale`, `title`, `field_project_descrip`, `dateCreated`, `dateUpdated`, `uid`) VALUES ('131', '180', 'en_us', 'winter-beer-fest-2up', NULL, '2015-03-12 17:09:33', '2015-03-12 17:22:23', '45324c90-e561-4b49-99f6-ca54cc3d7aad');
INSERT INTO `craft_content` (`id`, `elementId`, `locale`, `title`, `field_project_descrip`, `dateCreated`, `dateUpdated`, `uid`) VALUES ('132', '181', 'en_us', 'winter-beer-fest', NULL, '2015-03-12 17:11:10', '2015-03-12 17:22:23', '2b37fa1f-5568-4a41-a960-79ce6b4d7f64');
INSERT INTO `craft_content` (`id`, `elementId`, `locale`, `title`, `field_project_descrip`, `dateCreated`, `dateUpdated`, `uid`) VALUES ('133', '182', 'en_us', 'winter-beer-fest-mobile', NULL, '2015-03-12 17:22:06', '2015-03-12 17:22:23', '3ca9b253-5fbb-4a1d-a3e8-5ce16463644d');
INSERT INTO `craft_content` (`id`, `elementId`, `locale`, `title`, `field_project_descrip`, `dateCreated`, `dateUpdated`, `uid`) VALUES ('134', '184', 'en_us', 'logo', NULL, '2015-03-12 17:27:00', '2015-03-12 17:27:00', '7fba7acf-8dce-4bb7-85ee-e9f0600fd89c');
INSERT INTO `craft_content` (`id`, `elementId`, `locale`, `title`, `field_project_descrip`, `dateCreated`, `dateUpdated`, `uid`) VALUES ('135', '185', 'en_us', 'winter-beer-fest-2', NULL, '2015-03-12 17:28:12', '2015-03-12 17:28:12', '4fec48c5-82cb-4b72-8e48-4b7b4c4b9d2c');
INSERT INTO `craft_content` (`id`, `elementId`, `locale`, `title`, `field_project_descrip`, `dateCreated`, `dateUpdated`, `uid`) VALUES ('136', '186', 'en_us', 'unsigned-mobile-1', NULL, '2015-03-12 17:44:41', '2015-03-12 17:44:41', 'be5efdaf-7056-4e1f-b724-a0f2eb7b4e98');
INSERT INTO `craft_content` (`id`, `elementId`, `locale`, `title`, `field_project_descrip`, `dateCreated`, `dateUpdated`, `uid`) VALUES ('137', '187', 'en_us', 'unsigned-mobile-2', NULL, '2015-03-12 17:44:42', '2015-03-12 17:48:14', 'ff616f0d-d6a8-4495-ac6a-fa3fb1badaa6');



DROP TABLE IF EXISTS `craft_deprecationerrors`;


--
-- Schema for table `craft_deprecationerrors`
--
CREATE TABLE `craft_deprecationerrors` (
  `id` int(11) NOT NULL AUTO_INCREMENT,
  `key` varchar(255) COLLATE utf8_unicode_ci NOT NULL,
  `fingerprint` varchar(255) COLLATE utf8_unicode_ci NOT NULL,
  `lastOccurrence` datetime NOT NULL,
  `file` varchar(255) COLLATE utf8_unicode_ci NOT NULL,
  `line` smallint(6) unsigned NOT NULL,
  `class` varchar(255) COLLATE utf8_unicode_ci DEFAULT NULL,
  `method` varchar(255) COLLATE utf8_unicode_ci DEFAULT NULL,
  `template` varchar(255) COLLATE utf8_unicode_ci DEFAULT NULL,
  `templateLine` smallint(6) unsigned DEFAULT NULL,
  `message` varchar(255) COLLATE utf8_unicode_ci DEFAULT NULL,
  `traces` text COLLATE utf8_unicode_ci,
  `dateCreated` datetime NOT NULL,
  `dateUpdated` datetime NOT NULL,
  `uid` char(36) COLLATE utf8_unicode_ci NOT NULL DEFAULT '0',
  PRIMARY KEY (`id`),
  UNIQUE KEY `craft_deprecationerrors_key_fingerprint_unq_idx` (`key`,`fingerprint`)
) ENGINE=InnoDB DEFAULT CHARSET=utf8 COLLATE=utf8_unicode_ci;

DROP TABLE IF EXISTS `craft_elements`;


--
-- Schema for table `craft_elements`
--
CREATE TABLE `craft_elements` (
  `id` int(11) NOT NULL AUTO_INCREMENT,
  `type` varchar(150) COLLATE utf8_unicode_ci NOT NULL,
  `enabled` tinyint(1) unsigned NOT NULL DEFAULT '1',
  `archived` tinyint(1) unsigned NOT NULL DEFAULT '0',
  `dateCreated` datetime NOT NULL,
  `dateUpdated` datetime NOT NULL,
  `uid` char(36) COLLATE utf8_unicode_ci NOT NULL DEFAULT '0',
  PRIMARY KEY (`id`),
  KEY `craft_elements_type_idx` (`type`),
  KEY `craft_elements_enabled_idx` (`enabled`),
  KEY `craft_elements_archived_dateCreated_idx` (`archived`,`dateCreated`)
) ENGINE=InnoDB AUTO_INCREMENT=190 DEFAULT CHARSET=utf8 COLLATE=utf8_unicode_ci;

--
-- Data for table `craft_elements`
--

INSERT INTO `craft_elements` (`id`, `type`, `enabled`, `archived`, `dateCreated`, `dateUpdated`, `uid`) VALUES ('1', 'User', '1', '0', '2015-02-20 22:12:57', '2015-02-20 22:12:57', '496fd180-31e1-4ff1-9032-c8bdafc606eb');
INSERT INTO `craft_elements` (`id`, `type`, `enabled`, `archived`, `dateCreated`, `dateUpdated`, `uid`) VALUES ('2', 'Entry', '1', '0', '2015-02-20 22:13:00', '2015-02-20 22:13:00', 'b46cdf0a-445e-4199-b6bb-d943e2a368f3');
INSERT INTO `craft_elements` (`id`, `type`, `enabled`, `archived`, `dateCreated`, `dateUpdated`, `uid`) VALUES ('4', 'Entry', '1', '0', '2015-02-20 22:44:38', '2015-03-12 15:33:58', '49fd0061-88e8-4385-b462-ec169ec613ad');
INSERT INTO `craft_elements` (`id`, `type`, `enabled`, `archived`, `dateCreated`, `dateUpdated`, `uid`) VALUES ('5', 'MatrixBlock', '1', '0', '2015-02-20 22:44:38', '2015-03-12 15:33:58', '8e93d0da-31f2-469f-8136-6c471b8353e2');
INSERT INTO `craft_elements` (`id`, `type`, `enabled`, `archived`, `dateCreated`, `dateUpdated`, `uid`) VALUES ('6', 'MatrixBlock', '1', '0', '2015-02-20 22:44:38', '2015-03-12 15:33:58', '08d25038-3a21-4e2e-8d99-b2a4802380a0');
INSERT INTO `craft_elements` (`id`, `type`, `enabled`, `archived`, `dateCreated`, `dateUpdated`, `uid`) VALUES ('7', 'MatrixBlock', '1', '0', '2015-02-20 22:44:38', '2015-03-12 15:33:58', '419a224d-0830-4d6e-bf86-d81c5b5042c7');
INSERT INTO `craft_elements` (`id`, `type`, `enabled`, `archived`, `dateCreated`, `dateUpdated`, `uid`) VALUES ('8', 'MatrixBlock', '1', '0', '2015-02-20 22:44:38', '2015-03-12 15:33:58', '07d0e526-2926-427c-a4cd-0a64787c9d7c');
INSERT INTO `craft_elements` (`id`, `type`, `enabled`, `archived`, `dateCreated`, `dateUpdated`, `uid`) VALUES ('9', 'MatrixBlock', '1', '0', '2015-02-20 22:44:38', '2015-03-12 15:33:58', '24d539e6-ddc7-4fa6-9dc5-58ce5d93124a');
INSERT INTO `craft_elements` (`id`, `type`, `enabled`, `archived`, `dateCreated`, `dateUpdated`, `uid`) VALUES ('17', 'Asset', '1', '0', '2015-02-20 23:39:33', '2015-02-20 23:43:37', 'a0f01c05-2cf5-4a48-b3b1-7b0efdb82616');
INSERT INTO `craft_elements` (`id`, `type`, `enabled`, `archived`, `dateCreated`, `dateUpdated`, `uid`) VALUES ('18', 'Asset', '1', '0', '2015-02-20 23:39:34', '2015-02-20 23:43:39', '28748b41-4fef-4424-b780-d96d742070d9');
INSERT INTO `craft_elements` (`id`, `type`, `enabled`, `archived`, `dateCreated`, `dateUpdated`, `uid`) VALUES ('19', 'Asset', '1', '0', '2015-02-20 23:39:34', '2015-02-20 23:43:38', '3d9a5995-7c03-4e17-864e-990dd405a58f');
INSERT INTO `craft_elements` (`id`, `type`, `enabled`, `archived`, `dateCreated`, `dateUpdated`, `uid`) VALUES ('20', 'Asset', '1', '0', '2015-02-20 23:39:34', '2015-02-20 23:43:39', '6d6198ff-1545-4adb-b1ae-d180a8fe69db');
INSERT INTO `craft_elements` (`id`, `type`, `enabled`, `archived`, `dateCreated`, `dateUpdated`, `uid`) VALUES ('21', 'Asset', '1', '0', '2015-02-20 23:39:34', '2015-02-20 23:43:39', 'ad57041d-0e03-4feb-8455-4ec5d03e24a0');
INSERT INTO `craft_elements` (`id`, `type`, `enabled`, `archived`, `dateCreated`, `dateUpdated`, `uid`) VALUES ('22', 'Asset', '1', '0', '2015-02-20 23:39:35', '2015-02-20 23:43:39', 'd94a869a-282f-4c43-9f90-192176e2e9ad');
INSERT INTO `craft_elements` (`id`, `type`, `enabled`, `archived`, `dateCreated`, `dateUpdated`, `uid`) VALUES ('23', 'Asset', '1', '0', '2015-02-20 23:39:35', '2015-02-20 23:43:39', 'c21c2d9e-0c2a-4e78-8f14-bf89d0b967d4');
INSERT INTO `craft_elements` (`id`, `type`, `enabled`, `archived`, `dateCreated`, `dateUpdated`, `uid`) VALUES ('24', 'Asset', '1', '0', '2015-02-20 23:39:36', '2015-02-20 23:43:40', 'cf7c0181-299f-456c-bb05-8a693530d6af');
INSERT INTO `craft_elements` (`id`, `type`, `enabled`, `archived`, `dateCreated`, `dateUpdated`, `uid`) VALUES ('25', 'Asset', '1', '0', '2015-02-20 23:39:36', '2015-02-20 23:43:40', 'e9aa6335-7280-4774-946f-20d1c8003327');
INSERT INTO `craft_elements` (`id`, `type`, `enabled`, `archived`, `dateCreated`, `dateUpdated`, `uid`) VALUES ('26', 'Asset', '1', '0', '2015-02-20 23:39:36', '2015-02-20 23:43:40', 'a763e961-db56-4ca3-9f2e-ed40bed1923d');
INSERT INTO `craft_elements` (`id`, `type`, `enabled`, `archived`, `dateCreated`, `dateUpdated`, `uid`) VALUES ('27', 'Asset', '1', '0', '2015-02-20 23:39:36', '2015-02-20 23:43:40', '66169936-0309-476d-b88c-28fb5343aa1a');
INSERT INTO `craft_elements` (`id`, `type`, `enabled`, `archived`, `dateCreated`, `dateUpdated`, `uid`) VALUES ('28', 'Asset', '1', '0', '2015-02-20 23:39:37', '2015-02-20 23:43:40', '02470b2c-a934-45dd-a7a0-92b7e6238a79');
INSERT INTO `craft_elements` (`id`, `type`, `enabled`, `archived`, `dateCreated`, `dateUpdated`, `uid`) VALUES ('29', 'Asset', '1', '0', '2015-02-20 23:39:37', '2015-02-20 23:43:41', 'a7a48529-5b6f-4223-8a1d-57265bd4391c');
INSERT INTO `craft_elements` (`id`, `type`, `enabled`, `archived`, `dateCreated`, `dateUpdated`, `uid`) VALUES ('30', 'Asset', '1', '0', '2015-02-20 23:39:37', '2015-02-20 23:43:41', '83366936-682d-44c9-ba85-bce3c2be0c04');
INSERT INTO `craft_elements` (`id`, `type`, `enabled`, `archived`, `dateCreated`, `dateUpdated`, `uid`) VALUES ('31', 'Asset', '1', '0', '2015-02-20 23:39:37', '2015-02-20 23:43:41', '91e3ae41-aa44-404e-a006-ca529de71805');
INSERT INTO `craft_elements` (`id`, `type`, `enabled`, `archived`, `dateCreated`, `dateUpdated`, `uid`) VALUES ('32', 'Asset', '1', '0', '2015-02-20 23:39:38', '2015-02-20 23:43:41', '02491cd8-d6f6-4085-927e-660ceb5d5974');
INSERT INTO `craft_elements` (`id`, `type`, `enabled`, `archived`, `dateCreated`, `dateUpdated`, `uid`) VALUES ('33', 'Asset', '1', '0', '2015-02-20 23:39:38', '2015-02-20 23:43:41', 'd3da0994-ac86-4c6b-a7b7-fb89dade77a2');
INSERT INTO `craft_elements` (`id`, `type`, `enabled`, `archived`, `dateCreated`, `dateUpdated`, `uid`) VALUES ('34', 'Asset', '1', '0', '2015-02-20 23:39:38', '2015-02-20 23:43:42', '46cfb2b1-046f-495a-b667-6968be6036f1');
INSERT INTO `craft_elements` (`id`, `type`, `enabled`, `archived`, `dateCreated`, `dateUpdated`, `uid`) VALUES ('35', 'Asset', '1', '0', '2015-02-20 23:39:38', '2015-02-20 23:43:42', '1f50e634-5104-4c90-aca5-c2558a095e96');
INSERT INTO `craft_elements` (`id`, `type`, `enabled`, `archived`, `dateCreated`, `dateUpdated`, `uid`) VALUES ('36', 'Asset', '1', '0', '2015-02-20 23:39:38', '2015-02-20 23:43:42', 'c0694b18-9f01-464a-a1db-ab28d960ebc0');
INSERT INTO `craft_elements` (`id`, `type`, `enabled`, `archived`, `dateCreated`, `dateUpdated`, `uid`) VALUES ('37', 'Asset', '1', '0', '2015-02-20 23:39:39', '2015-02-20 23:43:42', '60a16b2a-ff5b-465b-bb69-6b64107e9cfb');
INSERT INTO `craft_elements` (`id`, `type`, `enabled`, `archived`, `dateCreated`, `dateUpdated`, `uid`) VALUES ('38', 'Asset', '1', '0', '2015-02-20 23:39:39', '2015-02-20 23:43:42', '1f0a8b65-71de-4c4e-bfa0-b11ccb9c2a4a');
INSERT INTO `craft_elements` (`id`, `type`, `enabled`, `archived`, `dateCreated`, `dateUpdated`, `uid`) VALUES ('41', 'Asset', '1', '0', '2015-02-20 23:41:44', '2015-03-11 22:43:25', '6993d99f-cd59-437a-ada1-67041e66bdff');
INSERT INTO `craft_elements` (`id`, `type`, `enabled`, `archived`, `dateCreated`, `dateUpdated`, `uid`) VALUES ('45', 'Asset', '1', '0', '2015-02-21 00:49:25', '2015-02-21 00:49:26', '4859b03c-6b03-4eee-8407-15f1d3a41468');
INSERT INTO `craft_elements` (`id`, `type`, `enabled`, `archived`, `dateCreated`, `dateUpdated`, `uid`) VALUES ('46', 'Entry', '1', '0', '2015-02-21 16:23:52', '2015-03-12 14:47:41', 'b7c368eb-2976-4830-a948-07f421058392');
INSERT INTO `craft_elements` (`id`, `type`, `enabled`, `archived`, `dateCreated`, `dateUpdated`, `uid`) VALUES ('47', 'MatrixBlock', '1', '0', '2015-02-21 16:23:52', '2015-03-12 14:47:42', '520fa9e1-bd69-4bcf-abb9-db36d3555103');
INSERT INTO `craft_elements` (`id`, `type`, `enabled`, `archived`, `dateCreated`, `dateUpdated`, `uid`) VALUES ('48', 'MatrixBlock', '1', '0', '2015-02-21 16:23:52', '2015-03-12 14:47:42', '0c54a099-d86e-4dd8-8eed-1f66afc8b27e');
INSERT INTO `craft_elements` (`id`, `type`, `enabled`, `archived`, `dateCreated`, `dateUpdated`, `uid`) VALUES ('49', 'MatrixBlock', '1', '0', '2015-02-21 16:23:52', '2015-03-12 14:47:42', '1eadc031-1741-4e5f-b159-db4583654c84');
INSERT INTO `craft_elements` (`id`, `type`, `enabled`, `archived`, `dateCreated`, `dateUpdated`, `uid`) VALUES ('50', 'MatrixBlock', '1', '0', '2015-02-21 16:23:52', '2015-03-12 14:47:42', '9a53948d-b61f-41ed-91e4-575ab1e02beb');
INSERT INTO `craft_elements` (`id`, `type`, `enabled`, `archived`, `dateCreated`, `dateUpdated`, `uid`) VALUES ('51', 'MatrixBlock', '1', '0', '2015-02-21 16:23:52', '2015-03-12 14:47:42', 'e1a4f0d5-c6af-436d-ae62-b26f842cd5ed');
INSERT INTO `craft_elements` (`id`, `type`, `enabled`, `archived`, `dateCreated`, `dateUpdated`, `uid`) VALUES ('52', 'Entry', '1', '0', '2015-02-21 16:24:47', '2015-03-12 18:05:02', '57fb7327-b904-40c6-8f9c-0bc666c43abe');
INSERT INTO `craft_elements` (`id`, `type`, `enabled`, `archived`, `dateCreated`, `dateUpdated`, `uid`) VALUES ('53', 'MatrixBlock', '1', '0', '2015-02-21 16:24:47', '2015-03-12 18:05:02', 'd377afe2-896b-4bef-ab15-3681d67db796');
INSERT INTO `craft_elements` (`id`, `type`, `enabled`, `archived`, `dateCreated`, `dateUpdated`, `uid`) VALUES ('54', 'MatrixBlock', '1', '0', '2015-02-21 16:24:47', '2015-03-12 18:05:02', 'af223ae0-96b5-4c1d-9168-8ac70b95b0b1');
INSERT INTO `craft_elements` (`id`, `type`, `enabled`, `archived`, `dateCreated`, `dateUpdated`, `uid`) VALUES ('55', 'MatrixBlock', '1', '0', '2015-02-21 16:24:47', '2015-03-12 18:05:02', '5f04c989-3f1d-4be5-8775-27f093bfb032');
INSERT INTO `craft_elements` (`id`, `type`, `enabled`, `archived`, `dateCreated`, `dateUpdated`, `uid`) VALUES ('56', 'MatrixBlock', '1', '0', '2015-02-21 16:24:47', '2015-03-12 18:05:02', 'b5bb41ab-9738-4252-bb6f-d6a9da7ee53b');
INSERT INTO `craft_elements` (`id`, `type`, `enabled`, `archived`, `dateCreated`, `dateUpdated`, `uid`) VALUES ('57', 'MatrixBlock', '1', '0', '2015-02-21 16:24:47', '2015-03-12 18:05:02', 'd8cb5840-4a12-4b9f-933d-fbfdcfae4aa1');
INSERT INTO `craft_elements` (`id`, `type`, `enabled`, `archived`, `dateCreated`, `dateUpdated`, `uid`) VALUES ('58', 'MatrixBlock', '1', '0', '2015-02-21 16:24:47', '2015-03-12 18:05:02', 'f8d03a42-d24f-48ff-844a-5227fb6986b0');
INSERT INTO `craft_elements` (`id`, `type`, `enabled`, `archived`, `dateCreated`, `dateUpdated`, `uid`) VALUES ('59', 'Entry', '1', '0', '2015-02-21 16:26:49', '2015-03-12 17:28:37', 'f2e347c7-5a9d-4d7c-9c67-ea41f1c0acb9');
INSERT INTO `craft_elements` (`id`, `type`, `enabled`, `archived`, `dateCreated`, `dateUpdated`, `uid`) VALUES ('60', 'MatrixBlock', '1', '0', '2015-02-21 16:26:49', '2015-03-12 17:28:37', '48f30f30-3031-48eb-9c2b-63a56e0c77e4');
INSERT INTO `craft_elements` (`id`, `type`, `enabled`, `archived`, `dateCreated`, `dateUpdated`, `uid`) VALUES ('61', 'MatrixBlock', '1', '0', '2015-02-21 16:26:49', '2015-03-12 17:28:37', '66148c4b-4e33-4a44-8426-f28008f8731f');
INSERT INTO `craft_elements` (`id`, `type`, `enabled`, `archived`, `dateCreated`, `dateUpdated`, `uid`) VALUES ('62', 'MatrixBlock', '1', '0', '2015-02-21 16:26:49', '2015-03-12 17:28:37', 'a2b5598c-c09f-4762-b58b-ceceeaae359c');
INSERT INTO `craft_elements` (`id`, `type`, `enabled`, `archived`, `dateCreated`, `dateUpdated`, `uid`) VALUES ('63', 'MatrixBlock', '1', '0', '2015-02-21 16:26:49', '2015-03-12 17:28:37', 'a2d1d33d-8913-47d5-838e-ed057178c8f1');
INSERT INTO `craft_elements` (`id`, `type`, `enabled`, `archived`, `dateCreated`, `dateUpdated`, `uid`) VALUES ('64', 'MatrixBlock', '1', '0', '2015-02-21 16:26:49', '2015-03-12 17:28:37', '81a3dba1-fab5-480d-8310-8f8ee04ede7b');
INSERT INTO `craft_elements` (`id`, `type`, `enabled`, `archived`, `dateCreated`, `dateUpdated`, `uid`) VALUES ('65', 'MatrixBlock', '1', '0', '2015-02-21 16:26:49', '2015-03-12 17:28:37', '8b966d9a-4ec2-4d34-9560-d43163cd69a9');
INSERT INTO `craft_elements` (`id`, `type`, `enabled`, `archived`, `dateCreated`, `dateUpdated`, `uid`) VALUES ('66', 'Entry', '1', '0', '2015-02-21 16:28:03', '2015-03-12 16:17:56', '796ab967-3e2d-45eb-b795-ff306b9bbddf');
INSERT INTO `craft_elements` (`id`, `type`, `enabled`, `archived`, `dateCreated`, `dateUpdated`, `uid`) VALUES ('67', 'MatrixBlock', '1', '0', '2015-02-21 16:28:03', '2015-03-12 16:17:56', '59b66e8f-3119-4ab2-8c76-2010a3139350');
INSERT INTO `craft_elements` (`id`, `type`, `enabled`, `archived`, `dateCreated`, `dateUpdated`, `uid`) VALUES ('68', 'MatrixBlock', '1', '0', '2015-02-21 16:28:03', '2015-03-12 16:17:56', 'd79f0195-3431-42f0-a0f4-150fd84b68bb');
INSERT INTO `craft_elements` (`id`, `type`, `enabled`, `archived`, `dateCreated`, `dateUpdated`, `uid`) VALUES ('69', 'MatrixBlock', '1', '0', '2015-02-21 16:28:03', '2015-03-12 16:17:56', 'ac3fcc39-ea85-4972-9c20-9820b8c39fe4');
INSERT INTO `craft_elements` (`id`, `type`, `enabled`, `archived`, `dateCreated`, `dateUpdated`, `uid`) VALUES ('70', 'MatrixBlock', '1', '0', '2015-02-21 16:28:03', '2015-03-12 16:17:56', 'fef098fb-41f5-48c9-8074-2d233d252f29');
INSERT INTO `craft_elements` (`id`, `type`, `enabled`, `archived`, `dateCreated`, `dateUpdated`, `uid`) VALUES ('71', 'MatrixBlock', '1', '0', '2015-02-21 16:28:03', '2015-03-12 16:17:56', '5bb859e0-e1e9-4e25-aa8e-51c330f6e1aa');
INSERT INTO `craft_elements` (`id`, `type`, `enabled`, `archived`, `dateCreated`, `dateUpdated`, `uid`) VALUES ('72', 'Entry', '1', '0', '2015-02-21 16:28:54', '2015-03-12 15:12:04', 'f125693b-0bfa-4504-bfb7-521b6704294e');
INSERT INTO `craft_elements` (`id`, `type`, `enabled`, `archived`, `dateCreated`, `dateUpdated`, `uid`) VALUES ('73', 'MatrixBlock', '1', '0', '2015-02-21 16:28:54', '2015-03-12 15:12:04', '3cc95c77-52c2-4c4b-b9c3-c53232824564');
INSERT INTO `craft_elements` (`id`, `type`, `enabled`, `archived`, `dateCreated`, `dateUpdated`, `uid`) VALUES ('74', 'MatrixBlock', '1', '0', '2015-02-21 16:28:54', '2015-03-12 15:12:04', 'f186a82d-f0d9-4a28-a609-00b6de8447a6');
INSERT INTO `craft_elements` (`id`, `type`, `enabled`, `archived`, `dateCreated`, `dateUpdated`, `uid`) VALUES ('75', 'MatrixBlock', '1', '0', '2015-02-21 16:28:54', '2015-03-12 15:12:04', '0a9bf807-ffba-46b0-9b89-859c71a59d82');
INSERT INTO `craft_elements` (`id`, `type`, `enabled`, `archived`, `dateCreated`, `dateUpdated`, `uid`) VALUES ('76', 'MatrixBlock', '1', '0', '2015-02-21 16:28:54', '2015-03-12 15:12:04', 'dcb6d34e-e1a9-4af6-af4a-5be4fb3d8549');
INSERT INTO `craft_elements` (`id`, `type`, `enabled`, `archived`, `dateCreated`, `dateUpdated`, `uid`) VALUES ('77', 'MatrixBlock', '1', '0', '2015-02-21 16:28:54', '2015-03-12 15:12:04', 'd54a1f8f-7748-4011-a565-19f8947d2a4d');
INSERT INTO `craft_elements` (`id`, `type`, `enabled`, `archived`, `dateCreated`, `dateUpdated`, `uid`) VALUES ('78', 'Entry', '1', '0', '2015-02-21 16:29:56', '2015-03-12 15:47:48', '17d95cf3-5f25-47db-bc70-d16fcd6bb71d');
INSERT INTO `craft_elements` (`id`, `type`, `enabled`, `archived`, `dateCreated`, `dateUpdated`, `uid`) VALUES ('79', 'MatrixBlock', '1', '0', '2015-02-21 16:29:56', '2015-03-12 15:47:48', '4facc393-f297-46a3-ad71-d198477aa0ba');
INSERT INTO `craft_elements` (`id`, `type`, `enabled`, `archived`, `dateCreated`, `dateUpdated`, `uid`) VALUES ('80', 'MatrixBlock', '1', '0', '2015-02-21 16:29:56', '2015-03-12 15:47:48', 'bb7bafea-ff62-4b6c-901a-c40ba1db189b');
INSERT INTO `craft_elements` (`id`, `type`, `enabled`, `archived`, `dateCreated`, `dateUpdated`, `uid`) VALUES ('81', 'MatrixBlock', '1', '0', '2015-02-21 16:29:56', '2015-03-12 15:47:48', 'f0dadf8a-4708-41dc-8450-f97406a2524c');
INSERT INTO `craft_elements` (`id`, `type`, `enabled`, `archived`, `dateCreated`, `dateUpdated`, `uid`) VALUES ('82', 'MatrixBlock', '1', '0', '2015-02-21 16:29:56', '2015-03-12 15:47:48', '4a993652-60ab-424b-abca-a2429a5bb0ad');
INSERT INTO `craft_elements` (`id`, `type`, `enabled`, `archived`, `dateCreated`, `dateUpdated`, `uid`) VALUES ('83', 'MatrixBlock', '1', '0', '2015-02-21 16:29:56', '2015-03-12 15:47:48', '74b1d2bf-c8e0-4ba4-9f0a-12e0ed4bd147');
INSERT INTO `craft_elements` (`id`, `type`, `enabled`, `archived`, `dateCreated`, `dateUpdated`, `uid`) VALUES ('84', 'MatrixBlock', '1', '0', '2015-02-21 16:29:56', '2015-03-12 15:47:48', 'aeb0d9e3-e951-43e2-bf0e-3f4dec09b79a');
INSERT INTO `craft_elements` (`id`, `type`, `enabled`, `archived`, `dateCreated`, `dateUpdated`, `uid`) VALUES ('85', 'Entry', '1', '0', '2015-02-21 16:32:31', '2015-02-21 16:32:31', '5d7b861f-c0ab-4cbd-93f1-9ebe19a89164');
INSERT INTO `craft_elements` (`id`, `type`, `enabled`, `archived`, `dateCreated`, `dateUpdated`, `uid`) VALUES ('86', 'MatrixBlock', '1', '0', '2015-02-21 16:32:31', '2015-02-21 16:32:31', '97e31a1e-b96c-49ae-a023-6aafe47b349f');
INSERT INTO `craft_elements` (`id`, `type`, `enabled`, `archived`, `dateCreated`, `dateUpdated`, `uid`) VALUES ('87', 'MatrixBlock', '1', '0', '2015-02-21 16:32:31', '2015-02-21 16:32:31', '94c3188a-0f4b-4a3c-8674-1d939268fb59');
INSERT INTO `craft_elements` (`id`, `type`, `enabled`, `archived`, `dateCreated`, `dateUpdated`, `uid`) VALUES ('88', 'MatrixBlock', '1', '0', '2015-02-21 16:32:31', '2015-02-21 16:32:31', '630c6551-4da3-43c9-a969-9b361d5fe874');
INSERT INTO `craft_elements` (`id`, `type`, `enabled`, `archived`, `dateCreated`, `dateUpdated`, `uid`) VALUES ('89', 'MatrixBlock', '1', '0', '2015-02-21 16:32:31', '2015-02-21 16:32:31', 'baf9bc8d-c172-4d86-a072-5c103d6d632e');
INSERT INTO `craft_elements` (`id`, `type`, `enabled`, `archived`, `dateCreated`, `dateUpdated`, `uid`) VALUES ('90', 'MatrixBlock', '1', '0', '2015-02-21 16:32:31', '2015-02-21 16:32:31', '55b136b6-35a1-4fce-89a8-2efb50643356');
INSERT INTO `craft_elements` (`id`, `type`, `enabled`, `archived`, `dateCreated`, `dateUpdated`, `uid`) VALUES ('91', 'Entry', '1', '0', '2015-02-21 16:33:42', '2015-02-21 16:33:42', '72296ca1-dc78-4bff-ada3-e43d99c25cdd');
INSERT INTO `craft_elements` (`id`, `type`, `enabled`, `archived`, `dateCreated`, `dateUpdated`, `uid`) VALUES ('92', 'MatrixBlock', '1', '0', '2015-02-21 16:33:42', '2015-02-21 16:33:42', 'badc0259-2e50-4ac1-a15b-3bf16440b5ff');
INSERT INTO `craft_elements` (`id`, `type`, `enabled`, `archived`, `dateCreated`, `dateUpdated`, `uid`) VALUES ('93', 'MatrixBlock', '1', '0', '2015-02-21 16:33:42', '2015-02-21 16:33:42', '3c5fb161-c312-4388-93b9-64014c2b83d5');
INSERT INTO `craft_elements` (`id`, `type`, `enabled`, `archived`, `dateCreated`, `dateUpdated`, `uid`) VALUES ('94', 'MatrixBlock', '1', '0', '2015-02-21 16:33:42', '2015-02-21 16:33:42', 'b5d6d6f7-74e2-4558-ba26-4cf6e2f027bd');
INSERT INTO `craft_elements` (`id`, `type`, `enabled`, `archived`, `dateCreated`, `dateUpdated`, `uid`) VALUES ('95', 'MatrixBlock', '1', '0', '2015-02-21 16:33:42', '2015-02-21 16:33:42', '87683ef2-b8c3-4dd5-b339-6ca049b4363e');
INSERT INTO `craft_elements` (`id`, `type`, `enabled`, `archived`, `dateCreated`, `dateUpdated`, `uid`) VALUES ('96', 'MatrixBlock', '1', '0', '2015-02-21 16:33:42', '2015-02-21 16:33:42', 'e026a671-5610-4180-9759-3593d3fa8075');
INSERT INTO `craft_elements` (`id`, `type`, `enabled`, `archived`, `dateCreated`, `dateUpdated`, `uid`) VALUES ('97', 'Asset', '1', '0', '2015-02-21 20:57:04', '2015-02-21 22:57:25', 'b1fb0770-5abf-4798-aa20-a780e6bd9878');
INSERT INTO `craft_elements` (`id`, `type`, `enabled`, `archived`, `dateCreated`, `dateUpdated`, `uid`) VALUES ('98', 'Asset', '1', '0', '2015-02-21 20:57:22', '2015-02-21 22:27:18', '013579df-35bb-459e-9bdd-43ace91d9d92');
INSERT INTO `craft_elements` (`id`, `type`, `enabled`, `archived`, `dateCreated`, `dateUpdated`, `uid`) VALUES ('99', 'Asset', '1', '0', '2015-02-21 21:00:51', '2015-03-12 18:04:59', 'b6063ea9-c708-4341-a05d-8581ecbf7ea7');
INSERT INTO `craft_elements` (`id`, `type`, `enabled`, `archived`, `dateCreated`, `dateUpdated`, `uid`) VALUES ('106', 'Asset', '1', '0', '2015-02-21 23:47:46', '2015-02-21 23:47:47', '8d08d92c-3cd8-48e2-a4d9-3a9db37a15fe');
INSERT INTO `craft_elements` (`id`, `type`, `enabled`, `archived`, `dateCreated`, `dateUpdated`, `uid`) VALUES ('108', 'Asset', '1', '0', '2015-02-22 00:24:46', '2015-02-22 00:28:38', 'e1bf2614-3fd3-41b1-9875-662e30dcfeab');
INSERT INTO `craft_elements` (`id`, `type`, `enabled`, `archived`, `dateCreated`, `dateUpdated`, `uid`) VALUES ('109', 'Asset', '1', '0', '2015-02-23 19:09:14', '2015-02-23 19:29:33', 'a3879e21-0858-4029-a5d9-c8272aa7fc15');
INSERT INTO `craft_elements` (`id`, `type`, `enabled`, `archived`, `dateCreated`, `dateUpdated`, `uid`) VALUES ('111', 'Asset', '1', '0', '2015-02-23 19:57:17', '2015-02-23 19:57:17', '592d1c21-1724-4450-9dbf-d1dbb918021b');
INSERT INTO `craft_elements` (`id`, `type`, `enabled`, `archived`, `dateCreated`, `dateUpdated`, `uid`) VALUES ('112', 'Asset', '1', '0', '2015-02-23 19:57:21', '2015-02-23 19:57:21', '44f85885-3d9f-40a9-bf36-aea6674428fd');
INSERT INTO `craft_elements` (`id`, `type`, `enabled`, `archived`, `dateCreated`, `dateUpdated`, `uid`) VALUES ('113', 'Asset', '1', '0', '2015-02-23 20:14:13', '2015-02-23 20:14:13', '9538a62c-a5d0-452e-b174-360d03e7bf12');
INSERT INTO `craft_elements` (`id`, `type`, `enabled`, `archived`, `dateCreated`, `dateUpdated`, `uid`) VALUES ('114', 'Asset', '1', '0', '2015-02-23 20:55:21', '2015-02-23 21:31:42', '2b524e4e-1c39-4bfe-84e6-3e84c00d68e9');
INSERT INTO `craft_elements` (`id`, `type`, `enabled`, `archived`, `dateCreated`, `dateUpdated`, `uid`) VALUES ('116', 'Asset', '1', '0', '2015-02-23 21:22:48', '2015-02-23 21:22:48', '935edcba-1fe0-4261-9bf6-14f35e0730eb');
INSERT INTO `craft_elements` (`id`, `type`, `enabled`, `archived`, `dateCreated`, `dateUpdated`, `uid`) VALUES ('117', 'Asset', '1', '0', '2015-02-23 21:29:22', '2015-02-23 21:29:22', 'd6409005-8d57-441a-b080-d3d696c0dbb3');
INSERT INTO `craft_elements` (`id`, `type`, `enabled`, `archived`, `dateCreated`, `dateUpdated`, `uid`) VALUES ('119', 'Asset', '1', '0', '2015-02-23 21:39:06', '2015-02-23 21:41:00', 'c6fa8037-d5dc-4524-8f94-f89eebc35a9d');
INSERT INTO `craft_elements` (`id`, `type`, `enabled`, `archived`, `dateCreated`, `dateUpdated`, `uid`) VALUES ('121', 'Asset', '1', '0', '2015-02-23 21:45:49', '2015-02-23 21:46:45', '99e7cbaf-d784-4945-b4b1-1cbdd02f43fc');
INSERT INTO `craft_elements` (`id`, `type`, `enabled`, `archived`, `dateCreated`, `dateUpdated`, `uid`) VALUES ('125', 'Asset', '1', '0', '2015-02-23 22:08:04', '2015-02-23 22:09:58', '217971e8-3c16-4272-851c-a59c9ad66197');
INSERT INTO `craft_elements` (`id`, `type`, `enabled`, `archived`, `dateCreated`, `dateUpdated`, `uid`) VALUES ('127', 'Asset', '1', '0', '2015-02-23 22:31:39', '2015-02-23 22:32:59', 'a983796c-0849-4c7b-9abc-3f710783e03d');
INSERT INTO `craft_elements` (`id`, `type`, `enabled`, `archived`, `dateCreated`, `dateUpdated`, `uid`) VALUES ('138', 'Asset', '1', '0', '2015-03-03 18:37:58', '2015-03-03 18:37:58', '6f50e14d-a749-4eb1-b8bc-bbbc54a5d84b');
INSERT INTO `craft_elements` (`id`, `type`, `enabled`, `archived`, `dateCreated`, `dateUpdated`, `uid`) VALUES ('139', 'Asset', '1', '0', '2015-03-03 18:38:56', '2015-03-03 18:38:56', '1d772f69-2313-4af1-8525-a9ff24fbbaf3');
INSERT INTO `craft_elements` (`id`, `type`, `enabled`, `archived`, `dateCreated`, `dateUpdated`, `uid`) VALUES ('140', 'Asset', '1', '0', '2015-03-03 18:40:51', '2015-03-03 18:40:51', '03bcec56-3352-4500-b89c-ee382eb93312');
INSERT INTO `craft_elements` (`id`, `type`, `enabled`, `archived`, `dateCreated`, `dateUpdated`, `uid`) VALUES ('141', 'Asset', '1', '0', '2015-03-03 18:42:49', '2015-03-03 18:42:49', '907fca76-02db-42b0-b058-ea564430992d');
INSERT INTO `craft_elements` (`id`, `type`, `enabled`, `archived`, `dateCreated`, `dateUpdated`, `uid`) VALUES ('142', 'Asset', '1', '0', '2015-03-03 18:50:00', '2015-03-03 18:50:00', '982ad129-b723-42b9-83ea-d528d6ca8862');
INSERT INTO `craft_elements` (`id`, `type`, `enabled`, `archived`, `dateCreated`, `dateUpdated`, `uid`) VALUES ('143', 'Asset', '1', '0', '2015-03-03 19:13:52', '2015-03-03 19:13:52', 'd7b8b4cd-e9e1-4d54-a057-6ded5071e446');
INSERT INTO `craft_elements` (`id`, `type`, `enabled`, `archived`, `dateCreated`, `dateUpdated`, `uid`) VALUES ('144', 'Asset', '1', '0', '2015-03-03 19:15:14', '2015-03-03 19:15:14', 'd6299a52-26ce-4b54-bf15-837741b3d366');
INSERT INTO `craft_elements` (`id`, `type`, `enabled`, `archived`, `dateCreated`, `dateUpdated`, `uid`) VALUES ('145', 'Asset', '1', '0', '2015-03-03 20:27:36', '2015-03-03 20:29:20', '104544ef-bb42-44e8-89f6-be3038bc9a86');
INSERT INTO `craft_elements` (`id`, `type`, `enabled`, `archived`, `dateCreated`, `dateUpdated`, `uid`) VALUES ('147', 'Asset', '1', '0', '2015-03-03 20:35:15', '2015-03-03 20:35:15', 'f634cd8f-3a60-4118-b7b2-8fe515de6356');
INSERT INTO `craft_elements` (`id`, `type`, `enabled`, `archived`, `dateCreated`, `dateUpdated`, `uid`) VALUES ('148', 'Asset', '1', '0', '2015-03-03 20:38:38', '2015-03-03 20:38:38', 'ddc469d1-168c-4932-b5ed-f50aac3c582a');
INSERT INTO `craft_elements` (`id`, `type`, `enabled`, `archived`, `dateCreated`, `dateUpdated`, `uid`) VALUES ('149', 'Asset', '1', '0', '2015-03-03 20:40:30', '2015-03-03 20:40:30', '8752fc6f-81b5-431c-b458-142765a368cb');
INSERT INTO `craft_elements` (`id`, `type`, `enabled`, `archived`, `dateCreated`, `dateUpdated`, `uid`) VALUES ('150', 'Asset', '1', '0', '2015-03-03 20:40:32', '2015-03-03 20:40:32', 'fc53a728-725e-4729-8e61-27626f565264');
INSERT INTO `craft_elements` (`id`, `type`, `enabled`, `archived`, `dateCreated`, `dateUpdated`, `uid`) VALUES ('151', 'Asset', '1', '0', '2015-03-11 22:24:51', '2015-03-11 22:24:51', '84678638-86ee-450a-b653-94a3a03bf261');
INSERT INTO `craft_elements` (`id`, `type`, `enabled`, `archived`, `dateCreated`, `dateUpdated`, `uid`) VALUES ('152', 'Asset', '1', '0', '2015-03-11 22:24:53', '2015-03-11 22:24:53', 'f096b3bc-3e48-4aa8-95d4-1d58ffdb1649');
INSERT INTO `craft_elements` (`id`, `type`, `enabled`, `archived`, `dateCreated`, `dateUpdated`, `uid`) VALUES ('153', 'Asset', '1', '0', '2015-03-11 22:24:55', '2015-03-11 22:24:55', '318fe651-1e8b-495f-8c28-e07f0b280517');
INSERT INTO `craft_elements` (`id`, `type`, `enabled`, `archived`, `dateCreated`, `dateUpdated`, `uid`) VALUES ('154', 'Asset', '1', '0', '2015-03-11 22:43:04', '2015-03-11 22:43:29', '0566ea91-f07c-4c9e-8dad-2f53f0e6fcfe');
INSERT INTO `craft_elements` (`id`, `type`, `enabled`, `archived`, `dateCreated`, `dateUpdated`, `uid`) VALUES ('155', 'Asset', '1', '0', '2015-03-11 22:43:08', '2015-03-12 00:34:58', '95b9bcc2-0f7b-4360-85b3-2f55be4a43da');
INSERT INTO `craft_elements` (`id`, `type`, `enabled`, `archived`, `dateCreated`, `dateUpdated`, `uid`) VALUES ('156', 'Asset', '1', '0', '2015-03-11 22:43:12', '2015-03-12 00:13:06', 'bcc4f043-18bc-4ec2-9f23-63f43ecd86ee');
INSERT INTO `craft_elements` (`id`, `type`, `enabled`, `archived`, `dateCreated`, `dateUpdated`, `uid`) VALUES ('157', 'Asset', '1', '0', '2015-03-11 23:58:38', '2015-03-12 00:00:33', 'f77a6483-a70a-4e1f-a06e-eb190fb30230');
INSERT INTO `craft_elements` (`id`, `type`, `enabled`, `archived`, `dateCreated`, `dateUpdated`, `uid`) VALUES ('167', 'Asset', '1', '0', '2015-03-12 01:20:40', '2015-03-12 01:29:34', 'efe7ec66-4172-4a8d-a38c-fcf03e32308f');
INSERT INTO `craft_elements` (`id`, `type`, `enabled`, `archived`, `dateCreated`, `dateUpdated`, `uid`) VALUES ('168', 'Asset', '1', '0', '2015-03-12 01:20:42', '2015-03-12 01:29:35', 'b726ef1b-e5d9-4a61-ac72-033d1432b2d8');
INSERT INTO `craft_elements` (`id`, `type`, `enabled`, `archived`, `dateCreated`, `dateUpdated`, `uid`) VALUES ('169', 'Asset', '1', '0', '2015-03-12 12:23:25', '2015-03-12 12:25:01', '1e28f8db-dc60-4357-b263-8974db2a4c3b');
INSERT INTO `craft_elements` (`id`, `type`, `enabled`, `archived`, `dateCreated`, `dateUpdated`, `uid`) VALUES ('171', 'MatrixBlock', '1', '0', '2015-03-12 12:25:42', '2015-03-12 14:47:41', '458347fd-0cc5-47e1-82a1-673f673bce5e');
INSERT INTO `craft_elements` (`id`, `type`, `enabled`, `archived`, `dateCreated`, `dateUpdated`, `uid`) VALUES ('174', 'Asset', '1', '0', '2015-03-12 14:47:34', '2015-03-12 14:49:11', '2b5db8d8-a1f8-4e45-b0d6-22c20337cee8');
INSERT INTO `craft_elements` (`id`, `type`, `enabled`, `archived`, `dateCreated`, `dateUpdated`, `uid`) VALUES ('176', 'Asset', '1', '0', '2015-03-12 15:12:00', '2015-03-12 15:12:00', 'c721566d-1d14-4907-97db-2aedd8ae69b5');
INSERT INTO `craft_elements` (`id`, `type`, `enabled`, `archived`, `dateCreated`, `dateUpdated`, `uid`) VALUES ('177', 'Asset', '1', '0', '2015-03-12 15:33:55', '2015-03-12 15:33:55', 'fb3f2eaa-cfdf-4ffd-b095-3575d1a0e295');
INSERT INTO `craft_elements` (`id`, `type`, `enabled`, `archived`, `dateCreated`, `dateUpdated`, `uid`) VALUES ('178', 'Asset', '1', '0', '2015-03-12 15:47:41', '2015-03-12 15:47:41', '5d267e08-eebb-4bcb-802e-6799883bafd7');
INSERT INTO `craft_elements` (`id`, `type`, `enabled`, `archived`, `dateCreated`, `dateUpdated`, `uid`) VALUES ('179', 'Asset', '1', '0', '2015-03-12 16:17:54', '2015-03-12 16:17:54', '31999321-1937-4ddd-b724-3acdf4962e1b');
INSERT INTO `craft_elements` (`id`, `type`, `enabled`, `archived`, `dateCreated`, `dateUpdated`, `uid`) VALUES ('180', 'Asset', '1', '0', '2015-03-12 17:09:33', '2015-03-12 17:22:23', 'ccd8ea8b-e435-4c6e-8a2f-eb36681181b0');
INSERT INTO `craft_elements` (`id`, `type`, `enabled`, `archived`, `dateCreated`, `dateUpdated`, `uid`) VALUES ('181', 'Asset', '1', '0', '2015-03-12 17:11:10', '2015-03-12 17:22:23', '7a1609b3-0ffe-47dc-8878-eec2e1b8237c');
INSERT INTO `craft_elements` (`id`, `type`, `enabled`, `archived`, `dateCreated`, `dateUpdated`, `uid`) VALUES ('182', 'Asset', '1', '0', '2015-03-12 17:22:06', '2015-03-12 17:22:23', '6579067c-f590-4134-bc53-60fe4fcf0a7f');
INSERT INTO `craft_elements` (`id`, `type`, `enabled`, `archived`, `dateCreated`, `dateUpdated`, `uid`) VALUES ('183', 'MatrixBlock', '1', '0', '2015-03-12 17:23:22', '2015-03-12 17:28:37', 'c886243f-8f45-4d04-94aa-210a11fbc5e0');
INSERT INTO `craft_elements` (`id`, `type`, `enabled`, `archived`, `dateCreated`, `dateUpdated`, `uid`) VALUES ('184', 'Asset', '1', '0', '2015-03-12 17:27:00', '2015-03-12 17:27:00', '50041c7f-d881-4fab-8736-5a28bde6b990');
INSERT INTO `craft_elements` (`id`, `type`, `enabled`, `archived`, `dateCreated`, `dateUpdated`, `uid`) VALUES ('185', 'Asset', '1', '0', '2015-03-12 17:28:12', '2015-03-12 17:28:12', '8e83ef0d-e9d3-4ff2-bce3-fc88b1f9ff94');
INSERT INTO `craft_elements` (`id`, `type`, `enabled`, `archived`, `dateCreated`, `dateUpdated`, `uid`) VALUES ('186', 'Asset', '1', '0', '2015-03-12 17:44:41', '2015-03-12 17:44:41', 'fc6012ef-e850-41b2-8d41-e458f1f9d68a');
INSERT INTO `craft_elements` (`id`, `type`, `enabled`, `archived`, `dateCreated`, `dateUpdated`, `uid`) VALUES ('187', 'Asset', '1', '0', '2015-03-12 17:44:42', '2015-03-12 17:48:14', '8863dc78-92f5-43fd-879a-df53454306a1');



DROP TABLE IF EXISTS `craft_elements_i18n`;


--
-- Schema for table `craft_elements_i18n`
--
CREATE TABLE `craft_elements_i18n` (
  `id` int(11) NOT NULL AUTO_INCREMENT,
  `elementId` int(11) NOT NULL,
  `locale` char(12) COLLATE utf8_unicode_ci NOT NULL,
  `slug` varchar(255) COLLATE utf8_unicode_ci DEFAULT NULL,
  `uri` varchar(255) COLLATE utf8_unicode_ci DEFAULT NULL,
  `enabled` tinyint(1) unsigned NOT NULL DEFAULT '1',
  `dateCreated` datetime NOT NULL,
  `dateUpdated` datetime NOT NULL,
  `uid` char(36) COLLATE utf8_unicode_ci NOT NULL DEFAULT '0',
  PRIMARY KEY (`id`),
  UNIQUE KEY `craft_elements_i18n_elementId_locale_unq_idx` (`elementId`,`locale`),
  UNIQUE KEY `craft_elements_i18n_uri_locale_unq_idx` (`uri`,`locale`),
  KEY `craft_elements_i18n_slug_locale_idx` (`slug`,`locale`),
  KEY `craft_elements_i18n_enabled_idx` (`enabled`),
  KEY `craft_elements_i18n_locale_fk` (`locale`)
) ENGINE=InnoDB AUTO_INCREMENT=190 DEFAULT CHARSET=utf8 COLLATE=utf8_unicode_ci;

--
-- Data for table `craft_elements_i18n`
--

INSERT INTO `craft_elements_i18n` (`id`, `elementId`, `locale`, `slug`, `uri`, `enabled`, `dateCreated`, `dateUpdated`, `uid`) VALUES ('1', '1', 'en_us', '', NULL, '1', '2015-02-20 22:12:57', '2015-02-20 22:12:57', '5789d4ee-9e27-4a45-b173-1fe8fa8139ff');
INSERT INTO `craft_elements_i18n` (`id`, `elementId`, `locale`, `slug`, `uri`, `enabled`, `dateCreated`, `dateUpdated`, `uid`) VALUES ('2', '2', 'en_us', 'homepage', '__home__', '1', '2015-02-20 22:13:00', '2015-02-20 22:13:00', 'f94b239b-ef6d-417f-b68f-23afa4b9406c');
INSERT INTO `craft_elements_i18n` (`id`, `elementId`, `locale`, `slug`, `uri`, `enabled`, `dateCreated`, `dateUpdated`, `uid`) VALUES ('4', '4', 'en_us', 'can-van', 'projects/can-van', '1', '2015-02-20 22:44:38', '2015-03-12 15:33:58', 'f82c1f7c-898a-4e81-b30c-2b1f96545628');
INSERT INTO `craft_elements_i18n` (`id`, `elementId`, `locale`, `slug`, `uri`, `enabled`, `dateCreated`, `dateUpdated`, `uid`) VALUES ('5', '5', 'en_us', '', NULL, '1', '2015-02-20 22:44:38', '2015-03-12 15:33:58', '1d42e16e-3b5f-498e-b986-3ae41b78b3ed');
INSERT INTO `craft_elements_i18n` (`id`, `elementId`, `locale`, `slug`, `uri`, `enabled`, `dateCreated`, `dateUpdated`, `uid`) VALUES ('6', '6', 'en_us', '', NULL, '1', '2015-02-20 22:44:38', '2015-03-12 15:33:58', '06253b91-4825-4c90-a34f-1064aa4bf3f0');
INSERT INTO `craft_elements_i18n` (`id`, `elementId`, `locale`, `slug`, `uri`, `enabled`, `dateCreated`, `dateUpdated`, `uid`) VALUES ('7', '7', 'en_us', '', NULL, '1', '2015-02-20 22:44:38', '2015-03-12 15:33:58', '66d3753d-9243-47bc-9bee-3be5a2fa3c11');
INSERT INTO `craft_elements_i18n` (`id`, `elementId`, `locale`, `slug`, `uri`, `enabled`, `dateCreated`, `dateUpdated`, `uid`) VALUES ('8', '8', 'en_us', '', NULL, '1', '2015-02-20 22:44:38', '2015-03-12 15:33:58', '2588765a-5da7-43bd-b217-2980458b8f6a');
INSERT INTO `craft_elements_i18n` (`id`, `elementId`, `locale`, `slug`, `uri`, `enabled`, `dateCreated`, `dateUpdated`, `uid`) VALUES ('9', '9', 'en_us', '', NULL, '1', '2015-02-20 22:44:38', '2015-03-12 15:33:58', '6b27c0d9-9fe7-41a2-8690-720c22265911');
INSERT INTO `craft_elements_i18n` (`id`, `elementId`, `locale`, `slug`, `uri`, `enabled`, `dateCreated`, `dateUpdated`, `uid`) VALUES ('17', '17', 'en_us', 'all-devices', NULL, '1', '2015-02-20 23:39:33', '2015-02-20 23:43:37', 'eaf85bd7-6564-4c2d-8074-1430e2f5e601');
INSERT INTO `craft_elements_i18n` (`id`, `elementId`, `locale`, `slug`, `uri`, `enabled`, `dateCreated`, `dateUpdated`, `uid`) VALUES ('18', '18', 'en_us', 'ed-image-web-cropped', NULL, '1', '2015-02-20 23:39:34', '2015-02-20 23:43:39', 'd2408d75-c318-4058-aeed-24a7d2915013');
INSERT INTO `craft_elements_i18n` (`id`, `elementId`, `locale`, `slug`, `uri`, `enabled`, `dateCreated`, `dateUpdated`, `uid`) VALUES ('19', '19', 'en_us', 'all-projects', NULL, '1', '2015-02-20 23:39:34', '2015-02-20 23:43:38', 'f089d20b-5a38-49cf-9ff0-4ba46f21a550');
INSERT INTO `craft_elements_i18n` (`id`, `elementId`, `locale`, `slug`, `uri`, `enabled`, `dateCreated`, `dateUpdated`, `uid`) VALUES ('20', '20', 'en_us', 'ed-image-web-1200', NULL, '1', '2015-02-20 23:39:34', '2015-02-20 23:43:39', 'cbc60f27-fc59-4ea7-9666-0b3cd1a5fa2c');
INSERT INTO `craft_elements_i18n` (`id`, `elementId`, `locale`, `slug`, `uri`, `enabled`, `dateCreated`, `dateUpdated`, `uid`) VALUES ('21', '21', 'en_us', 'ed-image-web-nologo', NULL, '1', '2015-02-20 23:39:34', '2015-02-20 23:43:39', 'af6d3f69-229e-4f1e-bd35-f1552b1c668c');
INSERT INTO `craft_elements_i18n` (`id`, `elementId`, `locale`, `slug`, `uri`, `enabled`, `dateCreated`, `dateUpdated`, `uid`) VALUES ('22', '22', 'en_us', 'ed-image-web', NULL, '1', '2015-02-20 23:39:35', '2015-02-20 23:43:39', '2d40f8f1-860b-42dc-b6d3-e2a28acb3a0d');
INSERT INTO `craft_elements_i18n` (`id`, `elementId`, `locale`, `slug`, `uri`, `enabled`, `dateCreated`, `dateUpdated`, `uid`) VALUES ('23', '23', 'en_us', 'ed-logo-tiny', NULL, '1', '2015-02-20 23:39:35', '2015-02-20 23:43:39', '3660c087-5361-49fa-9d09-cae3070f12dd');
INSERT INTO `craft_elements_i18n` (`id`, `elementId`, `locale`, `slug`, `uri`, `enabled`, `dateCreated`, `dateUpdated`, `uid`) VALUES ('24', '24', 'en_us', 'glyphicons-halflings-white', NULL, '1', '2015-02-20 23:39:36', '2015-02-20 23:43:40', 'f6c42f5d-afd0-46bf-9d6d-102ab544e71b');
INSERT INTO `craft_elements_i18n` (`id`, `elementId`, `locale`, `slug`, `uri`, `enabled`, `dateCreated`, `dateUpdated`, `uid`) VALUES ('25', '25', 'en_us', 'glyphicons-halflings', NULL, '1', '2015-02-20 23:39:36', '2015-02-20 23:43:40', '4721e263-2471-4e49-abbe-ed593158f523');
INSERT INTO `craft_elements_i18n` (`id`, `elementId`, `locale`, `slug`, `uri`, `enabled`, `dateCreated`, `dateUpdated`, `uid`) VALUES ('26', '26', 'en_us', 'head', NULL, '1', '2015-02-20 23:39:36', '2015-02-20 23:43:40', '790ce507-6913-4058-a3e2-75c1f0a1189a');
INSERT INTO `craft_elements_i18n` (`id`, `elementId`, `locale`, `slug`, `uri`, `enabled`, `dateCreated`, `dateUpdated`, `uid`) VALUES ('27', '27', 'en_us', 'head2', NULL, '1', '2015-02-20 23:39:36', '2015-02-20 23:43:40', '7098baf0-33a6-47a1-995a-f72588e451d4');
INSERT INTO `craft_elements_i18n` (`id`, `elementId`, `locale`, `slug`, `uri`, `enabled`, `dateCreated`, `dateUpdated`, `uid`) VALUES ('28', '28', 'en_us', 'header-logo', NULL, '1', '2015-02-20 23:39:37', '2015-02-20 23:43:40', '460256a3-35ed-4d83-aa83-a0268eaa560c');
INSERT INTO `craft_elements_i18n` (`id`, `elementId`, `locale`, `slug`, `uri`, `enabled`, `dateCreated`, `dateUpdated`, `uid`) VALUES ('29', '29', 'en_us', 'logo-banner', NULL, '1', '2015-02-20 23:39:37', '2015-02-20 23:43:41', '56e373d1-2598-49a6-8f1b-7dc538724624');
INSERT INTO `craft_elements_i18n` (`id`, `elementId`, `locale`, `slug`, `uri`, `enabled`, `dateCreated`, `dateUpdated`, `uid`) VALUES ('30', '30', 'en_us', 'logo', NULL, '1', '2015-02-20 23:39:37', '2015-02-20 23:43:41', '692a71c1-3796-4d1c-8d93-b62d8f96f3cd');
INSERT INTO `craft_elements_i18n` (`id`, `elementId`, `locale`, `slug`, `uri`, `enabled`, `dateCreated`, `dateUpdated`, `uid`) VALUES ('31', '31', 'en_us', 'masthead-2', NULL, '1', '2015-02-20 23:39:37', '2015-02-20 23:43:41', '8d54ed7c-2812-4428-a96d-19d0363205fa');
INSERT INTO `craft_elements_i18n` (`id`, `elementId`, `locale`, `slug`, `uri`, `enabled`, `dateCreated`, `dateUpdated`, `uid`) VALUES ('32', '32', 'en_us', 'masthead', NULL, '1', '2015-02-20 23:39:38', '2015-02-20 23:43:41', '696c98b8-046b-4496-8e27-8e635f2c5f76');
INSERT INTO `craft_elements_i18n` (`id`, `elementId`, `locale`, `slug`, `uri`, `enabled`, `dateCreated`, `dateUpdated`, `uid`) VALUES ('33', '33', 'en_us', 'my-logo', NULL, '1', '2015-02-20 23:39:38', '2015-02-20 23:43:41', 'dc97df3e-1a1b-4bf8-b4b0-b09f770726be');
INSERT INTO `craft_elements_i18n` (`id`, `elementId`, `locale`, `slug`, `uri`, `enabled`, `dateCreated`, `dateUpdated`, `uid`) VALUES ('34', '34', 'en_us', 'my-logo', NULL, '1', '2015-02-20 23:39:38', '2015-02-20 23:43:42', 'e32b8e63-3757-42df-a582-59c6650b8ee7');
INSERT INTO `craft_elements_i18n` (`id`, `elementId`, `locale`, `slug`, `uri`, `enabled`, `dateCreated`, `dateUpdated`, `uid`) VALUES ('35', '35', 'en_us', 'dribbble', NULL, '1', '2015-02-20 23:39:38', '2015-02-20 23:43:42', '71556267-1c9c-4697-8da9-5febc29dd669');
INSERT INTO `craft_elements_i18n` (`id`, `elementId`, `locale`, `slug`, `uri`, `enabled`, `dateCreated`, `dateUpdated`, `uid`) VALUES ('36', '36', 'en_us', 'insta', NULL, '1', '2015-02-20 23:39:38', '2015-02-20 23:43:42', '19ce512f-b4a5-4524-b64e-0cd5535be37b');
INSERT INTO `craft_elements_i18n` (`id`, `elementId`, `locale`, `slug`, `uri`, `enabled`, `dateCreated`, `dateUpdated`, `uid`) VALUES ('37', '37', 'en_us', 'linkedin', NULL, '1', '2015-02-20 23:39:39', '2015-02-20 23:43:42', '78908071-ced7-4a56-b8a7-9b368899d8aa');
INSERT INTO `craft_elements_i18n` (`id`, `elementId`, `locale`, `slug`, `uri`, `enabled`, `dateCreated`, `dateUpdated`, `uid`) VALUES ('38', '38', 'en_us', 'twitter', NULL, '1', '2015-02-20 23:39:39', '2015-02-20 23:43:42', 'b3eb6428-4dca-4a3f-9f2b-257e0c05d13e');
INSERT INTO `craft_elements_i18n` (`id`, `elementId`, `locale`, `slug`, `uri`, `enabled`, `dateCreated`, `dateUpdated`, `uid`) VALUES ('41', '41', 'en_us', 'canvan-1', NULL, '1', '2015-02-20 23:41:44', '2015-03-11 22:43:25', 'a362926d-1759-4073-b395-8c7c2d2bd45c');
INSERT INTO `craft_elements_i18n` (`id`, `elementId`, `locale`, `slug`, `uri`, `enabled`, `dateCreated`, `dateUpdated`, `uid`) VALUES ('45', '45', 'en_us', 'hero', NULL, '1', '2015-02-21 00:49:25', '2015-02-21 00:49:26', 'd9291ba9-0d37-4cb8-8475-2d673706559e');
INSERT INTO `craft_elements_i18n` (`id`, `elementId`, `locale`, `slug`, `uri`, `enabled`, `dateCreated`, `dateUpdated`, `uid`) VALUES ('46', '46', 'en_us', 'life-fit', 'projects/life-fit', '1', '2015-02-21 16:23:52', '2015-03-12 14:47:41', '17e21bc6-2261-44de-80cc-2d41239b72c2');
INSERT INTO `craft_elements_i18n` (`id`, `elementId`, `locale`, `slug`, `uri`, `enabled`, `dateCreated`, `dateUpdated`, `uid`) VALUES ('47', '47', 'en_us', '', NULL, '1', '2015-02-21 16:23:52', '2015-03-12 14:47:42', 'a5777c4c-fa2f-4c42-b01e-3f5a5f2e92e1');
INSERT INTO `craft_elements_i18n` (`id`, `elementId`, `locale`, `slug`, `uri`, `enabled`, `dateCreated`, `dateUpdated`, `uid`) VALUES ('48', '48', 'en_us', '', NULL, '1', '2015-02-21 16:23:52', '2015-03-12 14:47:42', 'bb34afd5-ba7b-4dfa-aa51-773f22dc2ff6');
INSERT INTO `craft_elements_i18n` (`id`, `elementId`, `locale`, `slug`, `uri`, `enabled`, `dateCreated`, `dateUpdated`, `uid`) VALUES ('49', '49', 'en_us', '', NULL, '1', '2015-02-21 16:23:52', '2015-03-12 14:47:42', 'a4396abd-b5ef-4b51-bf07-9d468d1d2412');
INSERT INTO `craft_elements_i18n` (`id`, `elementId`, `locale`, `slug`, `uri`, `enabled`, `dateCreated`, `dateUpdated`, `uid`) VALUES ('50', '50', 'en_us', '', NULL, '1', '2015-02-21 16:23:52', '2015-03-12 14:47:42', 'c9f992c7-ff13-4086-82e3-e66cca63559b');
INSERT INTO `craft_elements_i18n` (`id`, `elementId`, `locale`, `slug`, `uri`, `enabled`, `dateCreated`, `dateUpdated`, `uid`) VALUES ('51', '51', 'en_us', '', NULL, '1', '2015-02-21 16:23:52', '2015-03-12 14:47:42', 'bc7188a5-5380-4e3c-b7ff-c1d3d28796b3');
INSERT INTO `craft_elements_i18n` (`id`, `elementId`, `locale`, `slug`, `uri`, `enabled`, `dateCreated`, `dateUpdated`, `uid`) VALUES ('52', '52', 'en_us', 'unsigned', 'projects/unsigned', '1', '2015-02-21 16:24:47', '2015-03-12 18:05:02', 'a1573fb2-d9e0-4907-a556-be39a97a5c16');
INSERT INTO `craft_elements_i18n` (`id`, `elementId`, `locale`, `slug`, `uri`, `enabled`, `dateCreated`, `dateUpdated`, `uid`) VALUES ('53', '53', 'en_us', '', NULL, '1', '2015-02-21 16:24:47', '2015-03-12 18:05:02', '82665e4d-85df-4ccc-bd8f-2dfbb56fce84');
INSERT INTO `craft_elements_i18n` (`id`, `elementId`, `locale`, `slug`, `uri`, `enabled`, `dateCreated`, `dateUpdated`, `uid`) VALUES ('54', '54', 'en_us', '', NULL, '1', '2015-02-21 16:24:47', '2015-03-12 18:05:02', 'd19a6fd4-3609-4083-ab78-61186f399952');
INSERT INTO `craft_elements_i18n` (`id`, `elementId`, `locale`, `slug`, `uri`, `enabled`, `dateCreated`, `dateUpdated`, `uid`) VALUES ('55', '55', 'en_us', '', NULL, '1', '2015-02-21 16:24:47', '2015-03-12 18:05:02', '6fb3e441-f3cc-4827-bba5-3f85cb555738');
INSERT INTO `craft_elements_i18n` (`id`, `elementId`, `locale`, `slug`, `uri`, `enabled`, `dateCreated`, `dateUpdated`, `uid`) VALUES ('56', '56', 'en_us', '', NULL, '1', '2015-02-21 16:24:47', '2015-03-12 18:05:02', 'c2519187-53f1-4e8a-a499-7e7489da8168');
INSERT INTO `craft_elements_i18n` (`id`, `elementId`, `locale`, `slug`, `uri`, `enabled`, `dateCreated`, `dateUpdated`, `uid`) VALUES ('57', '57', 'en_us', '', NULL, '1', '2015-02-21 16:24:47', '2015-03-12 18:05:02', 'ceeb0d92-d92e-4648-a4fe-8adb7c469cba');
INSERT INTO `craft_elements_i18n` (`id`, `elementId`, `locale`, `slug`, `uri`, `enabled`, `dateCreated`, `dateUpdated`, `uid`) VALUES ('58', '58', 'en_us', '', NULL, '1', '2015-02-21 16:24:47', '2015-03-12 18:05:02', '66f3bf72-6399-4f98-9bf2-bf2f899d1d6b');
INSERT INTO `craft_elements_i18n` (`id`, `elementId`, `locale`, `slug`, `uri`, `enabled`, `dateCreated`, `dateUpdated`, `uid`) VALUES ('59', '59', 'en_us', 'winter-beer-festival', 'projects/winter-beer-festival', '1', '2015-02-21 16:26:49', '2015-03-12 17:28:37', '4bc9e6a3-f3e4-4cdb-bd00-14afddfabbb1');
INSERT INTO `craft_elements_i18n` (`id`, `elementId`, `locale`, `slug`, `uri`, `enabled`, `dateCreated`, `dateUpdated`, `uid`) VALUES ('60', '60', 'en_us', '', NULL, '1', '2015-02-21 16:26:49', '2015-03-12 17:28:37', '8a953d3b-2d68-415a-81e4-e024ca0a529c');
INSERT INTO `craft_elements_i18n` (`id`, `elementId`, `locale`, `slug`, `uri`, `enabled`, `dateCreated`, `dateUpdated`, `uid`) VALUES ('61', '61', 'en_us', '', NULL, '1', '2015-02-21 16:26:49', '2015-03-12 17:28:37', 'cb61edc4-048e-410f-93bb-d5c60c5903a9');
INSERT INTO `craft_elements_i18n` (`id`, `elementId`, `locale`, `slug`, `uri`, `enabled`, `dateCreated`, `dateUpdated`, `uid`) VALUES ('62', '62', 'en_us', '', NULL, '1', '2015-02-21 16:26:49', '2015-03-12 17:28:37', '0b99f518-8617-457d-b0ff-2587e6a382cb');
INSERT INTO `craft_elements_i18n` (`id`, `elementId`, `locale`, `slug`, `uri`, `enabled`, `dateCreated`, `dateUpdated`, `uid`) VALUES ('63', '63', 'en_us', '', NULL, '1', '2015-02-21 16:26:49', '2015-03-12 17:28:37', 'da0743cf-9262-47f9-b851-7c033718add2');
INSERT INTO `craft_elements_i18n` (`id`, `elementId`, `locale`, `slug`, `uri`, `enabled`, `dateCreated`, `dateUpdated`, `uid`) VALUES ('64', '64', 'en_us', '', NULL, '1', '2015-02-21 16:26:49', '2015-03-12 17:28:37', '9e8266ea-75aa-4127-81c9-5b08f230b52d');
INSERT INTO `craft_elements_i18n` (`id`, `elementId`, `locale`, `slug`, `uri`, `enabled`, `dateCreated`, `dateUpdated`, `uid`) VALUES ('65', '65', 'en_us', '', NULL, '1', '2015-02-21 16:26:49', '2015-03-12 17:28:37', '5c8025eb-90c2-47c9-92b0-60db98a7ced6');
INSERT INTO `craft_elements_i18n` (`id`, `elementId`, `locale`, `slug`, `uri`, `enabled`, `dateCreated`, `dateUpdated`, `uid`) VALUES ('66', '66', 'en_us', 'caroline', 'projects/caroline', '1', '2015-02-21 16:28:03', '2015-03-12 16:17:56', 'f8b3c765-014c-43a6-895c-11f8163a2acc');
INSERT INTO `craft_elements_i18n` (`id`, `elementId`, `locale`, `slug`, `uri`, `enabled`, `dateCreated`, `dateUpdated`, `uid`) VALUES ('67', '67', 'en_us', '', NULL, '1', '2015-02-21 16:28:03', '2015-03-12 16:17:56', '3b105c78-e9b0-4374-ba2a-7b3cf7abc670');
INSERT INTO `craft_elements_i18n` (`id`, `elementId`, `locale`, `slug`, `uri`, `enabled`, `dateCreated`, `dateUpdated`, `uid`) VALUES ('68', '68', 'en_us', '', NULL, '1', '2015-02-21 16:28:03', '2015-03-12 16:17:56', '6e8c092b-92d4-4fd5-9356-6d06b6dc900a');
INSERT INTO `craft_elements_i18n` (`id`, `elementId`, `locale`, `slug`, `uri`, `enabled`, `dateCreated`, `dateUpdated`, `uid`) VALUES ('69', '69', 'en_us', '', NULL, '1', '2015-02-21 16:28:03', '2015-03-12 16:17:56', '14fca9f1-7053-41c7-8a9d-1ac9d9eeceea');
INSERT INTO `craft_elements_i18n` (`id`, `elementId`, `locale`, `slug`, `uri`, `enabled`, `dateCreated`, `dateUpdated`, `uid`) VALUES ('70', '70', 'en_us', '', NULL, '1', '2015-02-21 16:28:03', '2015-03-12 16:17:56', '4e3d3560-fea7-4032-abfc-fa96f202c0d0');
INSERT INTO `craft_elements_i18n` (`id`, `elementId`, `locale`, `slug`, `uri`, `enabled`, `dateCreated`, `dateUpdated`, `uid`) VALUES ('71', '71', 'en_us', '', NULL, '1', '2015-02-21 16:28:03', '2015-03-12 16:17:56', '4a71f8e0-46b9-42c0-bee3-a7d18b415bf5');
INSERT INTO `craft_elements_i18n` (`id`, `elementId`, `locale`, `slug`, `uri`, `enabled`, `dateCreated`, `dateUpdated`, `uid`) VALUES ('72', '72', 'en_us', 'oktoberfest', 'projects/oktoberfest', '1', '2015-02-21 16:28:54', '2015-03-12 15:12:04', '5c22e782-6e4e-456e-bfe0-accaaaeb022c');
INSERT INTO `craft_elements_i18n` (`id`, `elementId`, `locale`, `slug`, `uri`, `enabled`, `dateCreated`, `dateUpdated`, `uid`) VALUES ('73', '73', 'en_us', '', NULL, '1', '2015-02-21 16:28:54', '2015-03-12 15:12:04', '7877acb5-2dd3-4604-b9cc-04ed3f1bf06a');
INSERT INTO `craft_elements_i18n` (`id`, `elementId`, `locale`, `slug`, `uri`, `enabled`, `dateCreated`, `dateUpdated`, `uid`) VALUES ('74', '74', 'en_us', '', NULL, '1', '2015-02-21 16:28:54', '2015-03-12 15:12:04', '8b821eb2-0f40-4014-9bc8-25cc26f93272');
INSERT INTO `craft_elements_i18n` (`id`, `elementId`, `locale`, `slug`, `uri`, `enabled`, `dateCreated`, `dateUpdated`, `uid`) VALUES ('75', '75', 'en_us', '', NULL, '1', '2015-02-21 16:28:54', '2015-03-12 15:12:04', '27d15fd9-dad2-4a3e-a23a-5cdb4e3c12fc');
INSERT INTO `craft_elements_i18n` (`id`, `elementId`, `locale`, `slug`, `uri`, `enabled`, `dateCreated`, `dateUpdated`, `uid`) VALUES ('76', '76', 'en_us', '', NULL, '1', '2015-02-21 16:28:54', '2015-03-12 15:12:04', '195278e4-6cd2-40d6-a9d9-93cfd64ac2dd');
INSERT INTO `craft_elements_i18n` (`id`, `elementId`, `locale`, `slug`, `uri`, `enabled`, `dateCreated`, `dateUpdated`, `uid`) VALUES ('77', '77', 'en_us', '', NULL, '1', '2015-02-21 16:28:54', '2015-03-12 15:12:04', '1065e3dd-e967-4dfc-a951-2630631bae95');
INSERT INTO `craft_elements_i18n` (`id`, `elementId`, `locale`, `slug`, `uri`, `enabled`, `dateCreated`, `dateUpdated`, `uid`) VALUES ('78', '78', 'en_us', 'find-gold', 'projects/find-gold', '1', '2015-02-21 16:29:56', '2015-03-12 15:47:48', 'c43c3c3c-6e16-4122-ad1f-3160f2798784');
INSERT INTO `craft_elements_i18n` (`id`, `elementId`, `locale`, `slug`, `uri`, `enabled`, `dateCreated`, `dateUpdated`, `uid`) VALUES ('79', '79', 'en_us', '', NULL, '1', '2015-02-21 16:29:56', '2015-03-12 15:47:48', 'ec64a4ce-e7ff-45b3-8f4b-8971dd528f56');
INSERT INTO `craft_elements_i18n` (`id`, `elementId`, `locale`, `slug`, `uri`, `enabled`, `dateCreated`, `dateUpdated`, `uid`) VALUES ('80', '80', 'en_us', '', NULL, '1', '2015-02-21 16:29:56', '2015-03-12 15:47:48', '56530a3f-66f9-4fee-a4cd-c89af6114d2d');
INSERT INTO `craft_elements_i18n` (`id`, `elementId`, `locale`, `slug`, `uri`, `enabled`, `dateCreated`, `dateUpdated`, `uid`) VALUES ('81', '81', 'en_us', '', NULL, '1', '2015-02-21 16:29:56', '2015-03-12 15:47:48', '750e4823-b7cb-4690-aba2-5e6623f43e5c');
INSERT INTO `craft_elements_i18n` (`id`, `elementId`, `locale`, `slug`, `uri`, `enabled`, `dateCreated`, `dateUpdated`, `uid`) VALUES ('82', '82', 'en_us', '', NULL, '1', '2015-02-21 16:29:56', '2015-03-12 15:47:48', 'aa2b5bbb-2d48-4638-b37a-5d8b5e8fef99');
INSERT INTO `craft_elements_i18n` (`id`, `elementId`, `locale`, `slug`, `uri`, `enabled`, `dateCreated`, `dateUpdated`, `uid`) VALUES ('83', '83', 'en_us', '', NULL, '1', '2015-02-21 16:29:56', '2015-03-12 15:47:48', 'fa45d229-1985-4653-8210-e3d74490e032');
INSERT INTO `craft_elements_i18n` (`id`, `elementId`, `locale`, `slug`, `uri`, `enabled`, `dateCreated`, `dateUpdated`, `uid`) VALUES ('84', '84', 'en_us', '', NULL, '1', '2015-02-21 16:29:56', '2015-03-12 15:47:48', '4613f965-4efb-4ba7-87af-2e96fa109b17');
INSERT INTO `craft_elements_i18n` (`id`, `elementId`, `locale`, `slug`, `uri`, `enabled`, `dateCreated`, `dateUpdated`, `uid`) VALUES ('85', '85', 'en_us', 'steam-whistle-blog', 'projects/steam-whistle-blog', '1', '2015-02-21 16:32:31', '2015-02-21 16:32:31', '272fa6ae-b9e8-4304-94a7-cb146217e0bd');
INSERT INTO `craft_elements_i18n` (`id`, `elementId`, `locale`, `slug`, `uri`, `enabled`, `dateCreated`, `dateUpdated`, `uid`) VALUES ('86', '86', 'en_us', '', NULL, '1', '2015-02-21 16:32:31', '2015-02-21 16:32:31', '402693c1-6ed2-405a-9c5a-4b156012827d');
INSERT INTO `craft_elements_i18n` (`id`, `elementId`, `locale`, `slug`, `uri`, `enabled`, `dateCreated`, `dateUpdated`, `uid`) VALUES ('87', '87', 'en_us', '', NULL, '1', '2015-02-21 16:32:31', '2015-02-21 16:32:31', 'fde295f5-fde5-4b40-897e-099d1d081376');
INSERT INTO `craft_elements_i18n` (`id`, `elementId`, `locale`, `slug`, `uri`, `enabled`, `dateCreated`, `dateUpdated`, `uid`) VALUES ('88', '88', 'en_us', '', NULL, '1', '2015-02-21 16:32:31', '2015-02-21 16:32:31', 'c4bbba1e-d590-48d6-9e14-e66005bc2194');
INSERT INTO `craft_elements_i18n` (`id`, `elementId`, `locale`, `slug`, `uri`, `enabled`, `dateCreated`, `dateUpdated`, `uid`) VALUES ('89', '89', 'en_us', '', NULL, '1', '2015-02-21 16:32:31', '2015-02-21 16:32:31', '657a9d3b-6a2a-4529-902b-7b48da97a2ae');
INSERT INTO `craft_elements_i18n` (`id`, `elementId`, `locale`, `slug`, `uri`, `enabled`, `dateCreated`, `dateUpdated`, `uid`) VALUES ('90', '90', 'en_us', '', NULL, '1', '2015-02-21 16:32:31', '2015-02-21 16:32:31', '079adf72-6f61-44d1-b613-b73348c43014');
INSERT INTO `craft_elements_i18n` (`id`, `elementId`, `locale`, `slug`, `uri`, `enabled`, `dateCreated`, `dateUpdated`, `uid`) VALUES ('91', '91', 'en_us', 'steam-whistle-store', 'projects/steam-whistle-store', '1', '2015-02-21 16:33:42', '2015-02-21 16:33:42', 'bc7f65d8-d9d9-4ea4-934e-8c6a4f102ec1');
INSERT INTO `craft_elements_i18n` (`id`, `elementId`, `locale`, `slug`, `uri`, `enabled`, `dateCreated`, `dateUpdated`, `uid`) VALUES ('92', '92', 'en_us', '', NULL, '1', '2015-02-21 16:33:42', '2015-02-21 16:33:42', 'f744d559-36c8-47f6-852a-65388fea1245');
INSERT INTO `craft_elements_i18n` (`id`, `elementId`, `locale`, `slug`, `uri`, `enabled`, `dateCreated`, `dateUpdated`, `uid`) VALUES ('93', '93', 'en_us', '', NULL, '1', '2015-02-21 16:33:42', '2015-02-21 16:33:42', '14ab246a-33f7-44c7-9e27-3d0755d74361');
INSERT INTO `craft_elements_i18n` (`id`, `elementId`, `locale`, `slug`, `uri`, `enabled`, `dateCreated`, `dateUpdated`, `uid`) VALUES ('94', '94', 'en_us', '', NULL, '1', '2015-02-21 16:33:42', '2015-02-21 16:33:42', 'aea4b279-a925-41bd-aa28-ea1f42731274');
INSERT INTO `craft_elements_i18n` (`id`, `elementId`, `locale`, `slug`, `uri`, `enabled`, `dateCreated`, `dateUpdated`, `uid`) VALUES ('95', '95', 'en_us', '', NULL, '1', '2015-02-21 16:33:42', '2015-02-21 16:33:42', '0a98efaf-154d-451b-80c8-2776095cfc4b');
INSERT INTO `craft_elements_i18n` (`id`, `elementId`, `locale`, `slug`, `uri`, `enabled`, `dateCreated`, `dateUpdated`, `uid`) VALUES ('96', '96', 'en_us', '', NULL, '1', '2015-02-21 16:33:42', '2015-02-21 16:33:42', 'ceb016c3-f121-446b-a9c9-9a4ed1ae369c');
INSERT INTO `craft_elements_i18n` (`id`, `elementId`, `locale`, `slug`, `uri`, `enabled`, `dateCreated`, `dateUpdated`, `uid`) VALUES ('97', '97', 'en_us', 'hero', NULL, '1', '2015-02-21 20:57:04', '2015-02-21 22:57:25', '3745c3cc-d9a6-4227-be85-7099461138e4');
INSERT INTO `craft_elements_i18n` (`id`, `elementId`, `locale`, `slug`, `uri`, `enabled`, `dateCreated`, `dateUpdated`, `uid`) VALUES ('98', '98', 'en_us', 'hero', NULL, '1', '2015-02-21 20:57:22', '2015-02-21 22:27:18', 'a579cad5-afc4-458a-94fd-c42b71665f90');
INSERT INTO `craft_elements_i18n` (`id`, `elementId`, `locale`, `slug`, `uri`, `enabled`, `dateCreated`, `dateUpdated`, `uid`) VALUES ('99', '99', 'en_us', 'salesgraphic5-o', NULL, '1', '2015-02-21 21:00:51', '2015-03-12 18:04:59', '6689ee8d-08b3-4807-8ae5-947b5b181ec2');
INSERT INTO `craft_elements_i18n` (`id`, `elementId`, `locale`, `slug`, `uri`, `enabled`, `dateCreated`, `dateUpdated`, `uid`) VALUES ('106', '106', 'en_us', 'hero', NULL, '1', '2015-02-21 23:47:46', '2015-02-21 23:47:47', '9c7f6d49-9f9d-4e20-9c13-d72f23ed2e80');
INSERT INTO `craft_elements_i18n` (`id`, `elementId`, `locale`, `slug`, `uri`, `enabled`, `dateCreated`, `dateUpdated`, `uid`) VALUES ('108', '108', 'en_us', 'hero-2', NULL, '1', '2015-02-22 00:24:46', '2015-02-22 00:28:38', '79b99006-ac11-4ee9-836d-818514f058eb');
INSERT INTO `craft_elements_i18n` (`id`, `elementId`, `locale`, `slug`, `uri`, `enabled`, `dateCreated`, `dateUpdated`, `uid`) VALUES ('109', '109', 'en_us', 'unsigned-2up', NULL, '1', '2015-02-23 19:09:14', '2015-02-23 19:29:33', 'b24cb5e9-cc80-45ee-8634-df168e3c944f');
INSERT INTO `craft_elements_i18n` (`id`, `elementId`, `locale`, `slug`, `uri`, `enabled`, `dateCreated`, `dateUpdated`, `uid`) VALUES ('111', '111', 'en_us', 'unsigned-2up-2', NULL, '1', '2015-02-23 19:57:17', '2015-02-23 19:57:17', 'a9a81eba-f723-4d6f-8730-62e1bf616b60');
INSERT INTO `craft_elements_i18n` (`id`, `elementId`, `locale`, `slug`, `uri`, `enabled`, `dateCreated`, `dateUpdated`, `uid`) VALUES ('112', '112', 'en_us', 'unsigned-2', NULL, '1', '2015-02-23 19:57:21', '2015-02-23 19:57:21', '4c4be366-369e-4d19-98cd-efc1c7f47826');
INSERT INTO `craft_elements_i18n` (`id`, `elementId`, `locale`, `slug`, `uri`, `enabled`, `dateCreated`, `dateUpdated`, `uid`) VALUES ('113', '113', 'en_us', 'unsigned-1', NULL, '1', '2015-02-23 20:14:13', '2015-02-23 20:14:13', '470273c4-86ae-4ed8-bb35-23f3bf84e79a');
INSERT INTO `craft_elements_i18n` (`id`, `elementId`, `locale`, `slug`, `uri`, `enabled`, `dateCreated`, `dateUpdated`, `uid`) VALUES ('114', '114', 'en_us', 'okt-2up', NULL, '1', '2015-02-23 20:55:21', '2015-02-23 21:31:42', '5b1920c4-a1d3-464a-ae9e-4e331ae50e3a');
INSERT INTO `craft_elements_i18n` (`id`, `elementId`, `locale`, `slug`, `uri`, `enabled`, `dateCreated`, `dateUpdated`, `uid`) VALUES ('116', '116', 'en_us', 'oktoberfest-1', NULL, '1', '2015-02-23 21:22:48', '2015-02-23 21:22:48', 'cd015fbb-db65-45e7-97a3-5bcbcb62c025');
INSERT INTO `craft_elements_i18n` (`id`, `elementId`, `locale`, `slug`, `uri`, `enabled`, `dateCreated`, `dateUpdated`, `uid`) VALUES ('117', '117', 'en_us', 'okt-2', NULL, '1', '2015-02-23 21:29:22', '2015-02-23 21:29:22', 'a26570bb-444d-465e-b899-8c3e6b02487d');
INSERT INTO `craft_elements_i18n` (`id`, `elementId`, `locale`, `slug`, `uri`, `enabled`, `dateCreated`, `dateUpdated`, `uid`) VALUES ('119', '119', 'en_us', 'okt-3', NULL, '1', '2015-02-23 21:39:06', '2015-02-23 21:41:00', 'c95eee6e-257c-4933-89b2-d56a97435cbe');
INSERT INTO `craft_elements_i18n` (`id`, `elementId`, `locale`, `slug`, `uri`, `enabled`, `dateCreated`, `dateUpdated`, `uid`) VALUES ('121', '121', 'en_us', 'hero', NULL, '1', '2015-02-23 21:45:49', '2015-02-23 21:46:45', '2c0b07e3-37a1-43bb-b11f-33127cf38752');
INSERT INTO `craft_elements_i18n` (`id`, `elementId`, `locale`, `slug`, `uri`, `enabled`, `dateCreated`, `dateUpdated`, `uid`) VALUES ('125', '125', 'en_us', 'hero-3', NULL, '1', '2015-02-23 22:08:04', '2015-02-23 22:09:58', 'ca895c0b-7c3e-4b5f-8aa5-a1f7d992e103');
INSERT INTO `craft_elements_i18n` (`id`, `elementId`, `locale`, `slug`, `uri`, `enabled`, `dateCreated`, `dateUpdated`, `uid`) VALUES ('127', '127', 'en_us', 'iphone5s-mockup-preview-o', NULL, '1', '2015-02-23 22:31:39', '2015-02-23 22:32:59', 'b657f09e-2e6a-4cec-8bf8-c137c4c97b76');
INSERT INTO `craft_elements_i18n` (`id`, `elementId`, `locale`, `slug`, `uri`, `enabled`, `dateCreated`, `dateUpdated`, `uid`) VALUES ('138', '138', 'en_us', 'hero-2', NULL, '1', '2015-03-03 18:37:58', '2015-03-03 18:37:58', '5d837bd7-0373-4806-9976-43d1c75bc997');
INSERT INTO `craft_elements_i18n` (`id`, `elementId`, `locale`, `slug`, `uri`, `enabled`, `dateCreated`, `dateUpdated`, `uid`) VALUES ('139', '139', 'en_us', 'hero-crop', NULL, '1', '2015-03-03 18:38:56', '2015-03-03 18:38:56', '2cde1d59-18ec-4c36-ab92-b3e03b3a9eb1');
INSERT INTO `craft_elements_i18n` (`id`, `elementId`, `locale`, `slug`, `uri`, `enabled`, `dateCreated`, `dateUpdated`, `uid`) VALUES ('140', '140', 'en_us', 'caroline-1', NULL, '1', '2015-03-03 18:40:51', '2015-03-03 18:40:51', 'eea3f8cb-432c-4096-bdeb-c19c7f87b337');
INSERT INTO `craft_elements_i18n` (`id`, `elementId`, `locale`, `slug`, `uri`, `enabled`, `dateCreated`, `dateUpdated`, `uid`) VALUES ('141', '141', 'en_us', 'hero-3', NULL, '1', '2015-03-03 18:42:49', '2015-03-03 18:42:49', '5377b584-fdab-4a72-b53c-17c3e9c40cc8');
INSERT INTO `craft_elements_i18n` (`id`, `elementId`, `locale`, `slug`, `uri`, `enabled`, `dateCreated`, `dateUpdated`, `uid`) VALUES ('142', '142', 'en_us', 'creative-psd-macbook-pro-mockup-premium-psd-mocup-3b', NULL, '1', '2015-03-03 18:50:00', '2015-03-03 18:50:00', '9e9c9c39-7d82-405e-9c65-ae60a2a6013d');
INSERT INTO `craft_elements_i18n` (`id`, `elementId`, `locale`, `slug`, `uri`, `enabled`, `dateCreated`, `dateUpdated`, `uid`) VALUES ('143', '143', 'en_us', '2-o', NULL, '1', '2015-03-03 19:13:52', '2015-03-03 19:13:52', '2a61d71c-9ebe-45d6-ae7e-1eaeaf27d42e');
INSERT INTO `craft_elements_i18n` (`id`, `elementId`, `locale`, `slug`, `uri`, `enabled`, `dateCreated`, `dateUpdated`, `uid`) VALUES ('144', '144', 'en_us', 'hero-4', NULL, '1', '2015-03-03 19:15:14', '2015-03-03 19:15:14', '5434030d-df71-47fc-8d14-089f7a908639');
INSERT INTO `craft_elements_i18n` (`id`, `elementId`, `locale`, `slug`, `uri`, `enabled`, `dateCreated`, `dateUpdated`, `uid`) VALUES ('145', '145', 'en_us', 'mockup1-o', NULL, '1', '2015-03-03 20:27:36', '2015-03-03 20:29:20', 'c38e9666-3328-4073-853e-cd021ec27504');
INSERT INTO `craft_elements_i18n` (`id`, `elementId`, `locale`, `slug`, `uri`, `enabled`, `dateCreated`, `dateUpdated`, `uid`) VALUES ('147', '147', 'en_us', 'preview-o', NULL, '1', '2015-03-03 20:35:15', '2015-03-03 20:35:15', 'a5ac0269-c5cd-4327-988f-5f67fa8bc4dc');
INSERT INTO `craft_elements_i18n` (`id`, `elementId`, `locale`, `slug`, `uri`, `enabled`, `dateCreated`, `dateUpdated`, `uid`) VALUES ('148', '148', 'en_us', 'product-preview-o', NULL, '1', '2015-03-03 20:38:38', '2015-03-03 20:38:38', '3025c96e-e993-4eb5-aad6-0603506696f2');
INSERT INTO `craft_elements_i18n` (`id`, `elementId`, `locale`, `slug`, `uri`, `enabled`, `dateCreated`, `dateUpdated`, `uid`) VALUES ('149', '149', 'en_us', 'go-home', NULL, '1', '2015-03-03 20:40:30', '2015-03-03 20:40:30', '379a5b61-5196-4481-9ccb-0c123235c1fa');
INSERT INTO `craft_elements_i18n` (`id`, `elementId`, `locale`, `slug`, `uri`, `enabled`, `dateCreated`, `dateUpdated`, `uid`) VALUES ('150', '150', 'en_us', 'go-page-enter', NULL, '1', '2015-03-03 20:40:32', '2015-03-03 20:40:32', 'bbf3332d-dd4d-463c-8968-0c7e9557a422');
INSERT INTO `craft_elements_i18n` (`id`, `elementId`, `locale`, `slug`, `uri`, `enabled`, `dateCreated`, `dateUpdated`, `uid`) VALUES ('151', '151', 'en_us', 'lifefit-2up', NULL, '1', '2015-03-11 22:24:51', '2015-03-11 22:24:51', '9c93f6f7-a697-4723-b423-e7f968fc6078');
INSERT INTO `craft_elements_i18n` (`id`, `elementId`, `locale`, `slug`, `uri`, `enabled`, `dateCreated`, `dateUpdated`, `uid`) VALUES ('152', '152', 'en_us', 'lifefit-1', NULL, '1', '2015-03-11 22:24:53', '2015-03-11 22:24:53', 'b2c6483a-ffbf-4837-9c89-a7ab76ba2954');
INSERT INTO `craft_elements_i18n` (`id`, `elementId`, `locale`, `slug`, `uri`, `enabled`, `dateCreated`, `dateUpdated`, `uid`) VALUES ('153', '153', 'en_us', 'lifefit-2', NULL, '1', '2015-03-11 22:24:55', '2015-03-11 22:24:55', '8421d3af-ca34-49c7-a20a-ba66fd0f491e');
INSERT INTO `craft_elements_i18n` (`id`, `elementId`, `locale`, `slug`, `uri`, `enabled`, `dateCreated`, `dateUpdated`, `uid`) VALUES ('154', '154', 'en_us', 'canvan-1-1', NULL, '1', '2015-03-11 22:43:04', '2015-03-11 22:43:29', 'fa7b28f3-3770-40e6-b176-2170e55ec69e');
INSERT INTO `craft_elements_i18n` (`id`, `elementId`, `locale`, `slug`, `uri`, `enabled`, `dateCreated`, `dateUpdated`, `uid`) VALUES ('155', '155', 'en_us', 'canvan-2', NULL, '1', '2015-03-11 22:43:08', '2015-03-12 00:34:58', '74eef8f4-019d-47b7-801e-3a8f1485d0b3');
INSERT INTO `craft_elements_i18n` (`id`, `elementId`, `locale`, `slug`, `uri`, `enabled`, `dateCreated`, `dateUpdated`, `uid`) VALUES ('156', '156', 'en_us', 'canvan-3', NULL, '1', '2015-03-11 22:43:12', '2015-03-12 00:13:06', 'ab08fd90-0968-4094-bc5b-b9fbf6a95651');
INSERT INTO `craft_elements_i18n` (`id`, `elementId`, `locale`, `slug`, `uri`, `enabled`, `dateCreated`, `dateUpdated`, `uid`) VALUES ('157', '157', 'en_us', 'canvan-2up', NULL, '1', '2015-03-11 23:58:38', '2015-03-12 00:00:33', '16f8b13a-bf06-454d-b72c-76577ea10dc2');
INSERT INTO `craft_elements_i18n` (`id`, `elementId`, `locale`, `slug`, `uri`, `enabled`, `dateCreated`, `dateUpdated`, `uid`) VALUES ('167', '167', 'en_us', 'caroline-2', NULL, '1', '2015-03-12 01:20:40', '2015-03-12 01:29:34', '55506df9-88f4-4994-87b6-2ebd1ec212f2');
INSERT INTO `craft_elements_i18n` (`id`, `elementId`, `locale`, `slug`, `uri`, `enabled`, `dateCreated`, `dateUpdated`, `uid`) VALUES ('168', '168', 'en_us', 'caroline-3', NULL, '1', '2015-03-12 01:20:42', '2015-03-12 01:29:35', 'dc99c7fa-b93e-41ca-961e-2abc830c2cda');
INSERT INTO `craft_elements_i18n` (`id`, `elementId`, `locale`, `slug`, `uri`, `enabled`, `dateCreated`, `dateUpdated`, `uid`) VALUES ('169', '169', 'en_us', 'lifefit-logo', NULL, '1', '2015-03-12 12:23:25', '2015-03-12 12:25:01', '07665988-e61f-464d-90a5-3178e2514b05');
INSERT INTO `craft_elements_i18n` (`id`, `elementId`, `locale`, `slug`, `uri`, `enabled`, `dateCreated`, `dateUpdated`, `uid`) VALUES ('171', '171', 'en_us', '', NULL, '1', '2015-03-12 12:25:42', '2015-03-12 14:47:42', 'd460053b-e185-4d0c-b6a6-849e1805e5b0');
INSERT INTO `craft_elements_i18n` (`id`, `elementId`, `locale`, `slug`, `uri`, `enabled`, `dateCreated`, `dateUpdated`, `uid`) VALUES ('174', '174', 'en_us', 'lifefit-mobile', NULL, '1', '2015-03-12 14:47:34', '2015-03-12 14:49:11', 'd1eef4a6-15c4-4953-94d1-d9b8a371496a');
INSERT INTO `craft_elements_i18n` (`id`, `elementId`, `locale`, `slug`, `uri`, `enabled`, `dateCreated`, `dateUpdated`, `uid`) VALUES ('176', '176', 'en_us', 'okt-mobile', NULL, '1', '2015-03-12 15:12:00', '2015-03-12 15:12:00', 'daf9a933-c090-4b7a-944f-f43cd1fb41ee');
INSERT INTO `craft_elements_i18n` (`id`, `elementId`, `locale`, `slug`, `uri`, `enabled`, `dateCreated`, `dateUpdated`, `uid`) VALUES ('177', '177', 'en_us', 'canvan-mobile', NULL, '1', '2015-03-12 15:33:55', '2015-03-12 15:33:55', '7097ad43-5d67-44d3-9e72-e99f887e301c');
INSERT INTO `craft_elements_i18n` (`id`, `elementId`, `locale`, `slug`, `uri`, `enabled`, `dateCreated`, `dateUpdated`, `uid`) VALUES ('178', '178', 'en_us', 'golden-opener-1', NULL, '1', '2015-03-12 15:47:41', '2015-03-12 15:47:41', '4df6f965-6d44-4a11-a697-644fc9277ba8');
INSERT INTO `craft_elements_i18n` (`id`, `elementId`, `locale`, `slug`, `uri`, `enabled`, `dateCreated`, `dateUpdated`, `uid`) VALUES ('179', '179', 'en_us', 'mobile', NULL, '1', '2015-03-12 16:17:54', '2015-03-12 16:17:54', '423503cf-d9d2-4fbb-b675-c20cc147109f');
INSERT INTO `craft_elements_i18n` (`id`, `elementId`, `locale`, `slug`, `uri`, `enabled`, `dateCreated`, `dateUpdated`, `uid`) VALUES ('180', '180', 'en_us', 'winter-beer-fest-2up', NULL, '1', '2015-03-12 17:09:33', '2015-03-12 17:22:23', '58813b5b-829c-4f5e-89e4-caf4b1be4454');
INSERT INTO `craft_elements_i18n` (`id`, `elementId`, `locale`, `slug`, `uri`, `enabled`, `dateCreated`, `dateUpdated`, `uid`) VALUES ('181', '181', 'en_us', 'winter-beer-fest', NULL, '1', '2015-03-12 17:11:10', '2015-03-12 17:22:23', 'f4e65b29-8984-4286-a96e-a5043119507d');
INSERT INTO `craft_elements_i18n` (`id`, `elementId`, `locale`, `slug`, `uri`, `enabled`, `dateCreated`, `dateUpdated`, `uid`) VALUES ('182', '182', 'en_us', 'winter-beer-fest-mobile', NULL, '1', '2015-03-12 17:22:06', '2015-03-12 17:22:23', 'd7d62cf8-4db8-459b-8f5f-395e5abf9611');
INSERT INTO `craft_elements_i18n` (`id`, `elementId`, `locale`, `slug`, `uri`, `enabled`, `dateCreated`, `dateUpdated`, `uid`) VALUES ('183', '183', 'en_us', '', NULL, '1', '2015-03-12 17:23:22', '2015-03-12 17:28:37', '864d0c8f-ddf0-4018-a169-56e3e9303fde');
INSERT INTO `craft_elements_i18n` (`id`, `elementId`, `locale`, `slug`, `uri`, `enabled`, `dateCreated`, `dateUpdated`, `uid`) VALUES ('184', '184', 'en_us', 'logo', NULL, '1', '2015-03-12 17:27:00', '2015-03-12 17:27:00', '8f5f76e4-acb3-47fa-81fd-d7e3275bc5ee');
INSERT INTO `craft_elements_i18n` (`id`, `elementId`, `locale`, `slug`, `uri`, `enabled`, `dateCreated`, `dateUpdated`, `uid`) VALUES ('185', '185', 'en_us', 'winter-beer-fest-2', NULL, '1', '2015-03-12 17:28:12', '2015-03-12 17:28:12', '08cca296-db27-4b3a-a80a-b492144f3688');
INSERT INTO `craft_elements_i18n` (`id`, `elementId`, `locale`, `slug`, `uri`, `enabled`, `dateCreated`, `dateUpdated`, `uid`) VALUES ('186', '186', 'en_us', 'unsigned-mobile-1', NULL, '1', '2015-03-12 17:44:41', '2015-03-12 17:44:41', 'd426a67e-5d81-4b8c-bebb-cd019eb9e0f4');
INSERT INTO `craft_elements_i18n` (`id`, `elementId`, `locale`, `slug`, `uri`, `enabled`, `dateCreated`, `dateUpdated`, `uid`) VALUES ('187', '187', 'en_us', 'unsigned-mobile-2', NULL, '1', '2015-03-12 17:44:42', '2015-03-12 17:48:14', '7e218805-572d-470c-ace7-15b72620fd7a');



DROP TABLE IF EXISTS `craft_emailmessages`;


--
-- Schema for table `craft_emailmessages`
--
CREATE TABLE `craft_emailmessages` (
  `id` int(11) NOT NULL AUTO_INCREMENT,
  `key` char(150) COLLATE utf8_unicode_ci NOT NULL,
  `locale` char(12) COLLATE utf8_unicode_ci NOT NULL,
  `subject` varchar(1000) COLLATE utf8_unicode_ci NOT NULL,
  `body` text COLLATE utf8_unicode_ci NOT NULL,
  `dateCreated` datetime NOT NULL,
  `dateUpdated` datetime NOT NULL,
  `uid` char(36) COLLATE utf8_unicode_ci NOT NULL DEFAULT '0',
  PRIMARY KEY (`id`),
  UNIQUE KEY `craft_emailmessages_key_locale_unq_idx` (`key`,`locale`),
  KEY `craft_emailmessages_locale_fk` (`locale`)
) ENGINE=InnoDB DEFAULT CHARSET=utf8 COLLATE=utf8_unicode_ci;

DROP TABLE IF EXISTS `craft_entries`;


--
-- Schema for table `craft_entries`
--
CREATE TABLE `craft_entries` (
  `id` int(11) NOT NULL,
  `sectionId` int(11) NOT NULL,
  `typeId` int(11) DEFAULT NULL,
  `authorId` int(11) DEFAULT NULL,
  `postDate` datetime DEFAULT NULL,
  `expiryDate` datetime DEFAULT NULL,
  `dateCreated` datetime NOT NULL,
  `dateUpdated` datetime NOT NULL,
  `uid` char(36) COLLATE utf8_unicode_ci NOT NULL DEFAULT '0',
  PRIMARY KEY (`id`),
  KEY `craft_entries_sectionId_idx` (`sectionId`),
  KEY `craft_entries_typeId_idx` (`typeId`),
  KEY `craft_entries_postDate_idx` (`postDate`),
  KEY `craft_entries_expiryDate_idx` (`expiryDate`),
  KEY `craft_entries_authorId_fk` (`authorId`)
) ENGINE=InnoDB DEFAULT CHARSET=utf8 COLLATE=utf8_unicode_ci;

--
-- Data for table `craft_entries`
--

INSERT INTO `craft_entries` (`id`, `sectionId`, `typeId`, `authorId`, `postDate`, `expiryDate`, `dateCreated`, `dateUpdated`, `uid`) VALUES ('2', '1', '1', NULL, '2015-02-20 22:13:00', NULL, '2015-02-20 22:13:00', '2015-02-20 22:13:00', 'b7565573-8228-45b6-9fd8-3694c68bd65a');
INSERT INTO `craft_entries` (`id`, `sectionId`, `typeId`, `authorId`, `postDate`, `expiryDate`, `dateCreated`, `dateUpdated`, `uid`) VALUES ('4', '3', '3', '1', '2015-02-20 22:44:00', NULL, '2015-02-20 22:44:38', '2015-03-12 15:33:58', '8b7a00ca-5981-4c75-ad68-277b82d7b7de');
INSERT INTO `craft_entries` (`id`, `sectionId`, `typeId`, `authorId`, `postDate`, `expiryDate`, `dateCreated`, `dateUpdated`, `uid`) VALUES ('46', '3', '3', '1', '2015-02-21 16:23:00', NULL, '2015-02-21 16:23:52', '2015-03-12 14:47:42', '14f06ce4-3398-4083-9e59-75b4e1645e21');
INSERT INTO `craft_entries` (`id`, `sectionId`, `typeId`, `authorId`, `postDate`, `expiryDate`, `dateCreated`, `dateUpdated`, `uid`) VALUES ('52', '3', '3', '1', '2015-02-21 16:24:00', NULL, '2015-02-21 16:24:47', '2015-03-12 18:05:02', '2a57d55c-b219-42f6-8dd7-75f36c1fe384');
INSERT INTO `craft_entries` (`id`, `sectionId`, `typeId`, `authorId`, `postDate`, `expiryDate`, `dateCreated`, `dateUpdated`, `uid`) VALUES ('59', '3', '3', '1', '2015-02-21 16:26:00', NULL, '2015-02-21 16:26:49', '2015-03-12 17:28:37', '0f2843ab-7924-46c1-9224-c7fae5a2777c');
INSERT INTO `craft_entries` (`id`, `sectionId`, `typeId`, `authorId`, `postDate`, `expiryDate`, `dateCreated`, `dateUpdated`, `uid`) VALUES ('66', '3', '3', '1', '2015-02-21 16:28:00', NULL, '2015-02-21 16:28:03', '2015-03-12 16:17:57', '5cd884d6-82ea-4385-b939-a6bf57179b52');
INSERT INTO `craft_entries` (`id`, `sectionId`, `typeId`, `authorId`, `postDate`, `expiryDate`, `dateCreated`, `dateUpdated`, `uid`) VALUES ('72', '3', '3', '1', '2015-02-21 16:28:00', NULL, '2015-02-21 16:28:54', '2015-03-12 15:12:04', 'cfb8443c-8f57-4c03-8015-4fcb35cf1a9d');
INSERT INTO `craft_entries` (`id`, `sectionId`, `typeId`, `authorId`, `postDate`, `expiryDate`, `dateCreated`, `dateUpdated`, `uid`) VALUES ('78', '3', '3', '1', '2015-02-21 16:29:00', NULL, '2015-02-21 16:29:56', '2015-03-12 15:47:48', '6e5158df-d278-4c80-847a-c3b54a7cacd7');
INSERT INTO `craft_entries` (`id`, `sectionId`, `typeId`, `authorId`, `postDate`, `expiryDate`, `dateCreated`, `dateUpdated`, `uid`) VALUES ('85', '3', '3', '1', '2015-02-21 16:32:31', NULL, '2015-02-21 16:32:31', '2015-02-21 16:32:31', '5452354b-51ab-45fd-9b40-03741b7d70b5');
INSERT INTO `craft_entries` (`id`, `sectionId`, `typeId`, `authorId`, `postDate`, `expiryDate`, `dateCreated`, `dateUpdated`, `uid`) VALUES ('91', '3', '3', '1', '2015-02-21 16:33:42', NULL, '2015-02-21 16:33:42', '2015-02-21 16:33:42', '6f5215ab-bcc5-4c33-bf79-362f35f7bbb0');



DROP TABLE IF EXISTS `craft_entrydrafts`;


--
-- Schema for table `craft_entrydrafts`
--
CREATE TABLE `craft_entrydrafts` (
  `id` int(11) NOT NULL AUTO_INCREMENT,
  `entryId` int(11) NOT NULL,
  `sectionId` int(11) NOT NULL,
  `creatorId` int(11) NOT NULL,
  `locale` char(12) COLLATE utf8_unicode_ci NOT NULL,
  `name` varchar(255) COLLATE utf8_unicode_ci NOT NULL,
  `notes` tinytext COLLATE utf8_unicode_ci,
  `data` mediumtext COLLATE utf8_unicode_ci NOT NULL,
  `dateCreated` datetime NOT NULL,
  `dateUpdated` datetime NOT NULL,
  `uid` char(36) COLLATE utf8_unicode_ci NOT NULL DEFAULT '0',
  PRIMARY KEY (`id`),
  KEY `craft_entrydrafts_entryId_locale_idx` (`entryId`,`locale`),
  KEY `craft_entrydrafts_sectionId_fk` (`sectionId`),
  KEY `craft_entrydrafts_creatorId_fk` (`creatorId`),
  KEY `craft_entrydrafts_locale_fk` (`locale`)
) ENGINE=InnoDB DEFAULT CHARSET=utf8 COLLATE=utf8_unicode_ci;

DROP TABLE IF EXISTS `craft_entrytypes`;


--
-- Schema for table `craft_entrytypes`
--
CREATE TABLE `craft_entrytypes` (
  `id` int(11) NOT NULL AUTO_INCREMENT,
  `sectionId` int(11) NOT NULL,
  `fieldLayoutId` int(11) DEFAULT NULL,
  `name` varchar(255) COLLATE utf8_unicode_ci NOT NULL,
  `handle` varchar(255) COLLATE utf8_unicode_ci NOT NULL,
  `hasTitleField` tinyint(1) unsigned NOT NULL DEFAULT '1',
  `titleLabel` varchar(255) COLLATE utf8_unicode_ci DEFAULT 'Title',
  `titleFormat` varchar(255) COLLATE utf8_unicode_ci DEFAULT NULL,
  `sortOrder` tinyint(4) DEFAULT NULL,
  `dateCreated` datetime NOT NULL,
  `dateUpdated` datetime NOT NULL,
  `uid` char(36) COLLATE utf8_unicode_ci NOT NULL DEFAULT '0',
  PRIMARY KEY (`id`),
  UNIQUE KEY `craft_entrytypes_name_sectionId_unq_idx` (`name`,`sectionId`),
  UNIQUE KEY `craft_entrytypes_handle_sectionId_unq_idx` (`handle`,`sectionId`),
  KEY `craft_entrytypes_sectionId_fk` (`sectionId`),
  KEY `craft_entrytypes_fieldLayoutId_fk` (`fieldLayoutId`)
) ENGINE=InnoDB AUTO_INCREMENT=4 DEFAULT CHARSET=utf8 COLLATE=utf8_unicode_ci;

--
-- Data for table `craft_entrytypes`
--

INSERT INTO `craft_entrytypes` (`id`, `sectionId`, `fieldLayoutId`, `name`, `handle`, `hasTitleField`, `titleLabel`, `titleFormat`, `sortOrder`, `dateCreated`, `dateUpdated`, `uid`) VALUES ('1', '1', '3', 'Homepage', 'homepage', '1', 'Title', NULL, NULL, '2015-02-20 22:13:00', '2015-02-20 22:13:00', '4c633cbd-58f9-45bd-a767-618dfc9360e5');
INSERT INTO `craft_entrytypes` (`id`, `sectionId`, `fieldLayoutId`, `name`, `handle`, `hasTitleField`, `titleLabel`, `titleFormat`, `sortOrder`, `dateCreated`, `dateUpdated`, `uid`) VALUES ('3', '3', '14', 'Projects', 'projects', '1', 'Title', NULL, NULL, '2015-02-20 22:35:06', '2015-02-21 00:48:54', '0996005b-d7ae-4b9c-bcf8-c336589a3ef3');



DROP TABLE IF EXISTS `craft_entryversions`;


--
-- Schema for table `craft_entryversions`
--
CREATE TABLE `craft_entryversions` (
  `id` int(11) NOT NULL AUTO_INCREMENT,
  `entryId` int(11) NOT NULL,
  `sectionId` int(11) NOT NULL,
  `creatorId` int(11) DEFAULT NULL,
  `locale` char(12) COLLATE utf8_unicode_ci NOT NULL,
  `num` smallint(6) unsigned NOT NULL,
  `notes` tinytext COLLATE utf8_unicode_ci,
  `data` mediumtext COLLATE utf8_unicode_ci NOT NULL,
  `dateCreated` datetime NOT NULL,
  `dateUpdated` datetime NOT NULL,
  `uid` char(36) COLLATE utf8_unicode_ci NOT NULL DEFAULT '0',
  PRIMARY KEY (`id`),
  KEY `craft_entryversions_entryId_locale_idx` (`entryId`,`locale`),
  KEY `craft_entryversions_sectionId_fk` (`sectionId`),
  KEY `craft_entryversions_creatorId_fk` (`creatorId`),
  KEY `craft_entryversions_locale_fk` (`locale`)
) ENGINE=InnoDB DEFAULT CHARSET=utf8 COLLATE=utf8_unicode_ci;

DROP TABLE IF EXISTS `craft_fieldgroups`;


--
-- Schema for table `craft_fieldgroups`
--
CREATE TABLE `craft_fieldgroups` (
  `id` int(11) NOT NULL AUTO_INCREMENT,
  `name` varchar(255) COLLATE utf8_unicode_ci NOT NULL,
  `dateCreated` datetime NOT NULL,
  `dateUpdated` datetime NOT NULL,
  `uid` char(36) COLLATE utf8_unicode_ci NOT NULL DEFAULT '0',
  PRIMARY KEY (`id`),
  UNIQUE KEY `craft_fieldgroups_name_unq_idx` (`name`)
) ENGINE=InnoDB AUTO_INCREMENT=3 DEFAULT CHARSET=utf8 COLLATE=utf8_unicode_ci;

--
-- Data for table `craft_fieldgroups`
--

INSERT INTO `craft_fieldgroups` (`id`, `name`, `dateCreated`, `dateUpdated`, `uid`) VALUES ('1', 'Default', '2015-02-20 22:13:00', '2015-02-20 22:13:00', '2c330b28-18bc-48c1-a60e-a1c654dc22ad');
INSERT INTO `craft_fieldgroups` (`id`, `name`, `dateCreated`, `dateUpdated`, `uid`) VALUES ('2', 'Project Fields', '2015-02-20 22:36:38', '2015-02-20 22:36:38', 'ee11eaa2-f4c3-425e-8f6a-e5181a47102d');



DROP TABLE IF EXISTS `craft_fieldlayoutfields`;


--
-- Schema for table `craft_fieldlayoutfields`
--
CREATE TABLE `craft_fieldlayoutfields` (
  `id` int(11) NOT NULL AUTO_INCREMENT,
  `layoutId` int(11) NOT NULL,
  `tabId` int(11) NOT NULL,
  `fieldId` int(11) NOT NULL,
  `required` tinyint(1) unsigned NOT NULL DEFAULT '0',
  `sortOrder` tinyint(4) DEFAULT NULL,
  `dateCreated` datetime NOT NULL,
  `dateUpdated` datetime NOT NULL,
  `uid` char(36) COLLATE utf8_unicode_ci NOT NULL DEFAULT '0',
  PRIMARY KEY (`id`),
  UNIQUE KEY `craft_fieldlayoutfields_layoutId_fieldId_unq_idx` (`layoutId`,`fieldId`),
  KEY `craft_fieldlayoutfields_sortOrder_idx` (`sortOrder`),
  KEY `craft_fieldlayoutfields_tabId_fk` (`tabId`),
  KEY `craft_fieldlayoutfields_fieldId_fk` (`fieldId`)
) ENGINE=InnoDB AUTO_INCREMENT=15 DEFAULT CHARSET=utf8 COLLATE=utf8_unicode_ci;

--
-- Data for table `craft_fieldlayoutfields`
--

INSERT INTO `craft_fieldlayoutfields` (`id`, `layoutId`, `tabId`, `fieldId`, `required`, `sortOrder`, `dateCreated`, `dateUpdated`, `uid`) VALUES ('7', '9', '4', '6', '0', '1', '2015-02-20 22:43:30', '2015-02-20 22:43:30', 'f9e05d3c-f675-4b13-b6c2-a32aa67f73d8');
INSERT INTO `craft_fieldlayoutfields` (`id`, `layoutId`, `tabId`, `fieldId`, `required`, `sortOrder`, `dateCreated`, `dateUpdated`, `uid`) VALUES ('11', '14', '6', '8', '0', '1', '2015-02-21 00:48:54', '2015-02-21 00:48:54', 'a8b33ef8-4f34-4ea8-bb22-37445159457c');
INSERT INTO `craft_fieldlayoutfields` (`id`, `layoutId`, `tabId`, `fieldId`, `required`, `sortOrder`, `dateCreated`, `dateUpdated`, `uid`) VALUES ('12', '14', '6', '5', '0', '2', '2015-02-21 00:48:54', '2015-02-21 00:48:54', '48f113f2-1a48-4a62-8194-425fb5345b3d');
INSERT INTO `craft_fieldlayoutfields` (`id`, `layoutId`, `tabId`, `fieldId`, `required`, `sortOrder`, `dateCreated`, `dateUpdated`, `uid`) VALUES ('13', '14', '6', '4', '0', '3', '2015-02-21 00:48:54', '2015-02-21 00:48:54', '4a712a42-1b94-428f-9d06-e34c36fb47bc');
INSERT INTO `craft_fieldlayoutfields` (`id`, `layoutId`, `tabId`, `fieldId`, `required`, `sortOrder`, `dateCreated`, `dateUpdated`, `uid`) VALUES ('14', '14', '6', '7', '0', '4', '2015-02-21 00:48:54', '2015-02-21 00:48:54', '2c669b49-c015-494c-ae68-a52ac18bd909');



DROP TABLE IF EXISTS `craft_fieldlayouts`;


--
-- Schema for table `craft_fieldlayouts`
--
CREATE TABLE `craft_fieldlayouts` (
  `id` int(11) NOT NULL AUTO_INCREMENT,
  `type` varchar(150) COLLATE utf8_unicode_ci NOT NULL,
  `dateCreated` datetime NOT NULL,
  `dateUpdated` datetime NOT NULL,
  `uid` char(36) COLLATE utf8_unicode_ci NOT NULL DEFAULT '0',
  PRIMARY KEY (`id`),
  KEY `craft_fieldlayouts_type_idx` (`type`)
) ENGINE=InnoDB AUTO_INCREMENT=16 DEFAULT CHARSET=utf8 COLLATE=utf8_unicode_ci;

--
-- Data for table `craft_fieldlayouts`
--

INSERT INTO `craft_fieldlayouts` (`id`, `type`, `dateCreated`, `dateUpdated`, `uid`) VALUES ('1', 'Tag', '2015-02-20 22:13:00', '2015-02-20 22:13:00', 'e9dfbb12-1a29-463b-a8fa-59637310c49b');
INSERT INTO `craft_fieldlayouts` (`id`, `type`, `dateCreated`, `dateUpdated`, `uid`) VALUES ('3', 'Entry', '2015-02-20 22:13:00', '2015-02-20 22:13:00', '71ec46ec-a768-41cc-840f-66e48c1783d0');
INSERT INTO `craft_fieldlayouts` (`id`, `type`, `dateCreated`, `dateUpdated`, `uid`) VALUES ('5', 'Entry', '2015-02-20 22:13:00', '2015-02-20 22:13:00', '54bca310-ac83-4490-96b7-9ca009705f8e');
INSERT INTO `craft_fieldlayouts` (`id`, `type`, `dateCreated`, `dateUpdated`, `uid`) VALUES ('9', 'MatrixBlock', '2015-02-20 22:43:30', '2015-02-20 22:43:30', '43a71017-570e-4085-a4d6-e68a972b073b');
INSERT INTO `craft_fieldlayouts` (`id`, `type`, `dateCreated`, `dateUpdated`, `uid`) VALUES ('14', 'Entry', '2015-02-21 00:48:54', '2015-02-21 00:48:54', '5b000791-d2f8-4013-af2e-d2a591e09b35');
INSERT INTO `craft_fieldlayouts` (`id`, `type`, `dateCreated`, `dateUpdated`, `uid`) VALUES ('15', 'Asset', '2015-02-21 20:43:53', '2015-02-21 20:43:53', '2c8eb40b-533a-4b89-9c77-ad164f2f8047');



DROP TABLE IF EXISTS `craft_fieldlayouttabs`;


--
-- Schema for table `craft_fieldlayouttabs`
--
CREATE TABLE `craft_fieldlayouttabs` (
  `id` int(11) NOT NULL AUTO_INCREMENT,
  `layoutId` int(11) NOT NULL,
  `name` varchar(255) COLLATE utf8_unicode_ci NOT NULL,
  `sortOrder` tinyint(4) DEFAULT NULL,
  `dateCreated` datetime NOT NULL,
  `dateUpdated` datetime NOT NULL,
  `uid` char(36) COLLATE utf8_unicode_ci NOT NULL DEFAULT '0',
  PRIMARY KEY (`id`),
  KEY `craft_fieldlayouttabs_sortOrder_idx` (`sortOrder`),
  KEY `craft_fieldlayouttabs_layoutId_fk` (`layoutId`)
) ENGINE=InnoDB AUTO_INCREMENT=7 DEFAULT CHARSET=utf8 COLLATE=utf8_unicode_ci;

--
-- Data for table `craft_fieldlayouttabs`
--

INSERT INTO `craft_fieldlayouttabs` (`id`, `layoutId`, `name`, `sortOrder`, `dateCreated`, `dateUpdated`, `uid`) VALUES ('1', '3', 'Content', '1', '2015-02-20 22:13:00', '2015-02-20 22:13:00', '788871d1-888b-40ce-bba9-d7f43f9e40b3');
INSERT INTO `craft_fieldlayouttabs` (`id`, `layoutId`, `name`, `sortOrder`, `dateCreated`, `dateUpdated`, `uid`) VALUES ('2', '5', 'Content', '1', '2015-02-20 22:13:00', '2015-02-20 22:13:00', 'a33033ca-1d86-4223-8089-f8e4f3c96714');
INSERT INTO `craft_fieldlayouttabs` (`id`, `layoutId`, `name`, `sortOrder`, `dateCreated`, `dateUpdated`, `uid`) VALUES ('4', '9', 'Content', '1', '2015-02-20 22:43:30', '2015-02-20 22:43:30', '3136bd1f-0a4a-408a-93f7-f384ce4517e3');
INSERT INTO `craft_fieldlayouttabs` (`id`, `layoutId`, `name`, `sortOrder`, `dateCreated`, `dateUpdated`, `uid`) VALUES ('6', '14', 'Project Fields', '1', '2015-02-21 00:48:54', '2015-02-21 00:48:54', 'e1dd0537-7463-4cd7-bfa3-bbcb3bf5b82c');



DROP TABLE IF EXISTS `craft_fields`;


--
-- Schema for table `craft_fields`
--
CREATE TABLE `craft_fields` (
  `id` int(11) NOT NULL AUTO_INCREMENT,
  `groupId` int(11) DEFAULT NULL,
  `name` varchar(255) COLLATE utf8_unicode_ci NOT NULL,
  `handle` varchar(58) COLLATE utf8_unicode_ci NOT NULL,
  `context` varchar(255) COLLATE utf8_unicode_ci NOT NULL DEFAULT 'global',
  `instructions` text COLLATE utf8_unicode_ci,
  `translatable` tinyint(1) unsigned NOT NULL DEFAULT '0',
  `type` varchar(150) COLLATE utf8_unicode_ci NOT NULL,
  `settings` text COLLATE utf8_unicode_ci,
  `dateCreated` datetime NOT NULL,
  `dateUpdated` datetime NOT NULL,
  `uid` char(36) COLLATE utf8_unicode_ci NOT NULL DEFAULT '0',
  PRIMARY KEY (`id`),
  UNIQUE KEY `craft_fields_handle_context_unq_idx` (`handle`,`context`),
  KEY `craft_fields_context_idx` (`context`),
  KEY `craft_fields_groupId_fk` (`groupId`)
) ENGINE=InnoDB AUTO_INCREMENT=9 DEFAULT CHARSET=utf8 COLLATE=utf8_unicode_ci;

--
-- Data for table `craft_fields`
--

INSERT INTO `craft_fields` (`id`, `groupId`, `name`, `handle`, `context`, `instructions`, `translatable`, `type`, `settings`, `dateCreated`, `dateUpdated`, `uid`) VALUES ('4', '2', 'Project Description', 'project_descrip', 'global', '', '0', 'RichText', '{\"configFile\":\"\",\"cleanupHtml\":\"1\",\"purifyHtml\":\"\",\"columnType\":\"text\"}', '2015-02-20 22:37:15', '2015-02-23 21:08:51', '1c244fb2-ec53-4e76-84f2-319207f5a8b8');
INSERT INTO `craft_fields` (`id`, `groupId`, `name`, `handle`, `context`, `instructions`, `translatable`, `type`, `settings`, `dateCreated`, `dateUpdated`, `uid`) VALUES ('5', '2', 'skillz', 'skillz', 'global', '', '0', 'Matrix', '{\"maxBlocks\":null}', '2015-02-20 22:39:57', '2015-02-20 22:43:29', '964b97a5-443c-454d-aec4-e3b07addeb89');
INSERT INTO `craft_fields` (`id`, `groupId`, `name`, `handle`, `context`, `instructions`, `translatable`, `type`, `settings`, `dateCreated`, `dateUpdated`, `uid`) VALUES ('6', NULL, '__blank__', 'skill', 'matrixBlockType:1', '', '0', 'PlainText', '{\"placeholder\":\"\",\"maxLength\":\"\",\"multiline\":\"\",\"initialRows\":\"4\"}', '2015-02-20 22:43:29', '2015-02-20 22:43:29', 'b64a0894-7907-4045-9b6f-e106d5a10e8d');
INSERT INTO `craft_fields` (`id`, `groupId`, `name`, `handle`, `context`, `instructions`, `translatable`, `type`, `settings`, `dateCreated`, `dateUpdated`, `uid`) VALUES ('7', '2', 'Project Images', 'project_images', 'global', '', '0', 'Assets', '{\"useSingleFolder\":\"1\",\"sources\":\"*\",\"defaultUploadLocationSource\":\"1\",\"defaultUploadLocationSubpath\":\"ellendykes.dev:8888\\/img\\/{slug}\",\"singleUploadLocationSource\":\"1\",\"singleUploadLocationSubpath\":\"\\/{slug}\",\"restrictFiles\":\"\",\"limit\":\"\"}', '2015-02-20 23:28:02', '2015-02-21 00:48:24', 'a28abd4d-ed61-478d-8956-e1df0d262df9');
INSERT INTO `craft_fields` (`id`, `groupId`, `name`, `handle`, `context`, `instructions`, `translatable`, `type`, `settings`, `dateCreated`, `dateUpdated`, `uid`) VALUES ('8', '2', 'Project Hero Image', 'hero_image', 'global', '', '0', 'Assets', '{\"useSingleFolder\":\"\",\"sources\":\"*\",\"defaultUploadLocationSource\":\"1\",\"defaultUploadLocationSubpath\":\"\\/{slug}\",\"singleUploadLocationSource\":\"1\",\"singleUploadLocationSubpath\":\"\",\"restrictFiles\":\"\",\"limit\":\"\"}', '2015-02-21 00:48:18', '2015-02-21 00:48:18', 'd7fc3262-f852-41b5-8162-0efcf5d42b47');



DROP TABLE IF EXISTS `craft_globalsets`;


--
-- Schema for table `craft_globalsets`
--
CREATE TABLE `craft_globalsets` (
  `id` int(11) NOT NULL,
  `name` varchar(255) COLLATE utf8_unicode_ci NOT NULL,
  `handle` varchar(255) COLLATE utf8_unicode_ci NOT NULL,
  `fieldLayoutId` int(10) DEFAULT NULL,
  `dateCreated` datetime NOT NULL,
  `dateUpdated` datetime NOT NULL,
  `uid` char(36) COLLATE utf8_unicode_ci NOT NULL DEFAULT '0',
  PRIMARY KEY (`id`),
  UNIQUE KEY `craft_globalsets_name_unq_idx` (`name`),
  UNIQUE KEY `craft_globalsets_handle_unq_idx` (`handle`),
  KEY `craft_globalsets_fieldLayoutId_fk` (`fieldLayoutId`)
) ENGINE=InnoDB DEFAULT CHARSET=utf8 COLLATE=utf8_unicode_ci;

DROP TABLE IF EXISTS `craft_info`;


--
-- Schema for table `craft_info`
--
CREATE TABLE `craft_info` (
  `id` int(11) NOT NULL AUTO_INCREMENT,
  `version` varchar(15) COLLATE utf8_unicode_ci NOT NULL,
  `build` int(11) unsigned NOT NULL,
  `schemaVersion` varchar(15) COLLATE utf8_unicode_ci NOT NULL,
  `releaseDate` datetime NOT NULL,
  `edition` tinyint(1) unsigned NOT NULL DEFAULT '0',
  `siteName` varchar(100) COLLATE utf8_unicode_ci NOT NULL,
  `siteUrl` varchar(255) COLLATE utf8_unicode_ci NOT NULL,
  `timezone` varchar(30) COLLATE utf8_unicode_ci DEFAULT NULL,
  `on` tinyint(1) unsigned NOT NULL DEFAULT '0',
  `maintenance` tinyint(1) unsigned NOT NULL DEFAULT '0',
  `track` varchar(40) COLLATE utf8_unicode_ci NOT NULL,
  `dateCreated` datetime NOT NULL,
  `dateUpdated` datetime NOT NULL,
  `uid` char(36) COLLATE utf8_unicode_ci NOT NULL DEFAULT '0',
  PRIMARY KEY (`id`)
) ENGINE=InnoDB AUTO_INCREMENT=2 DEFAULT CHARSET=utf8 COLLATE=utf8_unicode_ci;

--
-- Data for table `craft_info`
--

INSERT INTO `craft_info` (`id`, `version`, `build`, `schemaVersion`, `releaseDate`, `edition`, `siteName`, `siteUrl`, `timezone`, `on`, `maintenance`, `track`, `dateCreated`, `dateUpdated`, `uid`) VALUES ('1', '2.3', '2636', '2.3.4', '2015-02-26 21:22:08', '0', 'Ellen Dykes Web Designer', 'http://ellendykes.dev:8888', 'UTC', '1', '1', 'stable', '2015-02-20 22:12:53', '2015-03-12 18:37:49', 'e6209d21-52ec-41b2-b670-0daaf13c3b7a');



DROP TABLE IF EXISTS `craft_locales`;


--
-- Schema for table `craft_locales`
--
CREATE TABLE `craft_locales` (
  `locale` char(12) COLLATE utf8_unicode_ci NOT NULL,
  `sortOrder` tinyint(4) DEFAULT NULL,
  `dateCreated` datetime NOT NULL,
  `dateUpdated` datetime NOT NULL,
  `uid` char(36) COLLATE utf8_unicode_ci NOT NULL DEFAULT '0',
  PRIMARY KEY (`locale`),
  KEY `craft_locales_sortOrder_idx` (`sortOrder`)
) ENGINE=InnoDB DEFAULT CHARSET=utf8 COLLATE=utf8_unicode_ci;

--
-- Data for table `craft_locales`
--

INSERT INTO `craft_locales` (`locale`, `sortOrder`, `dateCreated`, `dateUpdated`, `uid`) VALUES ('en_us', '1', '2015-02-20 22:12:54', '2015-02-20 22:12:54', '14e3da30-1cc6-4008-96e7-be4352b50bc8');



DROP TABLE IF EXISTS `craft_matrixblocks`;


--
-- Schema for table `craft_matrixblocks`
--
CREATE TABLE `craft_matrixblocks` (
  `id` int(11) NOT NULL,
  `ownerId` int(11) NOT NULL,
  `fieldId` int(11) NOT NULL,
  `typeId` int(11) DEFAULT NULL,
  `sortOrder` tinyint(4) DEFAULT NULL,
  `ownerLocale` char(12) COLLATE utf8_unicode_ci DEFAULT NULL,
  `dateCreated` datetime NOT NULL,
  `dateUpdated` datetime NOT NULL,
  `uid` char(36) COLLATE utf8_unicode_ci NOT NULL DEFAULT '0',
  PRIMARY KEY (`id`),
  KEY `craft_matrixblocks_ownerId_idx` (`ownerId`),
  KEY `craft_matrixblocks_fieldId_idx` (`fieldId`),
  KEY `craft_matrixblocks_typeId_idx` (`typeId`),
  KEY `craft_matrixblocks_sortOrder_idx` (`sortOrder`),
  KEY `craft_matrixblocks_ownerLocale_fk` (`ownerLocale`)
) ENGINE=InnoDB DEFAULT CHARSET=utf8 COLLATE=utf8_unicode_ci;

--
-- Data for table `craft_matrixblocks`
--

INSERT INTO `craft_matrixblocks` (`id`, `ownerId`, `fieldId`, `typeId`, `sortOrder`, `ownerLocale`, `dateCreated`, `dateUpdated`, `uid`) VALUES ('5', '4', '5', '1', '1', NULL, '2015-02-20 22:44:38', '2015-03-12 15:33:58', 'f5b7adb2-979f-4a0c-b143-f35cf6670fad');
INSERT INTO `craft_matrixblocks` (`id`, `ownerId`, `fieldId`, `typeId`, `sortOrder`, `ownerLocale`, `dateCreated`, `dateUpdated`, `uid`) VALUES ('6', '4', '5', '1', '2', NULL, '2015-02-20 22:44:38', '2015-03-12 15:33:58', 'bd75ba6e-7f83-41de-b081-3be97a420121');
INSERT INTO `craft_matrixblocks` (`id`, `ownerId`, `fieldId`, `typeId`, `sortOrder`, `ownerLocale`, `dateCreated`, `dateUpdated`, `uid`) VALUES ('7', '4', '5', '1', '3', NULL, '2015-02-20 22:44:38', '2015-03-12 15:33:58', '2ecd7088-e186-4998-b35d-9bc09b4eb3f2');
INSERT INTO `craft_matrixblocks` (`id`, `ownerId`, `fieldId`, `typeId`, `sortOrder`, `ownerLocale`, `dateCreated`, `dateUpdated`, `uid`) VALUES ('8', '4', '5', '1', '4', NULL, '2015-02-20 22:44:38', '2015-03-12 15:33:58', 'a84f824a-6c61-4ee3-960a-e3cb1dda17a0');
INSERT INTO `craft_matrixblocks` (`id`, `ownerId`, `fieldId`, `typeId`, `sortOrder`, `ownerLocale`, `dateCreated`, `dateUpdated`, `uid`) VALUES ('9', '4', '5', '1', '5', NULL, '2015-02-20 22:44:38', '2015-03-12 15:33:58', '3e258df2-4951-4c6d-bb15-b9f98ed0c71e');
INSERT INTO `craft_matrixblocks` (`id`, `ownerId`, `fieldId`, `typeId`, `sortOrder`, `ownerLocale`, `dateCreated`, `dateUpdated`, `uid`) VALUES ('47', '46', '5', '1', '2', NULL, '2015-02-21 16:23:52', '2015-03-12 14:47:42', 'efa37852-9051-4520-b7cd-8416c735887c');
INSERT INTO `craft_matrixblocks` (`id`, `ownerId`, `fieldId`, `typeId`, `sortOrder`, `ownerLocale`, `dateCreated`, `dateUpdated`, `uid`) VALUES ('48', '46', '5', '1', '3', NULL, '2015-02-21 16:23:52', '2015-03-12 14:47:42', '886b8d3c-1a83-4698-8d4a-d60432bfd636');
INSERT INTO `craft_matrixblocks` (`id`, `ownerId`, `fieldId`, `typeId`, `sortOrder`, `ownerLocale`, `dateCreated`, `dateUpdated`, `uid`) VALUES ('49', '46', '5', '1', '4', NULL, '2015-02-21 16:23:52', '2015-03-12 14:47:42', 'cf8315d5-76c6-4b98-a5e4-de3cd9412b40');
INSERT INTO `craft_matrixblocks` (`id`, `ownerId`, `fieldId`, `typeId`, `sortOrder`, `ownerLocale`, `dateCreated`, `dateUpdated`, `uid`) VALUES ('50', '46', '5', '1', '5', NULL, '2015-02-21 16:23:52', '2015-03-12 14:47:42', '7219b0d8-845b-47c9-b046-d67bd2af2ffb');
INSERT INTO `craft_matrixblocks` (`id`, `ownerId`, `fieldId`, `typeId`, `sortOrder`, `ownerLocale`, `dateCreated`, `dateUpdated`, `uid`) VALUES ('51', '46', '5', '1', '6', NULL, '2015-02-21 16:23:52', '2015-03-12 14:47:42', '10bd0b77-f326-4555-87e9-05fef11a2ee7');
INSERT INTO `craft_matrixblocks` (`id`, `ownerId`, `fieldId`, `typeId`, `sortOrder`, `ownerLocale`, `dateCreated`, `dateUpdated`, `uid`) VALUES ('53', '52', '5', '1', '1', NULL, '2015-02-21 16:24:47', '2015-03-12 18:05:02', '483eb185-bfd0-48eb-950d-0cd869a63b75');
INSERT INTO `craft_matrixblocks` (`id`, `ownerId`, `fieldId`, `typeId`, `sortOrder`, `ownerLocale`, `dateCreated`, `dateUpdated`, `uid`) VALUES ('54', '52', '5', '1', '2', NULL, '2015-02-21 16:24:47', '2015-03-12 18:05:02', '9e01897e-1148-485a-8969-8f2f20916921');
INSERT INTO `craft_matrixblocks` (`id`, `ownerId`, `fieldId`, `typeId`, `sortOrder`, `ownerLocale`, `dateCreated`, `dateUpdated`, `uid`) VALUES ('55', '52', '5', '1', '3', NULL, '2015-02-21 16:24:47', '2015-03-12 18:05:02', '7e666aed-836a-49bc-a174-b04d536541b1');
INSERT INTO `craft_matrixblocks` (`id`, `ownerId`, `fieldId`, `typeId`, `sortOrder`, `ownerLocale`, `dateCreated`, `dateUpdated`, `uid`) VALUES ('56', '52', '5', '1', '4', NULL, '2015-02-21 16:24:47', '2015-03-12 18:05:02', 'dee6e82c-6991-4276-8d40-ce6f029209ac');
INSERT INTO `craft_matrixblocks` (`id`, `ownerId`, `fieldId`, `typeId`, `sortOrder`, `ownerLocale`, `dateCreated`, `dateUpdated`, `uid`) VALUES ('57', '52', '5', '1', '5', NULL, '2015-02-21 16:24:47', '2015-03-12 18:05:02', '5bb378e7-2b1b-4040-98f1-f8ec77ec7178');
INSERT INTO `craft_matrixblocks` (`id`, `ownerId`, `fieldId`, `typeId`, `sortOrder`, `ownerLocale`, `dateCreated`, `dateUpdated`, `uid`) VALUES ('58', '52', '5', '1', '6', NULL, '2015-02-21 16:24:47', '2015-03-12 18:05:02', '6b86ad83-9f83-4499-803b-d67f00514750');
INSERT INTO `craft_matrixblocks` (`id`, `ownerId`, `fieldId`, `typeId`, `sortOrder`, `ownerLocale`, `dateCreated`, `dateUpdated`, `uid`) VALUES ('60', '59', '5', '1', '2', NULL, '2015-02-21 16:26:49', '2015-03-12 17:28:37', '8144db07-53c6-456a-b31f-e2adb3eeefa1');
INSERT INTO `craft_matrixblocks` (`id`, `ownerId`, `fieldId`, `typeId`, `sortOrder`, `ownerLocale`, `dateCreated`, `dateUpdated`, `uid`) VALUES ('61', '59', '5', '1', '3', NULL, '2015-02-21 16:26:49', '2015-03-12 17:28:37', '322d3908-02d9-4336-aeac-ca5be7231fbd');
INSERT INTO `craft_matrixblocks` (`id`, `ownerId`, `fieldId`, `typeId`, `sortOrder`, `ownerLocale`, `dateCreated`, `dateUpdated`, `uid`) VALUES ('62', '59', '5', '1', '4', NULL, '2015-02-21 16:26:49', '2015-03-12 17:28:37', 'df9116d6-b48f-4428-ba85-8f020a5d86ed');
INSERT INTO `craft_matrixblocks` (`id`, `ownerId`, `fieldId`, `typeId`, `sortOrder`, `ownerLocale`, `dateCreated`, `dateUpdated`, `uid`) VALUES ('63', '59', '5', '1', '5', NULL, '2015-02-21 16:26:49', '2015-03-12 17:28:37', 'c6ff2679-2697-4c93-844f-a4c3e63b24d0');
INSERT INTO `craft_matrixblocks` (`id`, `ownerId`, `fieldId`, `typeId`, `sortOrder`, `ownerLocale`, `dateCreated`, `dateUpdated`, `uid`) VALUES ('64', '59', '5', '1', '6', NULL, '2015-02-21 16:26:49', '2015-03-12 17:28:37', '9c6dd9bc-efb1-4891-850e-3c875a3592a9');
INSERT INTO `craft_matrixblocks` (`id`, `ownerId`, `fieldId`, `typeId`, `sortOrder`, `ownerLocale`, `dateCreated`, `dateUpdated`, `uid`) VALUES ('65', '59', '5', '1', '7', NULL, '2015-02-21 16:26:49', '2015-03-12 17:28:37', 'bc803621-be26-422c-8044-24823c281547');
INSERT INTO `craft_matrixblocks` (`id`, `ownerId`, `fieldId`, `typeId`, `sortOrder`, `ownerLocale`, `dateCreated`, `dateUpdated`, `uid`) VALUES ('67', '66', '5', '1', '1', NULL, '2015-02-21 16:28:03', '2015-03-12 16:17:56', 'fd0c7d26-e956-4bbf-aea4-13d9ebf5b9cd');
INSERT INTO `craft_matrixblocks` (`id`, `ownerId`, `fieldId`, `typeId`, `sortOrder`, `ownerLocale`, `dateCreated`, `dateUpdated`, `uid`) VALUES ('68', '66', '5', '1', '2', NULL, '2015-02-21 16:28:03', '2015-03-12 16:17:56', '2742d5fe-7628-4147-ab46-1e77a9a36739');
INSERT INTO `craft_matrixblocks` (`id`, `ownerId`, `fieldId`, `typeId`, `sortOrder`, `ownerLocale`, `dateCreated`, `dateUpdated`, `uid`) VALUES ('69', '66', '5', '1', '3', NULL, '2015-02-21 16:28:03', '2015-03-12 16:17:56', '41a77cc2-309c-4494-ac09-086e4cecdac2');
INSERT INTO `craft_matrixblocks` (`id`, `ownerId`, `fieldId`, `typeId`, `sortOrder`, `ownerLocale`, `dateCreated`, `dateUpdated`, `uid`) VALUES ('70', '66', '5', '1', '4', NULL, '2015-02-21 16:28:03', '2015-03-12 16:17:56', '21be25d1-cadb-4495-8d75-49d4b35f646f');
INSERT INTO `craft_matrixblocks` (`id`, `ownerId`, `fieldId`, `typeId`, `sortOrder`, `ownerLocale`, `dateCreated`, `dateUpdated`, `uid`) VALUES ('71', '66', '5', '1', '5', NULL, '2015-02-21 16:28:03', '2015-03-12 16:17:56', 'f055e5e1-4d01-482d-9291-c6072e91bcfb');
INSERT INTO `craft_matrixblocks` (`id`, `ownerId`, `fieldId`, `typeId`, `sortOrder`, `ownerLocale`, `dateCreated`, `dateUpdated`, `uid`) VALUES ('73', '72', '5', '1', '1', NULL, '2015-02-21 16:28:54', '2015-03-12 15:12:04', '1fde2f5f-e930-4c4a-97b3-8c0a930638d9');
INSERT INTO `craft_matrixblocks` (`id`, `ownerId`, `fieldId`, `typeId`, `sortOrder`, `ownerLocale`, `dateCreated`, `dateUpdated`, `uid`) VALUES ('74', '72', '5', '1', '2', NULL, '2015-02-21 16:28:54', '2015-03-12 15:12:04', 'e6e2cf92-ec20-496b-8a81-ba69e124a525');
INSERT INTO `craft_matrixblocks` (`id`, `ownerId`, `fieldId`, `typeId`, `sortOrder`, `ownerLocale`, `dateCreated`, `dateUpdated`, `uid`) VALUES ('75', '72', '5', '1', '3', NULL, '2015-02-21 16:28:54', '2015-03-12 15:12:04', '256a8241-2100-4ae0-bb30-7607b71dff54');
INSERT INTO `craft_matrixblocks` (`id`, `ownerId`, `fieldId`, `typeId`, `sortOrder`, `ownerLocale`, `dateCreated`, `dateUpdated`, `uid`) VALUES ('76', '72', '5', '1', '4', NULL, '2015-02-21 16:28:54', '2015-03-12 15:12:04', 'd4567e4f-b227-42e8-8583-9b855531cc5c');
INSERT INTO `craft_matrixblocks` (`id`, `ownerId`, `fieldId`, `typeId`, `sortOrder`, `ownerLocale`, `dateCreated`, `dateUpdated`, `uid`) VALUES ('77', '72', '5', '1', '5', NULL, '2015-02-21 16:28:54', '2015-03-12 15:12:04', '52eaaf79-9781-41ac-b170-abadc54e7c2e');
INSERT INTO `craft_matrixblocks` (`id`, `ownerId`, `fieldId`, `typeId`, `sortOrder`, `ownerLocale`, `dateCreated`, `dateUpdated`, `uid`) VALUES ('79', '78', '5', '1', '1', NULL, '2015-02-21 16:29:56', '2015-03-12 15:47:48', 'eba9f793-806f-49d3-9915-0e9ddd8069a9');
INSERT INTO `craft_matrixblocks` (`id`, `ownerId`, `fieldId`, `typeId`, `sortOrder`, `ownerLocale`, `dateCreated`, `dateUpdated`, `uid`) VALUES ('80', '78', '5', '1', '2', NULL, '2015-02-21 16:29:56', '2015-03-12 15:47:48', '208d0326-93f9-40d9-a61d-6df82c1e9e32');
INSERT INTO `craft_matrixblocks` (`id`, `ownerId`, `fieldId`, `typeId`, `sortOrder`, `ownerLocale`, `dateCreated`, `dateUpdated`, `uid`) VALUES ('81', '78', '5', '1', '3', NULL, '2015-02-21 16:29:56', '2015-03-12 15:47:48', '99c22419-a886-4db5-9e26-8c40e91b39fd');
INSERT INTO `craft_matrixblocks` (`id`, `ownerId`, `fieldId`, `typeId`, `sortOrder`, `ownerLocale`, `dateCreated`, `dateUpdated`, `uid`) VALUES ('82', '78', '5', '1', '4', NULL, '2015-02-21 16:29:56', '2015-03-12 15:47:48', '8a364bff-9005-434e-8ef9-f6d1580b184b');
INSERT INTO `craft_matrixblocks` (`id`, `ownerId`, `fieldId`, `typeId`, `sortOrder`, `ownerLocale`, `dateCreated`, `dateUpdated`, `uid`) VALUES ('83', '78', '5', '1', '5', NULL, '2015-02-21 16:29:56', '2015-03-12 15:47:48', '0c2f7efc-4da9-48de-85b8-6bd101437ad2');
INSERT INTO `craft_matrixblocks` (`id`, `ownerId`, `fieldId`, `typeId`, `sortOrder`, `ownerLocale`, `dateCreated`, `dateUpdated`, `uid`) VALUES ('84', '78', '5', '1', '6', NULL, '2015-02-21 16:29:56', '2015-03-12 15:47:48', '0d0ddc80-bf31-4431-a3bf-9ccfc3946bc5');
INSERT INTO `craft_matrixblocks` (`id`, `ownerId`, `fieldId`, `typeId`, `sortOrder`, `ownerLocale`, `dateCreated`, `dateUpdated`, `uid`) VALUES ('86', '85', '5', '1', '1', NULL, '2015-02-21 16:32:31', '2015-02-21 16:32:31', 'd1ee5773-cd98-4179-936f-04dd576c0aa4');
INSERT INTO `craft_matrixblocks` (`id`, `ownerId`, `fieldId`, `typeId`, `sortOrder`, `ownerLocale`, `dateCreated`, `dateUpdated`, `uid`) VALUES ('87', '85', '5', '1', '2', NULL, '2015-02-21 16:32:31', '2015-02-21 16:32:31', '99d6834f-b843-4828-bff6-150390a0e054');
INSERT INTO `craft_matrixblocks` (`id`, `ownerId`, `fieldId`, `typeId`, `sortOrder`, `ownerLocale`, `dateCreated`, `dateUpdated`, `uid`) VALUES ('88', '85', '5', '1', '3', NULL, '2015-02-21 16:32:31', '2015-02-21 16:32:31', '6949462f-e2dd-4b8e-9c13-05b836f7a450');
INSERT INTO `craft_matrixblocks` (`id`, `ownerId`, `fieldId`, `typeId`, `sortOrder`, `ownerLocale`, `dateCreated`, `dateUpdated`, `uid`) VALUES ('89', '85', '5', '1', '4', NULL, '2015-02-21 16:32:31', '2015-02-21 16:32:31', '7f93384b-83b0-415d-a309-167a5aa4e88f');
INSERT INTO `craft_matrixblocks` (`id`, `ownerId`, `fieldId`, `typeId`, `sortOrder`, `ownerLocale`, `dateCreated`, `dateUpdated`, `uid`) VALUES ('90', '85', '5', '1', '5', NULL, '2015-02-21 16:32:31', '2015-02-21 16:32:31', 'fa19487b-bbc3-4d6d-a175-bd78ee7d0154');
INSERT INTO `craft_matrixblocks` (`id`, `ownerId`, `fieldId`, `typeId`, `sortOrder`, `ownerLocale`, `dateCreated`, `dateUpdated`, `uid`) VALUES ('92', '91', '5', '1', '1', NULL, '2015-02-21 16:33:42', '2015-02-21 16:33:42', '5052d507-49aa-40f2-8236-c7a754045b2e');
INSERT INTO `craft_matrixblocks` (`id`, `ownerId`, `fieldId`, `typeId`, `sortOrder`, `ownerLocale`, `dateCreated`, `dateUpdated`, `uid`) VALUES ('93', '91', '5', '1', '2', NULL, '2015-02-21 16:33:42', '2015-02-21 16:33:42', '1358b6a7-defa-468d-9141-f97404c22e5a');
INSERT INTO `craft_matrixblocks` (`id`, `ownerId`, `fieldId`, `typeId`, `sortOrder`, `ownerLocale`, `dateCreated`, `dateUpdated`, `uid`) VALUES ('94', '91', '5', '1', '3', NULL, '2015-02-21 16:33:42', '2015-02-21 16:33:42', 'b275cd95-7218-4e0a-a713-a5641202d387');
INSERT INTO `craft_matrixblocks` (`id`, `ownerId`, `fieldId`, `typeId`, `sortOrder`, `ownerLocale`, `dateCreated`, `dateUpdated`, `uid`) VALUES ('95', '91', '5', '1', '4', NULL, '2015-02-21 16:33:42', '2015-02-21 16:33:42', 'e1a1b276-8a5f-4b6d-9fa4-aa4b9a213123');
INSERT INTO `craft_matrixblocks` (`id`, `ownerId`, `fieldId`, `typeId`, `sortOrder`, `ownerLocale`, `dateCreated`, `dateUpdated`, `uid`) VALUES ('96', '91', '5', '1', '5', NULL, '2015-02-21 16:33:42', '2015-02-21 16:33:42', '858ba0ff-be1d-489c-b7f9-e79ca2ce5f1f');
INSERT INTO `craft_matrixblocks` (`id`, `ownerId`, `fieldId`, `typeId`, `sortOrder`, `ownerLocale`, `dateCreated`, `dateUpdated`, `uid`) VALUES ('171', '46', '5', '1', '1', NULL, '2015-03-12 12:25:42', '2015-03-12 14:47:42', '0cc0db5c-f452-4757-99e6-a859e9c4728d');
INSERT INTO `craft_matrixblocks` (`id`, `ownerId`, `fieldId`, `typeId`, `sortOrder`, `ownerLocale`, `dateCreated`, `dateUpdated`, `uid`) VALUES ('183', '59', '5', '1', '1', NULL, '2015-03-12 17:23:22', '2015-03-12 17:28:37', 'e03bcac7-bf49-4404-a3db-c4c5efeca84a');



DROP TABLE IF EXISTS `craft_matrixblocktypes`;


--
-- Schema for table `craft_matrixblocktypes`
--
CREATE TABLE `craft_matrixblocktypes` (
  `id` int(11) NOT NULL AUTO_INCREMENT,
  `fieldId` int(11) NOT NULL,
  `fieldLayoutId` int(11) DEFAULT NULL,
  `name` varchar(255) COLLATE utf8_unicode_ci NOT NULL,
  `handle` varchar(255) COLLATE utf8_unicode_ci NOT NULL,
  `sortOrder` tinyint(4) DEFAULT NULL,
  `dateCreated` datetime NOT NULL,
  `dateUpdated` datetime NOT NULL,
  `uid` char(36) COLLATE utf8_unicode_ci NOT NULL DEFAULT '0',
  PRIMARY KEY (`id`),
  UNIQUE KEY `craft_matrixblocktypes_name_fieldId_unq_idx` (`name`,`fieldId`),
  UNIQUE KEY `craft_matrixblocktypes_handle_fieldId_unq_idx` (`handle`,`fieldId`),
  KEY `craft_matrixblocktypes_fieldId_fk` (`fieldId`),
  KEY `craft_matrixblocktypes_fieldLayoutId_fk` (`fieldLayoutId`)
) ENGINE=InnoDB AUTO_INCREMENT=2 DEFAULT CHARSET=utf8 COLLATE=utf8_unicode_ci;

--
-- Data for table `craft_matrixblocktypes`
--

INSERT INTO `craft_matrixblocktypes` (`id`, `fieldId`, `fieldLayoutId`, `name`, `handle`, `sortOrder`, `dateCreated`, `dateUpdated`, `uid`) VALUES ('1', '5', '9', 'skillz-list', 'skillz_list', '1', '2015-02-20 22:43:29', '2015-02-20 22:43:30', '33f65a16-e118-4109-a268-f060a875023f');



DROP TABLE IF EXISTS `craft_matrixcontent_skillz`;


--
-- Schema for table `craft_matrixcontent_skillz`
--
CREATE TABLE `craft_matrixcontent_skillz` (
  `id` int(11) NOT NULL AUTO_INCREMENT,
  `elementId` int(11) NOT NULL,
  `locale` char(12) COLLATE utf8_unicode_ci NOT NULL,
  `field_skillz_list_skill` text COLLATE utf8_unicode_ci,
  `dateCreated` datetime NOT NULL,
  `dateUpdated` datetime NOT NULL,
  `uid` char(36) COLLATE utf8_unicode_ci NOT NULL DEFAULT '0',
  PRIMARY KEY (`id`),
  UNIQUE KEY `craft_matrixcontent_skillz_elementId_locale_unq_idx` (`elementId`,`locale`),
  KEY `craft_matrixcontent_skillz_locale_fk` (`locale`)
) ENGINE=InnoDB AUTO_INCREMENT=51 DEFAULT CHARSET=utf8 COLLATE=utf8_unicode_ci;

--
-- Data for table `craft_matrixcontent_skillz`
--

INSERT INTO `craft_matrixcontent_skillz` (`id`, `elementId`, `locale`, `field_skillz_list_skill`, `dateCreated`, `dateUpdated`, `uid`) VALUES ('1', '5', 'en_us', 'Design', '2015-02-20 22:44:38', '2015-03-12 15:33:58', '34a9ed70-2b89-4e66-84ef-d10c7598713f');
INSERT INTO `craft_matrixcontent_skillz` (`id`, `elementId`, `locale`, `field_skillz_list_skill`, `dateCreated`, `dateUpdated`, `uid`) VALUES ('2', '6', 'en_us', 'Development', '2015-02-20 22:44:38', '2015-03-12 15:33:58', 'ce83047c-e370-452e-8647-5bd315469718');
INSERT INTO `craft_matrixcontent_skillz` (`id`, `elementId`, `locale`, `field_skillz_list_skill`, `dateCreated`, `dateUpdated`, `uid`) VALUES ('3', '7', 'en_us', 'HTML', '2015-02-20 22:44:38', '2015-03-12 15:33:58', '5ea0c3ef-66f9-473a-82ab-57b855cbad66');
INSERT INTO `craft_matrixcontent_skillz` (`id`, `elementId`, `locale`, `field_skillz_list_skill`, `dateCreated`, `dateUpdated`, `uid`) VALUES ('4', '8', 'en_us', 'sass', '2015-02-20 22:44:38', '2015-03-12 15:33:58', '82dce43b-fabb-4be4-bab0-359032648938');
INSERT INTO `craft_matrixcontent_skillz` (`id`, `elementId`, `locale`, `field_skillz_list_skill`, `dateCreated`, `dateUpdated`, `uid`) VALUES ('5', '9', 'en_us', 'jQuery', '2015-02-20 22:44:38', '2015-03-12 15:33:58', '8ec85c0b-bdfb-4234-8ab7-70c0258bfecb');
INSERT INTO `craft_matrixcontent_skillz` (`id`, `elementId`, `locale`, `field_skillz_list_skill`, `dateCreated`, `dateUpdated`, `uid`) VALUES ('6', '47', 'en_us', 'design', '2015-02-21 16:23:52', '2015-03-12 14:47:42', '1d332219-4409-40d7-97be-63fb3dcf1fd1');
INSERT INTO `craft_matrixcontent_skillz` (`id`, `elementId`, `locale`, `field_skillz_list_skill`, `dateCreated`, `dateUpdated`, `uid`) VALUES ('7', '48', 'en_us', 'development', '2015-02-21 16:23:52', '2015-03-12 14:47:42', '7feae772-1c6b-40d8-a281-f2a759fc84f7');
INSERT INTO `craft_matrixcontent_skillz` (`id`, `elementId`, `locale`, `field_skillz_list_skill`, `dateCreated`, `dateUpdated`, `uid`) VALUES ('8', '49', 'en_us', 'html', '2015-02-21 16:23:52', '2015-03-12 14:47:42', '455b49a0-051e-403a-be76-d28d988f47ce');
INSERT INTO `craft_matrixcontent_skillz` (`id`, `elementId`, `locale`, `field_skillz_list_skill`, `dateCreated`, `dateUpdated`, `uid`) VALUES ('9', '50', 'en_us', 'sass', '2015-02-21 16:23:52', '2015-03-12 14:47:42', '4d8cb3b6-3442-4233-bad2-7edac4f6af83');
INSERT INTO `craft_matrixcontent_skillz` (`id`, `elementId`, `locale`, `field_skillz_list_skill`, `dateCreated`, `dateUpdated`, `uid`) VALUES ('10', '51', 'en_us', 'jquery', '2015-02-21 16:23:52', '2015-03-12 14:47:42', '83710d86-306b-43c3-b455-478d4a042db0');
INSERT INTO `craft_matrixcontent_skillz` (`id`, `elementId`, `locale`, `field_skillz_list_skill`, `dateCreated`, `dateUpdated`, `uid`) VALUES ('11', '53', 'en_us', 'design', '2015-02-21 16:24:47', '2015-03-12 18:05:02', '53a34360-55ae-4e83-a049-88de6a7838f8');
INSERT INTO `craft_matrixcontent_skillz` (`id`, `elementId`, `locale`, `field_skillz_list_skill`, `dateCreated`, `dateUpdated`, `uid`) VALUES ('12', '54', 'en_us', 'development', '2015-02-21 16:24:47', '2015-03-12 18:05:02', '55ea0dee-798f-4787-bf46-f5a1143a7060');
INSERT INTO `craft_matrixcontent_skillz` (`id`, `elementId`, `locale`, `field_skillz_list_skill`, `dateCreated`, `dateUpdated`, `uid`) VALUES ('13', '55', 'en_us', 'html', '2015-02-21 16:24:47', '2015-03-12 18:05:02', 'f679fffd-5a43-4da4-9f94-95f55a975a00');
INSERT INTO `craft_matrixcontent_skillz` (`id`, `elementId`, `locale`, `field_skillz_list_skill`, `dateCreated`, `dateUpdated`, `uid`) VALUES ('14', '56', 'en_us', 'sass', '2015-02-21 16:24:47', '2015-03-12 18:05:02', '5a4e2fb3-8b02-46ed-b3f7-8f70737dd432');
INSERT INTO `craft_matrixcontent_skillz` (`id`, `elementId`, `locale`, `field_skillz_list_skill`, `dateCreated`, `dateUpdated`, `uid`) VALUES ('15', '57', 'en_us', 'jquery', '2015-02-21 16:24:47', '2015-03-12 18:05:02', 'b76395e3-0ef8-45f1-af82-7f704ea30b0d');
INSERT INTO `craft_matrixcontent_skillz` (`id`, `elementId`, `locale`, `field_skillz_list_skill`, `dateCreated`, `dateUpdated`, `uid`) VALUES ('16', '58', 'en_us', 'craft cms', '2015-02-21 16:24:47', '2015-03-12 18:05:02', '69d7ed3a-53f9-4a16-b056-c17953aaf5d7');
INSERT INTO `craft_matrixcontent_skillz` (`id`, `elementId`, `locale`, `field_skillz_list_skill`, `dateCreated`, `dateUpdated`, `uid`) VALUES ('17', '60', 'en_us', 'Identity Design', '2015-02-21 16:26:49', '2015-03-12 17:28:37', 'e72a6217-77e2-4c96-ad19-479d30aed918');
INSERT INTO `craft_matrixcontent_skillz` (`id`, `elementId`, `locale`, `field_skillz_list_skill`, `dateCreated`, `dateUpdated`, `uid`) VALUES ('18', '61', 'en_us', 'Site Design', '2015-02-21 16:26:49', '2015-03-12 17:28:37', 'f85cac6d-2286-4e15-8150-9d0530005134');
INSERT INTO `craft_matrixcontent_skillz` (`id`, `elementId`, `locale`, `field_skillz_list_skill`, `dateCreated`, `dateUpdated`, `uid`) VALUES ('19', '62', 'en_us', 'Development', '2015-02-21 16:26:49', '2015-03-12 17:28:37', '3e0f2874-ef51-4a38-b64d-5450fdc4c2a9');
INSERT INTO `craft_matrixcontent_skillz` (`id`, `elementId`, `locale`, `field_skillz_list_skill`, `dateCreated`, `dateUpdated`, `uid`) VALUES ('20', '63', 'en_us', 'html', '2015-02-21 16:26:49', '2015-03-12 17:28:37', '4a1f10e5-6b8f-4752-b691-95137dcba7fa');
INSERT INTO `craft_matrixcontent_skillz` (`id`, `elementId`, `locale`, `field_skillz_list_skill`, `dateCreated`, `dateUpdated`, `uid`) VALUES ('21', '64', 'en_us', 'sass', '2015-02-21 16:26:49', '2015-03-12 17:28:37', 'd981a03d-d671-4f8f-ae3a-f6a86b9d5d91');
INSERT INTO `craft_matrixcontent_skillz` (`id`, `elementId`, `locale`, `field_skillz_list_skill`, `dateCreated`, `dateUpdated`, `uid`) VALUES ('22', '65', 'en_us', 'jquery', '2015-02-21 16:26:49', '2015-03-12 17:28:37', '1d92e96c-47b0-42a4-82d8-44e8c3bdf0d6');
INSERT INTO `craft_matrixcontent_skillz` (`id`, `elementId`, `locale`, `field_skillz_list_skill`, `dateCreated`, `dateUpdated`, `uid`) VALUES ('23', '67', 'en_us', 'development', '2015-02-21 16:28:03', '2015-03-12 16:17:56', '8faa46cc-20a2-4c3c-ad8a-827de5fd8066');
INSERT INTO `craft_matrixcontent_skillz` (`id`, `elementId`, `locale`, `field_skillz_list_skill`, `dateCreated`, `dateUpdated`, `uid`) VALUES ('24', '68', 'en_us', 'html', '2015-02-21 16:28:03', '2015-03-12 16:17:56', '7a74dbd4-bf47-4039-bb9c-70a918c39d09');
INSERT INTO `craft_matrixcontent_skillz` (`id`, `elementId`, `locale`, `field_skillz_list_skill`, `dateCreated`, `dateUpdated`, `uid`) VALUES ('25', '69', 'en_us', 'sass', '2015-02-21 16:28:03', '2015-03-12 16:17:56', 'ca81dfa2-a4c3-4849-bfd1-f18830276336');
INSERT INTO `craft_matrixcontent_skillz` (`id`, `elementId`, `locale`, `field_skillz_list_skill`, `dateCreated`, `dateUpdated`, `uid`) VALUES ('26', '70', 'en_us', 'jquery', '2015-02-21 16:28:03', '2015-03-12 16:17:56', 'ba231e74-3ee9-49f3-a1fe-a70e6c4baade');
INSERT INTO `craft_matrixcontent_skillz` (`id`, `elementId`, `locale`, `field_skillz_list_skill`, `dateCreated`, `dateUpdated`, `uid`) VALUES ('27', '71', 'en_us', 'craft cms', '2015-02-21 16:28:03', '2015-03-12 16:17:56', '4e9fb06b-2e05-4c8d-a960-62f8a8180c93');
INSERT INTO `craft_matrixcontent_skillz` (`id`, `elementId`, `locale`, `field_skillz_list_skill`, `dateCreated`, `dateUpdated`, `uid`) VALUES ('28', '73', 'en_us', 'design', '2015-02-21 16:28:54', '2015-03-12 15:12:04', '89d7f734-4bb0-4fda-95f6-030af729f28b');
INSERT INTO `craft_matrixcontent_skillz` (`id`, `elementId`, `locale`, `field_skillz_list_skill`, `dateCreated`, `dateUpdated`, `uid`) VALUES ('29', '74', 'en_us', 'development', '2015-02-21 16:28:54', '2015-03-12 15:12:04', '6e3a83fb-5851-4a80-94d1-f4d904cff91a');
INSERT INTO `craft_matrixcontent_skillz` (`id`, `elementId`, `locale`, `field_skillz_list_skill`, `dateCreated`, `dateUpdated`, `uid`) VALUES ('30', '75', 'en_us', 'html', '2015-02-21 16:28:54', '2015-03-12 15:12:04', 'de9b095f-a52d-45e9-89d1-820c3affbd8a');
INSERT INTO `craft_matrixcontent_skillz` (`id`, `elementId`, `locale`, `field_skillz_list_skill`, `dateCreated`, `dateUpdated`, `uid`) VALUES ('31', '76', 'en_us', 'sass', '2015-02-21 16:28:54', '2015-03-12 15:12:04', '60e72ef5-95ed-4241-a521-f9b6565f508e');
INSERT INTO `craft_matrixcontent_skillz` (`id`, `elementId`, `locale`, `field_skillz_list_skill`, `dateCreated`, `dateUpdated`, `uid`) VALUES ('32', '77', 'en_us', 'jquery', '2015-02-21 16:28:54', '2015-03-12 15:12:04', 'd274f17b-e540-49e7-9c4a-9f6b95f5937f');
INSERT INTO `craft_matrixcontent_skillz` (`id`, `elementId`, `locale`, `field_skillz_list_skill`, `dateCreated`, `dateUpdated`, `uid`) VALUES ('33', '79', 'en_us', 'design', '2015-02-21 16:29:56', '2015-03-12 15:47:48', 'e0216493-e8c3-4cbc-baf8-e3d2accb447b');
INSERT INTO `craft_matrixcontent_skillz` (`id`, `elementId`, `locale`, `field_skillz_list_skill`, `dateCreated`, `dateUpdated`, `uid`) VALUES ('34', '80', 'en_us', 'development', '2015-02-21 16:29:56', '2015-03-12 15:47:48', '276fbbba-207c-4bda-874c-2a25f9b78404');
INSERT INTO `craft_matrixcontent_skillz` (`id`, `elementId`, `locale`, `field_skillz_list_skill`, `dateCreated`, `dateUpdated`, `uid`) VALUES ('35', '81', 'en_us', 'html', '2015-02-21 16:29:56', '2015-03-12 15:47:48', '43b78d7a-59a6-43ed-8f8b-b948f5931fc4');
INSERT INTO `craft_matrixcontent_skillz` (`id`, `elementId`, `locale`, `field_skillz_list_skill`, `dateCreated`, `dateUpdated`, `uid`) VALUES ('36', '82', 'en_us', 'sass', '2015-02-21 16:29:56', '2015-03-12 15:47:48', 'b99f0720-ca39-402c-a0ff-7bb803039e22');
INSERT INTO `craft_matrixcontent_skillz` (`id`, `elementId`, `locale`, `field_skillz_list_skill`, `dateCreated`, `dateUpdated`, `uid`) VALUES ('37', '83', 'en_us', 'jquery', '2015-02-21 16:29:56', '2015-03-12 15:47:48', '35027c68-f765-434a-b3ab-8faa8e95ce71');
INSERT INTO `craft_matrixcontent_skillz` (`id`, `elementId`, `locale`, `field_skillz_list_skill`, `dateCreated`, `dateUpdated`, `uid`) VALUES ('38', '84', 'en_us', 'php', '2015-02-21 16:29:56', '2015-03-12 15:47:48', 'ac4f3294-b063-4139-9eec-8af03f5531d5');
INSERT INTO `craft_matrixcontent_skillz` (`id`, `elementId`, `locale`, `field_skillz_list_skill`, `dateCreated`, `dateUpdated`, `uid`) VALUES ('39', '86', 'en_us', 'design', '2015-02-21 16:32:31', '2015-02-21 16:32:31', 'd7a2ba43-5d41-4830-a478-fceacda7461f');
INSERT INTO `craft_matrixcontent_skillz` (`id`, `elementId`, `locale`, `field_skillz_list_skill`, `dateCreated`, `dateUpdated`, `uid`) VALUES ('40', '87', 'en_us', 'development', '2015-02-21 16:32:31', '2015-02-21 16:32:31', '1c6b4ed7-14aa-4ab6-a195-a6bd98265f71');
INSERT INTO `craft_matrixcontent_skillz` (`id`, `elementId`, `locale`, `field_skillz_list_skill`, `dateCreated`, `dateUpdated`, `uid`) VALUES ('41', '88', 'en_us', 'html', '2015-02-21 16:32:31', '2015-02-21 16:32:31', '70425419-7081-42f7-a3b3-69a206dd5831');
INSERT INTO `craft_matrixcontent_skillz` (`id`, `elementId`, `locale`, `field_skillz_list_skill`, `dateCreated`, `dateUpdated`, `uid`) VALUES ('42', '89', 'en_us', 'css', '2015-02-21 16:32:31', '2015-02-21 16:32:31', '8e2e96c3-04a2-46f6-9dab-c7af0b8057d7');
INSERT INTO `craft_matrixcontent_skillz` (`id`, `elementId`, `locale`, `field_skillz_list_skill`, `dateCreated`, `dateUpdated`, `uid`) VALUES ('43', '90', 'en_us', 'wordpress', '2015-02-21 16:32:31', '2015-02-21 16:32:31', 'aa1a1ab0-664e-42b0-b687-6a0fd955b414');
INSERT INTO `craft_matrixcontent_skillz` (`id`, `elementId`, `locale`, `field_skillz_list_skill`, `dateCreated`, `dateUpdated`, `uid`) VALUES ('44', '92', 'en_us', 'Design', '2015-02-21 16:33:42', '2015-02-21 16:33:42', '6c178640-723e-4050-a2a4-1b20bbd5b467');
INSERT INTO `craft_matrixcontent_skillz` (`id`, `elementId`, `locale`, `field_skillz_list_skill`, `dateCreated`, `dateUpdated`, `uid`) VALUES ('45', '93', 'en_us', 'development', '2015-02-21 16:33:42', '2015-02-21 16:33:42', 'd054ed10-5113-4848-b9c8-eec04466a482');
INSERT INTO `craft_matrixcontent_skillz` (`id`, `elementId`, `locale`, `field_skillz_list_skill`, `dateCreated`, `dateUpdated`, `uid`) VALUES ('46', '94', 'en_us', 'html', '2015-02-21 16:33:42', '2015-02-21 16:33:42', '085346ef-3011-44fb-89af-c28af9b7ba3e');
INSERT INTO `craft_matrixcontent_skillz` (`id`, `elementId`, `locale`, `field_skillz_list_skill`, `dateCreated`, `dateUpdated`, `uid`) VALUES ('47', '95', 'en_us', 'css', '2015-02-21 16:33:42', '2015-02-21 16:33:42', '9f3026e4-4b96-4d94-b1bd-5f25c7ab17d6');
INSERT INTO `craft_matrixcontent_skillz` (`id`, `elementId`, `locale`, `field_skillz_list_skill`, `dateCreated`, `dateUpdated`, `uid`) VALUES ('48', '96', 'en_us', 'shopify template', '2015-02-21 16:33:42', '2015-02-21 16:33:42', '95e3e38c-6046-4da8-a2fb-aafc738583a1');
INSERT INTO `craft_matrixcontent_skillz` (`id`, `elementId`, `locale`, `field_skillz_list_skill`, `dateCreated`, `dateUpdated`, `uid`) VALUES ('49', '171', 'en_us', 'identity', '2015-03-12 12:25:42', '2015-03-12 14:47:41', 'b3b16f9e-9cec-4cb3-add6-e5fa53463319');
INSERT INTO `craft_matrixcontent_skillz` (`id`, `elementId`, `locale`, `field_skillz_list_skill`, `dateCreated`, `dateUpdated`, `uid`) VALUES ('50', '183', 'en_us', 'identity', '2015-03-12 17:23:22', '2015-03-12 17:28:37', '56683936-0104-4f56-9b70-e3d1be5eb8dc');



DROP TABLE IF EXISTS `craft_migrations`;


--
-- Schema for table `craft_migrations`
--
CREATE TABLE `craft_migrations` (
  `id` int(11) NOT NULL AUTO_INCREMENT,
  `pluginId` int(11) DEFAULT NULL,
  `version` varchar(255) COLLATE utf8_unicode_ci NOT NULL,
  `applyTime` datetime NOT NULL,
  `dateCreated` datetime NOT NULL,
  `dateUpdated` datetime NOT NULL,
  `uid` char(36) COLLATE utf8_unicode_ci NOT NULL DEFAULT '0',
  PRIMARY KEY (`id`),
  UNIQUE KEY `craft_migrations_version_unq_idx` (`version`),
  KEY `craft_migrations_pluginId_fk` (`pluginId`)
) ENGINE=InnoDB AUTO_INCREMENT=16 DEFAULT CHARSET=utf8 COLLATE=utf8_unicode_ci;

--
-- Data for table `craft_migrations`
--

INSERT INTO `craft_migrations` (`id`, `pluginId`, `version`, `applyTime`, `dateCreated`, `dateUpdated`, `uid`) VALUES ('1', NULL, 'm000000_000000_base', '2015-02-20 22:12:54', '2015-02-20 22:12:54', '2015-02-20 22:12:54', 'a4f84699-7822-4466-bf39-c91a9804577c');
INSERT INTO `craft_migrations` (`id`, `pluginId`, `version`, `applyTime`, `dateCreated`, `dateUpdated`, `uid`) VALUES ('2', NULL, 'm140730_000001_add_filename_and_format_to_transformindex', '2015-02-20 22:12:54', '2015-02-20 22:12:54', '2015-02-20 22:12:54', '6f6d3542-72a9-4857-827a-787de9e9e1c3');
INSERT INTO `craft_migrations` (`id`, `pluginId`, `version`, `applyTime`, `dateCreated`, `dateUpdated`, `uid`) VALUES ('3', NULL, 'm140815_000001_add_format_to_transforms', '2015-02-20 22:12:54', '2015-02-20 22:12:54', '2015-02-20 22:12:54', '8f14cf7e-6346-4f48-94a0-560bbc2979e4');
INSERT INTO `craft_migrations` (`id`, `pluginId`, `version`, `applyTime`, `dateCreated`, `dateUpdated`, `uid`) VALUES ('4', NULL, 'm140822_000001_allow_more_than_128_items_per_field', '2015-02-20 22:12:54', '2015-02-20 22:12:54', '2015-02-20 22:12:54', '2587b29c-a6fc-43be-a537-bd017dfea301');
INSERT INTO `craft_migrations` (`id`, `pluginId`, `version`, `applyTime`, `dateCreated`, `dateUpdated`, `uid`) VALUES ('5', NULL, 'm140829_000001_single_title_formats', '2015-02-20 22:12:54', '2015-02-20 22:12:54', '2015-02-20 22:12:54', '05760a05-dc86-4ef1-912d-784be01cf3b2');
INSERT INTO `craft_migrations` (`id`, `pluginId`, `version`, `applyTime`, `dateCreated`, `dateUpdated`, `uid`) VALUES ('6', NULL, 'm140831_000001_extended_cache_keys', '2015-02-20 22:12:54', '2015-02-20 22:12:54', '2015-02-20 22:12:54', 'b3983014-65e2-40bf-8c35-84872d4fc338');
INSERT INTO `craft_migrations` (`id`, `pluginId`, `version`, `applyTime`, `dateCreated`, `dateUpdated`, `uid`) VALUES ('7', NULL, 'm140922_000001_delete_orphaned_matrix_blocks', '2015-02-20 22:12:54', '2015-02-20 22:12:54', '2015-02-20 22:12:54', '39e2bc3e-8f4e-4b3a-a293-65094420a132');
INSERT INTO `craft_migrations` (`id`, `pluginId`, `version`, `applyTime`, `dateCreated`, `dateUpdated`, `uid`) VALUES ('8', NULL, 'm141008_000001_elements_index_tune', '2015-02-20 22:12:54', '2015-02-20 22:12:54', '2015-02-20 22:12:54', '0a9f9c02-1c08-45aa-8360-d434f486484c');
INSERT INTO `craft_migrations` (`id`, `pluginId`, `version`, `applyTime`, `dateCreated`, `dateUpdated`, `uid`) VALUES ('9', NULL, 'm141009_000001_assets_source_handle', '2015-02-20 22:12:54', '2015-02-20 22:12:54', '2015-02-20 22:12:54', 'b162bfc0-f2ff-4e1b-96cc-dd63562f1120');
INSERT INTO `craft_migrations` (`id`, `pluginId`, `version`, `applyTime`, `dateCreated`, `dateUpdated`, `uid`) VALUES ('10', NULL, 'm141024_000001_field_layout_tabs', '2015-02-20 22:12:54', '2015-02-20 22:12:54', '2015-02-20 22:12:54', '5e350625-509d-4450-910b-2b869d7aa008');
INSERT INTO `craft_migrations` (`id`, `pluginId`, `version`, `applyTime`, `dateCreated`, `dateUpdated`, `uid`) VALUES ('11', NULL, 'm141030_000001_drop_structure_move_permission', '2015-02-20 22:12:54', '2015-02-20 22:12:54', '2015-02-20 22:12:54', '342cdf02-1674-4235-b7e6-c110b22b340f');
INSERT INTO `craft_migrations` (`id`, `pluginId`, `version`, `applyTime`, `dateCreated`, `dateUpdated`, `uid`) VALUES ('12', NULL, 'm141103_000001_tag_titles', '2015-02-20 22:12:54', '2015-02-20 22:12:54', '2015-02-20 22:12:54', '409504af-8fef-4d9d-a415-0f53e0b16998');
INSERT INTO `craft_migrations` (`id`, `pluginId`, `version`, `applyTime`, `dateCreated`, `dateUpdated`, `uid`) VALUES ('13', NULL, 'm141109_000001_user_status_shuffle', '2015-02-20 22:12:54', '2015-02-20 22:12:54', '2015-02-20 22:12:54', '14ac0807-e260-4194-b3c0-01b4ef11cc42');
INSERT INTO `craft_migrations` (`id`, `pluginId`, `version`, `applyTime`, `dateCreated`, `dateUpdated`, `uid`) VALUES ('14', NULL, 'm141126_000001_user_week_start_day', '2015-02-20 22:12:54', '2015-02-20 22:12:54', '2015-02-20 22:12:54', '9a88d694-632c-4566-a355-2ec5580e4c2c');
INSERT INTO `craft_migrations` (`id`, `pluginId`, `version`, `applyTime`, `dateCreated`, `dateUpdated`, `uid`) VALUES ('15', NULL, 'm150210_000001_adjust_user_photo_size', '2015-02-20 22:12:54', '2015-02-20 22:12:54', '2015-02-20 22:12:54', '947b776d-be60-40b1-9c14-af03a39aeb53');



DROP TABLE IF EXISTS `craft_plugins`;


--
-- Schema for table `craft_plugins`
--
CREATE TABLE `craft_plugins` (
  `id` int(11) NOT NULL AUTO_INCREMENT,
  `class` varchar(150) COLLATE utf8_unicode_ci NOT NULL,
  `version` char(15) COLLATE utf8_unicode_ci NOT NULL,
  `enabled` tinyint(1) unsigned NOT NULL DEFAULT '0',
  `settings` text COLLATE utf8_unicode_ci,
  `installDate` datetime NOT NULL,
  `dateCreated` datetime NOT NULL,
  `dateUpdated` datetime NOT NULL,
  `uid` char(36) COLLATE utf8_unicode_ci NOT NULL DEFAULT '0',
  PRIMARY KEY (`id`)
) ENGINE=InnoDB DEFAULT CHARSET=utf8 COLLATE=utf8_unicode_ci;

DROP TABLE IF EXISTS `craft_rackspaceaccess`;


--
-- Schema for table `craft_rackspaceaccess`
--
CREATE TABLE `craft_rackspaceaccess` (
  `id` int(11) NOT NULL AUTO_INCREMENT,
  `connectionKey` varchar(255) COLLATE utf8_unicode_ci NOT NULL,
  `token` varchar(255) COLLATE utf8_unicode_ci NOT NULL,
  `storageUrl` varchar(255) COLLATE utf8_unicode_ci NOT NULL,
  `cdnUrl` varchar(255) COLLATE utf8_unicode_ci NOT NULL,
  `dateCreated` datetime NOT NULL,
  `dateUpdated` datetime NOT NULL,
  `uid` char(36) COLLATE utf8_unicode_ci NOT NULL DEFAULT '0',
  PRIMARY KEY (`id`),
  UNIQUE KEY `craft_rackspaceaccess_connectionKey_unq_idx` (`connectionKey`)
) ENGINE=InnoDB DEFAULT CHARSET=utf8 COLLATE=utf8_unicode_ci;

DROP TABLE IF EXISTS `craft_relations`;


--
-- Schema for table `craft_relations`
--
CREATE TABLE `craft_relations` (
  `id` int(11) NOT NULL AUTO_INCREMENT,
  `fieldId` int(11) NOT NULL,
  `sourceId` int(11) NOT NULL,
  `sourceLocale` char(12) COLLATE utf8_unicode_ci DEFAULT NULL,
  `targetId` int(11) NOT NULL,
  `sortOrder` smallint(6) DEFAULT NULL,
  `dateCreated` datetime NOT NULL,
  `dateUpdated` datetime NOT NULL,
  `uid` char(36) COLLATE utf8_unicode_ci NOT NULL DEFAULT '0',
  PRIMARY KEY (`id`),
  UNIQUE KEY `craft_relations_fieldId_sourceId_sourceLocale_targetId_unq_idx` (`fieldId`,`sourceId`,`sourceLocale`,`targetId`),
  KEY `craft_relations_sourceId_fk` (`sourceId`),
  KEY `craft_relations_sourceLocale_fk` (`sourceLocale`),
  KEY `craft_relations_targetId_fk` (`targetId`)
) ENGINE=InnoDB AUTO_INCREMENT=301 DEFAULT CHARSET=utf8 COLLATE=utf8_unicode_ci;

--
-- Data for table `craft_relations`
--

INSERT INTO `craft_relations` (`id`, `fieldId`, `sourceId`, `sourceLocale`, `targetId`, `sortOrder`, `dateCreated`, `dateUpdated`, `uid`) VALUES ('225', '8', '46', NULL, '127', '1', '2015-03-12 14:47:41', '2015-03-12 14:47:41', '5d96ca6a-32bc-4d6e-b7a1-63465302f9f6');
INSERT INTO `craft_relations` (`id`, `fieldId`, `sourceId`, `sourceLocale`, `targetId`, `sortOrder`, `dateCreated`, `dateUpdated`, `uid`) VALUES ('226', '7', '46', NULL, '169', '1', '2015-03-12 14:47:42', '2015-03-12 14:47:42', '83640aff-ec61-4d68-951e-d503ad7d54e3');
INSERT INTO `craft_relations` (`id`, `fieldId`, `sourceId`, `sourceLocale`, `targetId`, `sortOrder`, `dateCreated`, `dateUpdated`, `uid`) VALUES ('227', '7', '46', NULL, '152', '2', '2015-03-12 14:47:42', '2015-03-12 14:47:42', 'd1d6dea6-b4e9-49d7-a150-d240dbc64047');
INSERT INTO `craft_relations` (`id`, `fieldId`, `sourceId`, `sourceLocale`, `targetId`, `sortOrder`, `dateCreated`, `dateUpdated`, `uid`) VALUES ('228', '7', '46', NULL, '151', '3', '2015-03-12 14:47:42', '2015-03-12 14:47:42', 'b06d76ef-257c-4f25-8280-5728f9a53b55');
INSERT INTO `craft_relations` (`id`, `fieldId`, `sourceId`, `sourceLocale`, `targetId`, `sortOrder`, `dateCreated`, `dateUpdated`, `uid`) VALUES ('229', '7', '46', NULL, '153', '4', '2015-03-12 14:47:42', '2015-03-12 14:47:42', '455a4a4d-0b8a-4130-9e80-3ffa28cf3630');
INSERT INTO `craft_relations` (`id`, `fieldId`, `sourceId`, `sourceLocale`, `targetId`, `sortOrder`, `dateCreated`, `dateUpdated`, `uid`) VALUES ('230', '7', '46', NULL, '174', '5', '2015-03-12 14:47:42', '2015-03-12 14:47:42', '8bc7db43-708d-4798-9e2a-d44c575547bd');
INSERT INTO `craft_relations` (`id`, `fieldId`, `sourceId`, `sourceLocale`, `targetId`, `sortOrder`, `dateCreated`, `dateUpdated`, `uid`) VALUES ('231', '8', '72', NULL, '98', '1', '2015-03-12 15:12:04', '2015-03-12 15:12:04', '3efc73cb-41b6-4bdf-b04a-d22f60932574');
INSERT INTO `craft_relations` (`id`, `fieldId`, `sourceId`, `sourceLocale`, `targetId`, `sortOrder`, `dateCreated`, `dateUpdated`, `uid`) VALUES ('232', '7', '72', NULL, '116', '1', '2015-03-12 15:12:04', '2015-03-12 15:12:04', '2fdff7e0-4ee6-4685-9a59-eb4893dd0d7e');
INSERT INTO `craft_relations` (`id`, `fieldId`, `sourceId`, `sourceLocale`, `targetId`, `sortOrder`, `dateCreated`, `dateUpdated`, `uid`) VALUES ('233', '7', '72', NULL, '117', '2', '2015-03-12 15:12:04', '2015-03-12 15:12:04', '4faa7e54-ca61-4277-9c23-76229c278895');
INSERT INTO `craft_relations` (`id`, `fieldId`, `sourceId`, `sourceLocale`, `targetId`, `sortOrder`, `dateCreated`, `dateUpdated`, `uid`) VALUES ('234', '7', '72', NULL, '114', '3', '2015-03-12 15:12:04', '2015-03-12 15:12:04', 'cc375bd7-4097-42cf-bd51-05d850acf91c');
INSERT INTO `craft_relations` (`id`, `fieldId`, `sourceId`, `sourceLocale`, `targetId`, `sortOrder`, `dateCreated`, `dateUpdated`, `uid`) VALUES ('235', '7', '72', NULL, '119', '4', '2015-03-12 15:12:04', '2015-03-12 15:12:04', 'c5e668d7-14e7-4b67-bb1f-1d83084a848c');
INSERT INTO `craft_relations` (`id`, `fieldId`, `sourceId`, `sourceLocale`, `targetId`, `sortOrder`, `dateCreated`, `dateUpdated`, `uid`) VALUES ('236', '7', '72', NULL, '176', '5', '2015-03-12 15:12:04', '2015-03-12 15:12:04', '100bab06-13cc-404c-9695-639bdb54aa2b');
INSERT INTO `craft_relations` (`id`, `fieldId`, `sourceId`, `sourceLocale`, `targetId`, `sortOrder`, `dateCreated`, `dateUpdated`, `uid`) VALUES ('237', '8', '4', NULL, '45', '1', '2015-03-12 15:33:58', '2015-03-12 15:33:58', 'b688510b-0a87-4ad0-87fe-c243646c5600');
INSERT INTO `craft_relations` (`id`, `fieldId`, `sourceId`, `sourceLocale`, `targetId`, `sortOrder`, `dateCreated`, `dateUpdated`, `uid`) VALUES ('238', '7', '4', NULL, '41', '1', '2015-03-12 15:33:58', '2015-03-12 15:33:58', '4222ee8a-a1ca-4023-9574-854c034a3863');
INSERT INTO `craft_relations` (`id`, `fieldId`, `sourceId`, `sourceLocale`, `targetId`, `sortOrder`, `dateCreated`, `dateUpdated`, `uid`) VALUES ('239', '7', '4', NULL, '155', '2', '2015-03-12 15:33:58', '2015-03-12 15:33:58', 'bffb1dc2-ac6a-4247-a32b-07e782516f0e');
INSERT INTO `craft_relations` (`id`, `fieldId`, `sourceId`, `sourceLocale`, `targetId`, `sortOrder`, `dateCreated`, `dateUpdated`, `uid`) VALUES ('240', '7', '4', NULL, '157', '3', '2015-03-12 15:33:58', '2015-03-12 15:33:58', '74829551-a176-4bff-a4ea-256137ec667c');
INSERT INTO `craft_relations` (`id`, `fieldId`, `sourceId`, `sourceLocale`, `targetId`, `sortOrder`, `dateCreated`, `dateUpdated`, `uid`) VALUES ('241', '7', '4', NULL, '156', '4', '2015-03-12 15:33:58', '2015-03-12 15:33:58', '1ea3e85b-e661-4067-8f86-6102b2d12da2');
INSERT INTO `craft_relations` (`id`, `fieldId`, `sourceId`, `sourceLocale`, `targetId`, `sortOrder`, `dateCreated`, `dateUpdated`, `uid`) VALUES ('242', '7', '4', NULL, '177', '5', '2015-03-12 15:33:58', '2015-03-12 15:33:58', 'f1e4a7f2-6f26-4009-aeb1-fe3cb9414567');
INSERT INTO `craft_relations` (`id`, `fieldId`, `sourceId`, `sourceLocale`, `targetId`, `sortOrder`, `dateCreated`, `dateUpdated`, `uid`) VALUES ('243', '8', '78', NULL, '148', '1', '2015-03-12 15:47:48', '2015-03-12 15:47:48', '69d6d2e5-4bee-4d82-a24f-5dc04d20901e');
INSERT INTO `craft_relations` (`id`, `fieldId`, `sourceId`, `sourceLocale`, `targetId`, `sortOrder`, `dateCreated`, `dateUpdated`, `uid`) VALUES ('244', '7', '78', NULL, '149', '1', '2015-03-12 15:47:48', '2015-03-12 15:47:48', 'f4c8796f-4236-4732-ad62-97ad16d932c5');
INSERT INTO `craft_relations` (`id`, `fieldId`, `sourceId`, `sourceLocale`, `targetId`, `sortOrder`, `dateCreated`, `dateUpdated`, `uid`) VALUES ('245', '7', '78', NULL, '178', '2', '2015-03-12 15:47:48', '2015-03-12 15:47:48', 'b1313097-4502-4543-8508-58f163cb96a6');
INSERT INTO `craft_relations` (`id`, `fieldId`, `sourceId`, `sourceLocale`, `targetId`, `sortOrder`, `dateCreated`, `dateUpdated`, `uid`) VALUES ('246', '7', '78', NULL, '150', '3', '2015-03-12 15:47:48', '2015-03-12 15:47:48', 'dd224af9-9030-4de1-8173-23403f927865');
INSERT INTO `craft_relations` (`id`, `fieldId`, `sourceId`, `sourceLocale`, `targetId`, `sortOrder`, `dateCreated`, `dateUpdated`, `uid`) VALUES ('247', '8', '66', NULL, '142', '1', '2015-03-12 16:17:56', '2015-03-12 16:17:56', '1ded3e7d-672d-43b9-a29b-32d8571a0bb9');
INSERT INTO `craft_relations` (`id`, `fieldId`, `sourceId`, `sourceLocale`, `targetId`, `sortOrder`, `dateCreated`, `dateUpdated`, `uid`) VALUES ('248', '7', '66', NULL, '140', '1', '2015-03-12 16:17:57', '2015-03-12 16:17:57', 'f9840f45-1db6-48f1-b13d-96a41c7cd4b6');
INSERT INTO `craft_relations` (`id`, `fieldId`, `sourceId`, `sourceLocale`, `targetId`, `sortOrder`, `dateCreated`, `dateUpdated`, `uid`) VALUES ('249', '7', '66', NULL, '167', '2', '2015-03-12 16:17:57', '2015-03-12 16:17:57', '967f19e9-68e2-4c41-bbc4-6279c80f7b94');
INSERT INTO `craft_relations` (`id`, `fieldId`, `sourceId`, `sourceLocale`, `targetId`, `sortOrder`, `dateCreated`, `dateUpdated`, `uid`) VALUES ('250', '7', '66', NULL, '168', '3', '2015-03-12 16:17:57', '2015-03-12 16:17:57', 'ed0c71c9-1dcd-498c-8679-1428e742a7b8');
INSERT INTO `craft_relations` (`id`, `fieldId`, `sourceId`, `sourceLocale`, `targetId`, `sortOrder`, `dateCreated`, `dateUpdated`, `uid`) VALUES ('251', '7', '66', NULL, '179', '4', '2015-03-12 16:17:57', '2015-03-12 16:17:57', 'a7173c86-fbc1-4073-81b6-825d1c37b45a');
INSERT INTO `craft_relations` (`id`, `fieldId`, `sourceId`, `sourceLocale`, `targetId`, `sortOrder`, `dateCreated`, `dateUpdated`, `uid`) VALUES ('280', '8', '59', NULL, '108', '1', '2015-03-12 17:28:37', '2015-03-12 17:28:37', 'b32b6573-689a-42da-b930-0ac171d347f7');
INSERT INTO `craft_relations` (`id`, `fieldId`, `sourceId`, `sourceLocale`, `targetId`, `sortOrder`, `dateCreated`, `dateUpdated`, `uid`) VALUES ('281', '7', '59', NULL, '184', '1', '2015-03-12 17:28:37', '2015-03-12 17:28:37', '44929d6f-171c-44d3-b320-ccf39330f6ed');
INSERT INTO `craft_relations` (`id`, `fieldId`, `sourceId`, `sourceLocale`, `targetId`, `sortOrder`, `dateCreated`, `dateUpdated`, `uid`) VALUES ('282', '7', '59', NULL, '181', '2', '2015-03-12 17:28:37', '2015-03-12 17:28:37', '96dd4050-4731-4b8d-b59a-d5f2f3249e41');
INSERT INTO `craft_relations` (`id`, `fieldId`, `sourceId`, `sourceLocale`, `targetId`, `sortOrder`, `dateCreated`, `dateUpdated`, `uid`) VALUES ('283', '7', '59', NULL, '180', '3', '2015-03-12 17:28:37', '2015-03-12 17:28:37', 'b9fcca2e-b8ab-483d-b3eb-4c34ba28a317');
INSERT INTO `craft_relations` (`id`, `fieldId`, `sourceId`, `sourceLocale`, `targetId`, `sortOrder`, `dateCreated`, `dateUpdated`, `uid`) VALUES ('284', '7', '59', NULL, '185', '4', '2015-03-12 17:28:37', '2015-03-12 17:28:37', 'e49b8224-dd16-4b13-b67c-68d291fd9dcd');
INSERT INTO `craft_relations` (`id`, `fieldId`, `sourceId`, `sourceLocale`, `targetId`, `sortOrder`, `dateCreated`, `dateUpdated`, `uid`) VALUES ('285', '7', '59', NULL, '182', '5', '2015-03-12 17:28:37', '2015-03-12 17:28:37', '30295ed6-02f3-4b8a-b69b-134858e54303');
INSERT INTO `craft_relations` (`id`, `fieldId`, `sourceId`, `sourceLocale`, `targetId`, `sortOrder`, `dateCreated`, `dateUpdated`, `uid`) VALUES ('296', '8', '52', NULL, '99', '1', '2015-03-12 18:05:02', '2015-03-12 18:05:02', '8437c51e-97ad-478e-8a8b-d8e71e17c406');
INSERT INTO `craft_relations` (`id`, `fieldId`, `sourceId`, `sourceLocale`, `targetId`, `sortOrder`, `dateCreated`, `dateUpdated`, `uid`) VALUES ('297', '7', '52', NULL, '113', '1', '2015-03-12 18:05:02', '2015-03-12 18:05:02', 'e260a517-21f5-42c4-9cd4-e28d59436447');
INSERT INTO `craft_relations` (`id`, `fieldId`, `sourceId`, `sourceLocale`, `targetId`, `sortOrder`, `dateCreated`, `dateUpdated`, `uid`) VALUES ('298', '7', '52', NULL, '186', '2', '2015-03-12 18:05:02', '2015-03-12 18:05:02', '7ce9ad8d-2d67-46a0-8aba-136052aafaf9');
INSERT INTO `craft_relations` (`id`, `fieldId`, `sourceId`, `sourceLocale`, `targetId`, `sortOrder`, `dateCreated`, `dateUpdated`, `uid`) VALUES ('299', '7', '52', NULL, '111', '3', '2015-03-12 18:05:02', '2015-03-12 18:05:02', '7ae164db-faa1-4ed1-a65d-3da00aa347be');
INSERT INTO `craft_relations` (`id`, `fieldId`, `sourceId`, `sourceLocale`, `targetId`, `sortOrder`, `dateCreated`, `dateUpdated`, `uid`) VALUES ('300', '7', '52', NULL, '187', '4', '2015-03-12 18:05:02', '2015-03-12 18:05:02', '26e8a200-6394-4c60-8e2e-ba36279f1951');



DROP TABLE IF EXISTS `craft_routes`;


--
-- Schema for table `craft_routes`
--
CREATE TABLE `craft_routes` (
  `id` int(11) NOT NULL AUTO_INCREMENT,
  `locale` char(12) COLLATE utf8_unicode_ci DEFAULT NULL,
  `urlParts` varchar(255) COLLATE utf8_unicode_ci NOT NULL,
  `urlPattern` varchar(255) COLLATE utf8_unicode_ci NOT NULL,
  `template` varchar(255) COLLATE utf8_unicode_ci NOT NULL,
  `sortOrder` tinyint(4) DEFAULT NULL,
  `dateCreated` datetime NOT NULL,
  `dateUpdated` datetime NOT NULL,
  `uid` char(36) COLLATE utf8_unicode_ci NOT NULL DEFAULT '0',
  PRIMARY KEY (`id`),
  UNIQUE KEY `craft_routes_urlPattern_unq_idx` (`urlPattern`),
  KEY `craft_routes_locale_idx` (`locale`)
) ENGINE=InnoDB DEFAULT CHARSET=utf8 COLLATE=utf8_unicode_ci;

DROP TABLE IF EXISTS `craft_searchindex`;


--
-- Schema for table `craft_searchindex`
--
CREATE TABLE `craft_searchindex` (
  `elementId` int(11) NOT NULL,
  `attribute` varchar(25) COLLATE utf8_unicode_ci NOT NULL,
  `fieldId` int(11) NOT NULL,
  `locale` char(12) COLLATE utf8_unicode_ci NOT NULL,
  `keywords` text COLLATE utf8_unicode_ci NOT NULL,
  PRIMARY KEY (`elementId`,`attribute`,`fieldId`,`locale`),
  FULLTEXT KEY `craft_searchindex_keywords_idx` (`keywords`)
) ENGINE=MyISAM DEFAULT CHARSET=utf8 COLLATE=utf8_unicode_ci;

--
-- Data for table `craft_searchindex`
--

INSERT INTO `craft_searchindex` (`elementId`, `attribute`, `fieldId`, `locale`, `keywords`) VALUES ('1', 'username', '0', 'en_us', ' ed ');
INSERT INTO `craft_searchindex` (`elementId`, `attribute`, `fieldId`, `locale`, `keywords`) VALUES ('1', 'firstname', '0', 'en_us', '');
INSERT INTO `craft_searchindex` (`elementId`, `attribute`, `fieldId`, `locale`, `keywords`) VALUES ('1', 'lastname', '0', 'en_us', '');
INSERT INTO `craft_searchindex` (`elementId`, `attribute`, `fieldId`, `locale`, `keywords`) VALUES ('1', 'fullname', '0', 'en_us', '');
INSERT INTO `craft_searchindex` (`elementId`, `attribute`, `fieldId`, `locale`, `keywords`) VALUES ('1', 'email', '0', 'en_us', ' dykes ellen gmail com ');
INSERT INTO `craft_searchindex` (`elementId`, `attribute`, `fieldId`, `locale`, `keywords`) VALUES ('1', 'slug', '0', 'en_us', '');
INSERT INTO `craft_searchindex` (`elementId`, `attribute`, `fieldId`, `locale`, `keywords`) VALUES ('2', 'field', '1', 'en_us', ' it s true this site doesn t have a whole lot of content yet but don t worry our web developers have just installed the cms and they re setting things up for the content editors this very moment soon ellendykes dev will be an oasis of fresh perspectives sharp analyses and astute opinions that will keep you coming back again and again ');
INSERT INTO `craft_searchindex` (`elementId`, `attribute`, `fieldId`, `locale`, `keywords`) VALUES ('2', 'slug', '0', 'en_us', ' homepage ');
INSERT INTO `craft_searchindex` (`elementId`, `attribute`, `fieldId`, `locale`, `keywords`) VALUES ('2', 'title', '0', 'en_us', ' welcome to ellendykes dev ');
INSERT INTO `craft_searchindex` (`elementId`, `attribute`, `fieldId`, `locale`, `keywords`) VALUES ('4', 'field', '5', 'en_us', ' design development html sass jquery ');
INSERT INTO `craft_searchindex` (`elementId`, `attribute`, `fieldId`, `locale`, `keywords`) VALUES ('4', 'field', '4', 'en_us', ' this microsite highlights steam whistle s unique can van package this 10 pack is modeled after steam whistle s classic 1967 ford econoline heavy duty designed to bring the party wherever it goes when fans visit the site they can learn more about steam whistle s vintage vehicle fleet the steam machine where they can find a can van plus what other fans are posting about the can van ');
INSERT INTO `craft_searchindex` (`elementId`, `attribute`, `fieldId`, `locale`, `keywords`) VALUES ('4', 'slug', '0', 'en_us', ' can van ');
INSERT INTO `craft_searchindex` (`elementId`, `attribute`, `fieldId`, `locale`, `keywords`) VALUES ('4', 'title', '0', 'en_us', ' steam whistle s can van ');
INSERT INTO `craft_searchindex` (`elementId`, `attribute`, `fieldId`, `locale`, `keywords`) VALUES ('5', 'field', '6', 'en_us', ' design ');
INSERT INTO `craft_searchindex` (`elementId`, `attribute`, `fieldId`, `locale`, `keywords`) VALUES ('5', 'slug', '0', 'en_us', '');
INSERT INTO `craft_searchindex` (`elementId`, `attribute`, `fieldId`, `locale`, `keywords`) VALUES ('6', 'field', '6', 'en_us', ' development ');
INSERT INTO `craft_searchindex` (`elementId`, `attribute`, `fieldId`, `locale`, `keywords`) VALUES ('6', 'slug', '0', 'en_us', '');
INSERT INTO `craft_searchindex` (`elementId`, `attribute`, `fieldId`, `locale`, `keywords`) VALUES ('7', 'field', '6', 'en_us', ' html ');
INSERT INTO `craft_searchindex` (`elementId`, `attribute`, `fieldId`, `locale`, `keywords`) VALUES ('7', 'slug', '0', 'en_us', '');
INSERT INTO `craft_searchindex` (`elementId`, `attribute`, `fieldId`, `locale`, `keywords`) VALUES ('8', 'field', '6', 'en_us', ' sass ');
INSERT INTO `craft_searchindex` (`elementId`, `attribute`, `fieldId`, `locale`, `keywords`) VALUES ('8', 'slug', '0', 'en_us', '');
INSERT INTO `craft_searchindex` (`elementId`, `attribute`, `fieldId`, `locale`, `keywords`) VALUES ('9', 'field', '6', 'en_us', ' jquery ');
INSERT INTO `craft_searchindex` (`elementId`, `attribute`, `fieldId`, `locale`, `keywords`) VALUES ('9', 'slug', '0', 'en_us', '');
INSERT INTO `craft_searchindex` (`elementId`, `attribute`, `fieldId`, `locale`, `keywords`) VALUES ('155', 'filename', '0', 'en_us', ' canvan 2 jpg ');
INSERT INTO `craft_searchindex` (`elementId`, `attribute`, `fieldId`, `locale`, `keywords`) VALUES ('155', 'extension', '0', 'en_us', ' jpg ');
INSERT INTO `craft_searchindex` (`elementId`, `attribute`, `fieldId`, `locale`, `keywords`) VALUES ('155', 'kind', '0', 'en_us', ' image ');
INSERT INTO `craft_searchindex` (`elementId`, `attribute`, `fieldId`, `locale`, `keywords`) VALUES ('41', 'title', '0', 'en_us', ' canvan 1 ');
INSERT INTO `craft_searchindex` (`elementId`, `attribute`, `fieldId`, `locale`, `keywords`) VALUES ('156', 'extension', '0', 'en_us', ' jpg ');
INSERT INTO `craft_searchindex` (`elementId`, `attribute`, `fieldId`, `locale`, `keywords`) VALUES ('156', 'kind', '0', 'en_us', ' image ');
INSERT INTO `craft_searchindex` (`elementId`, `attribute`, `fieldId`, `locale`, `keywords`) VALUES ('156', 'filename', '0', 'en_us', ' canvan 3 jpg ');
INSERT INTO `craft_searchindex` (`elementId`, `attribute`, `fieldId`, `locale`, `keywords`) VALUES ('41', 'filename', '0', 'en_us', ' canvan jpg ');
INSERT INTO `craft_searchindex` (`elementId`, `attribute`, `fieldId`, `locale`, `keywords`) VALUES ('41', 'extension', '0', 'en_us', ' jpg ');
INSERT INTO `craft_searchindex` (`elementId`, `attribute`, `fieldId`, `locale`, `keywords`) VALUES ('41', 'kind', '0', 'en_us', ' image ');
INSERT INTO `craft_searchindex` (`elementId`, `attribute`, `fieldId`, `locale`, `keywords`) VALUES ('41', 'slug', '0', 'en_us', ' canvan 1 ');
INSERT INTO `craft_searchindex` (`elementId`, `attribute`, `fieldId`, `locale`, `keywords`) VALUES ('4', 'field', '7', 'en_us', ' canvan 1 canvan 2 canvan 2up canvan 3 canvan mobile ');
INSERT INTO `craft_searchindex` (`elementId`, `attribute`, `fieldId`, `locale`, `keywords`) VALUES ('155', 'slug', '0', 'en_us', ' canvan 2 ');
INSERT INTO `craft_searchindex` (`elementId`, `attribute`, `fieldId`, `locale`, `keywords`) VALUES ('17', 'filename', '0', 'en_us', ' all devices jpg ');
INSERT INTO `craft_searchindex` (`elementId`, `attribute`, `fieldId`, `locale`, `keywords`) VALUES ('17', 'extension', '0', 'en_us', ' jpg ');
INSERT INTO `craft_searchindex` (`elementId`, `attribute`, `fieldId`, `locale`, `keywords`) VALUES ('17', 'kind', '0', 'en_us', ' image ');
INSERT INTO `craft_searchindex` (`elementId`, `attribute`, `fieldId`, `locale`, `keywords`) VALUES ('17', 'slug', '0', 'en_us', ' all devices ');
INSERT INTO `craft_searchindex` (`elementId`, `attribute`, `fieldId`, `locale`, `keywords`) VALUES ('17', 'title', '0', 'en_us', ' all devices ');
INSERT INTO `craft_searchindex` (`elementId`, `attribute`, `fieldId`, `locale`, `keywords`) VALUES ('18', 'filename', '0', 'en_us', ' ed_image_web cropped jpg ');
INSERT INTO `craft_searchindex` (`elementId`, `attribute`, `fieldId`, `locale`, `keywords`) VALUES ('18', 'extension', '0', 'en_us', ' jpg ');
INSERT INTO `craft_searchindex` (`elementId`, `attribute`, `fieldId`, `locale`, `keywords`) VALUES ('18', 'kind', '0', 'en_us', ' image ');
INSERT INTO `craft_searchindex` (`elementId`, `attribute`, `fieldId`, `locale`, `keywords`) VALUES ('18', 'slug', '0', 'en_us', ' ed image web cropped ');
INSERT INTO `craft_searchindex` (`elementId`, `attribute`, `fieldId`, `locale`, `keywords`) VALUES ('18', 'title', '0', 'en_us', ' ed image web cropped ');
INSERT INTO `craft_searchindex` (`elementId`, `attribute`, `fieldId`, `locale`, `keywords`) VALUES ('19', 'filename', '0', 'en_us', ' all projects svg ');
INSERT INTO `craft_searchindex` (`elementId`, `attribute`, `fieldId`, `locale`, `keywords`) VALUES ('19', 'extension', '0', 'en_us', ' svg ');
INSERT INTO `craft_searchindex` (`elementId`, `attribute`, `fieldId`, `locale`, `keywords`) VALUES ('19', 'kind', '0', 'en_us', ' image ');
INSERT INTO `craft_searchindex` (`elementId`, `attribute`, `fieldId`, `locale`, `keywords`) VALUES ('19', 'slug', '0', 'en_us', ' all projects ');
INSERT INTO `craft_searchindex` (`elementId`, `attribute`, `fieldId`, `locale`, `keywords`) VALUES ('19', 'title', '0', 'en_us', ' all projects ');
INSERT INTO `craft_searchindex` (`elementId`, `attribute`, `fieldId`, `locale`, `keywords`) VALUES ('20', 'filename', '0', 'en_us', ' ed_image_web 1200 jpg ');
INSERT INTO `craft_searchindex` (`elementId`, `attribute`, `fieldId`, `locale`, `keywords`) VALUES ('20', 'extension', '0', 'en_us', ' jpg ');
INSERT INTO `craft_searchindex` (`elementId`, `attribute`, `fieldId`, `locale`, `keywords`) VALUES ('20', 'kind', '0', 'en_us', ' image ');
INSERT INTO `craft_searchindex` (`elementId`, `attribute`, `fieldId`, `locale`, `keywords`) VALUES ('20', 'slug', '0', 'en_us', ' ed image web 1200 ');
INSERT INTO `craft_searchindex` (`elementId`, `attribute`, `fieldId`, `locale`, `keywords`) VALUES ('20', 'title', '0', 'en_us', ' ed image web 1200 ');
INSERT INTO `craft_searchindex` (`elementId`, `attribute`, `fieldId`, `locale`, `keywords`) VALUES ('21', 'filename', '0', 'en_us', ' ed_image_web nologo jpg ');
INSERT INTO `craft_searchindex` (`elementId`, `attribute`, `fieldId`, `locale`, `keywords`) VALUES ('21', 'extension', '0', 'en_us', ' jpg ');
INSERT INTO `craft_searchindex` (`elementId`, `attribute`, `fieldId`, `locale`, `keywords`) VALUES ('21', 'kind', '0', 'en_us', ' image ');
INSERT INTO `craft_searchindex` (`elementId`, `attribute`, `fieldId`, `locale`, `keywords`) VALUES ('21', 'slug', '0', 'en_us', ' ed image web nologo ');
INSERT INTO `craft_searchindex` (`elementId`, `attribute`, `fieldId`, `locale`, `keywords`) VALUES ('21', 'title', '0', 'en_us', ' ed image web nologo ');
INSERT INTO `craft_searchindex` (`elementId`, `attribute`, `fieldId`, `locale`, `keywords`) VALUES ('22', 'filename', '0', 'en_us', ' ed_image_web jpg ');
INSERT INTO `craft_searchindex` (`elementId`, `attribute`, `fieldId`, `locale`, `keywords`) VALUES ('22', 'extension', '0', 'en_us', ' jpg ');
INSERT INTO `craft_searchindex` (`elementId`, `attribute`, `fieldId`, `locale`, `keywords`) VALUES ('22', 'kind', '0', 'en_us', ' image ');
INSERT INTO `craft_searchindex` (`elementId`, `attribute`, `fieldId`, `locale`, `keywords`) VALUES ('22', 'slug', '0', 'en_us', ' ed image web ');
INSERT INTO `craft_searchindex` (`elementId`, `attribute`, `fieldId`, `locale`, `keywords`) VALUES ('22', 'title', '0', 'en_us', ' ed image web ');
INSERT INTO `craft_searchindex` (`elementId`, `attribute`, `fieldId`, `locale`, `keywords`) VALUES ('23', 'filename', '0', 'en_us', ' ed_logo_tiny svg ');
INSERT INTO `craft_searchindex` (`elementId`, `attribute`, `fieldId`, `locale`, `keywords`) VALUES ('23', 'extension', '0', 'en_us', ' svg ');
INSERT INTO `craft_searchindex` (`elementId`, `attribute`, `fieldId`, `locale`, `keywords`) VALUES ('23', 'kind', '0', 'en_us', ' image ');
INSERT INTO `craft_searchindex` (`elementId`, `attribute`, `fieldId`, `locale`, `keywords`) VALUES ('23', 'slug', '0', 'en_us', ' ed logo tiny ');
INSERT INTO `craft_searchindex` (`elementId`, `attribute`, `fieldId`, `locale`, `keywords`) VALUES ('23', 'title', '0', 'en_us', ' ed logo tiny ');
INSERT INTO `craft_searchindex` (`elementId`, `attribute`, `fieldId`, `locale`, `keywords`) VALUES ('155', 'title', '0', 'en_us', ' canvan 2 ');
INSERT INTO `craft_searchindex` (`elementId`, `attribute`, `fieldId`, `locale`, `keywords`) VALUES ('24', 'filename', '0', 'en_us', ' glyphicons halflings white png ');
INSERT INTO `craft_searchindex` (`elementId`, `attribute`, `fieldId`, `locale`, `keywords`) VALUES ('24', 'extension', '0', 'en_us', ' png ');
INSERT INTO `craft_searchindex` (`elementId`, `attribute`, `fieldId`, `locale`, `keywords`) VALUES ('24', 'kind', '0', 'en_us', ' image ');
INSERT INTO `craft_searchindex` (`elementId`, `attribute`, `fieldId`, `locale`, `keywords`) VALUES ('24', 'slug', '0', 'en_us', ' glyphicons halflings white ');
INSERT INTO `craft_searchindex` (`elementId`, `attribute`, `fieldId`, `locale`, `keywords`) VALUES ('24', 'title', '0', 'en_us', ' glyphicons halflings white ');
INSERT INTO `craft_searchindex` (`elementId`, `attribute`, `fieldId`, `locale`, `keywords`) VALUES ('25', 'filename', '0', 'en_us', ' glyphicons halflings png ');
INSERT INTO `craft_searchindex` (`elementId`, `attribute`, `fieldId`, `locale`, `keywords`) VALUES ('25', 'extension', '0', 'en_us', ' png ');
INSERT INTO `craft_searchindex` (`elementId`, `attribute`, `fieldId`, `locale`, `keywords`) VALUES ('25', 'kind', '0', 'en_us', ' image ');
INSERT INTO `craft_searchindex` (`elementId`, `attribute`, `fieldId`, `locale`, `keywords`) VALUES ('25', 'slug', '0', 'en_us', ' glyphicons halflings ');
INSERT INTO `craft_searchindex` (`elementId`, `attribute`, `fieldId`, `locale`, `keywords`) VALUES ('25', 'title', '0', 'en_us', ' glyphicons halflings ');
INSERT INTO `craft_searchindex` (`elementId`, `attribute`, `fieldId`, `locale`, `keywords`) VALUES ('26', 'filename', '0', 'en_us', ' head jpg ');
INSERT INTO `craft_searchindex` (`elementId`, `attribute`, `fieldId`, `locale`, `keywords`) VALUES ('26', 'extension', '0', 'en_us', ' jpg ');
INSERT INTO `craft_searchindex` (`elementId`, `attribute`, `fieldId`, `locale`, `keywords`) VALUES ('26', 'kind', '0', 'en_us', ' image ');
INSERT INTO `craft_searchindex` (`elementId`, `attribute`, `fieldId`, `locale`, `keywords`) VALUES ('26', 'slug', '0', 'en_us', ' head ');
INSERT INTO `craft_searchindex` (`elementId`, `attribute`, `fieldId`, `locale`, `keywords`) VALUES ('26', 'title', '0', 'en_us', ' head ');
INSERT INTO `craft_searchindex` (`elementId`, `attribute`, `fieldId`, `locale`, `keywords`) VALUES ('27', 'filename', '0', 'en_us', ' head2 jpg ');
INSERT INTO `craft_searchindex` (`elementId`, `attribute`, `fieldId`, `locale`, `keywords`) VALUES ('27', 'extension', '0', 'en_us', ' jpg ');
INSERT INTO `craft_searchindex` (`elementId`, `attribute`, `fieldId`, `locale`, `keywords`) VALUES ('27', 'kind', '0', 'en_us', ' image ');
INSERT INTO `craft_searchindex` (`elementId`, `attribute`, `fieldId`, `locale`, `keywords`) VALUES ('27', 'slug', '0', 'en_us', ' head2 ');
INSERT INTO `craft_searchindex` (`elementId`, `attribute`, `fieldId`, `locale`, `keywords`) VALUES ('27', 'title', '0', 'en_us', ' head2 ');
INSERT INTO `craft_searchindex` (`elementId`, `attribute`, `fieldId`, `locale`, `keywords`) VALUES ('28', 'filename', '0', 'en_us', ' header_logo png ');
INSERT INTO `craft_searchindex` (`elementId`, `attribute`, `fieldId`, `locale`, `keywords`) VALUES ('28', 'extension', '0', 'en_us', ' png ');
INSERT INTO `craft_searchindex` (`elementId`, `attribute`, `fieldId`, `locale`, `keywords`) VALUES ('28', 'kind', '0', 'en_us', ' image ');
INSERT INTO `craft_searchindex` (`elementId`, `attribute`, `fieldId`, `locale`, `keywords`) VALUES ('28', 'slug', '0', 'en_us', ' header logo ');
INSERT INTO `craft_searchindex` (`elementId`, `attribute`, `fieldId`, `locale`, `keywords`) VALUES ('28', 'title', '0', 'en_us', ' header logo ');
INSERT INTO `craft_searchindex` (`elementId`, `attribute`, `fieldId`, `locale`, `keywords`) VALUES ('29', 'filename', '0', 'en_us', ' logo banner svg ');
INSERT INTO `craft_searchindex` (`elementId`, `attribute`, `fieldId`, `locale`, `keywords`) VALUES ('29', 'extension', '0', 'en_us', ' svg ');
INSERT INTO `craft_searchindex` (`elementId`, `attribute`, `fieldId`, `locale`, `keywords`) VALUES ('29', 'kind', '0', 'en_us', ' image ');
INSERT INTO `craft_searchindex` (`elementId`, `attribute`, `fieldId`, `locale`, `keywords`) VALUES ('29', 'slug', '0', 'en_us', ' logo banner ');
INSERT INTO `craft_searchindex` (`elementId`, `attribute`, `fieldId`, `locale`, `keywords`) VALUES ('29', 'title', '0', 'en_us', ' logo banner ');
INSERT INTO `craft_searchindex` (`elementId`, `attribute`, `fieldId`, `locale`, `keywords`) VALUES ('30', 'filename', '0', 'en_us', ' logo svg ');
INSERT INTO `craft_searchindex` (`elementId`, `attribute`, `fieldId`, `locale`, `keywords`) VALUES ('30', 'extension', '0', 'en_us', ' svg ');
INSERT INTO `craft_searchindex` (`elementId`, `attribute`, `fieldId`, `locale`, `keywords`) VALUES ('30', 'kind', '0', 'en_us', ' image ');
INSERT INTO `craft_searchindex` (`elementId`, `attribute`, `fieldId`, `locale`, `keywords`) VALUES ('30', 'slug', '0', 'en_us', ' logo ');
INSERT INTO `craft_searchindex` (`elementId`, `attribute`, `fieldId`, `locale`, `keywords`) VALUES ('30', 'title', '0', 'en_us', ' logo ');
INSERT INTO `craft_searchindex` (`elementId`, `attribute`, `fieldId`, `locale`, `keywords`) VALUES ('31', 'filename', '0', 'en_us', ' masthead 2 jpg ');
INSERT INTO `craft_searchindex` (`elementId`, `attribute`, `fieldId`, `locale`, `keywords`) VALUES ('31', 'extension', '0', 'en_us', ' jpg ');
INSERT INTO `craft_searchindex` (`elementId`, `attribute`, `fieldId`, `locale`, `keywords`) VALUES ('31', 'kind', '0', 'en_us', ' image ');
INSERT INTO `craft_searchindex` (`elementId`, `attribute`, `fieldId`, `locale`, `keywords`) VALUES ('31', 'slug', '0', 'en_us', ' masthead 2 ');
INSERT INTO `craft_searchindex` (`elementId`, `attribute`, `fieldId`, `locale`, `keywords`) VALUES ('31', 'title', '0', 'en_us', ' masthead 2 ');
INSERT INTO `craft_searchindex` (`elementId`, `attribute`, `fieldId`, `locale`, `keywords`) VALUES ('32', 'filename', '0', 'en_us', ' masthead jpg ');
INSERT INTO `craft_searchindex` (`elementId`, `attribute`, `fieldId`, `locale`, `keywords`) VALUES ('32', 'extension', '0', 'en_us', ' jpg ');
INSERT INTO `craft_searchindex` (`elementId`, `attribute`, `fieldId`, `locale`, `keywords`) VALUES ('32', 'kind', '0', 'en_us', ' image ');
INSERT INTO `craft_searchindex` (`elementId`, `attribute`, `fieldId`, `locale`, `keywords`) VALUES ('32', 'slug', '0', 'en_us', ' masthead ');
INSERT INTO `craft_searchindex` (`elementId`, `attribute`, `fieldId`, `locale`, `keywords`) VALUES ('32', 'title', '0', 'en_us', ' masthead ');
INSERT INTO `craft_searchindex` (`elementId`, `attribute`, `fieldId`, `locale`, `keywords`) VALUES ('33', 'filename', '0', 'en_us', ' my_logo png ');
INSERT INTO `craft_searchindex` (`elementId`, `attribute`, `fieldId`, `locale`, `keywords`) VALUES ('33', 'extension', '0', 'en_us', ' png ');
INSERT INTO `craft_searchindex` (`elementId`, `attribute`, `fieldId`, `locale`, `keywords`) VALUES ('33', 'kind', '0', 'en_us', ' image ');
INSERT INTO `craft_searchindex` (`elementId`, `attribute`, `fieldId`, `locale`, `keywords`) VALUES ('33', 'slug', '0', 'en_us', ' my logo ');
INSERT INTO `craft_searchindex` (`elementId`, `attribute`, `fieldId`, `locale`, `keywords`) VALUES ('33', 'title', '0', 'en_us', ' my logo ');
INSERT INTO `craft_searchindex` (`elementId`, `attribute`, `fieldId`, `locale`, `keywords`) VALUES ('34', 'filename', '0', 'en_us', ' my_logo svg ');
INSERT INTO `craft_searchindex` (`elementId`, `attribute`, `fieldId`, `locale`, `keywords`) VALUES ('34', 'extension', '0', 'en_us', ' svg ');
INSERT INTO `craft_searchindex` (`elementId`, `attribute`, `fieldId`, `locale`, `keywords`) VALUES ('34', 'kind', '0', 'en_us', ' image ');
INSERT INTO `craft_searchindex` (`elementId`, `attribute`, `fieldId`, `locale`, `keywords`) VALUES ('34', 'slug', '0', 'en_us', ' my logo ');
INSERT INTO `craft_searchindex` (`elementId`, `attribute`, `fieldId`, `locale`, `keywords`) VALUES ('34', 'title', '0', 'en_us', ' my logo ');
INSERT INTO `craft_searchindex` (`elementId`, `attribute`, `fieldId`, `locale`, `keywords`) VALUES ('35', 'filename', '0', 'en_us', ' dribbble svg ');
INSERT INTO `craft_searchindex` (`elementId`, `attribute`, `fieldId`, `locale`, `keywords`) VALUES ('35', 'extension', '0', 'en_us', ' svg ');
INSERT INTO `craft_searchindex` (`elementId`, `attribute`, `fieldId`, `locale`, `keywords`) VALUES ('35', 'kind', '0', 'en_us', ' image ');
INSERT INTO `craft_searchindex` (`elementId`, `attribute`, `fieldId`, `locale`, `keywords`) VALUES ('35', 'slug', '0', 'en_us', ' dribbble ');
INSERT INTO `craft_searchindex` (`elementId`, `attribute`, `fieldId`, `locale`, `keywords`) VALUES ('35', 'title', '0', 'en_us', ' dribbble ');
INSERT INTO `craft_searchindex` (`elementId`, `attribute`, `fieldId`, `locale`, `keywords`) VALUES ('36', 'filename', '0', 'en_us', ' insta svg ');
INSERT INTO `craft_searchindex` (`elementId`, `attribute`, `fieldId`, `locale`, `keywords`) VALUES ('36', 'extension', '0', 'en_us', ' svg ');
INSERT INTO `craft_searchindex` (`elementId`, `attribute`, `fieldId`, `locale`, `keywords`) VALUES ('36', 'kind', '0', 'en_us', ' image ');
INSERT INTO `craft_searchindex` (`elementId`, `attribute`, `fieldId`, `locale`, `keywords`) VALUES ('36', 'slug', '0', 'en_us', ' insta ');
INSERT INTO `craft_searchindex` (`elementId`, `attribute`, `fieldId`, `locale`, `keywords`) VALUES ('36', 'title', '0', 'en_us', ' insta ');
INSERT INTO `craft_searchindex` (`elementId`, `attribute`, `fieldId`, `locale`, `keywords`) VALUES ('37', 'filename', '0', 'en_us', ' linkedin svg ');
INSERT INTO `craft_searchindex` (`elementId`, `attribute`, `fieldId`, `locale`, `keywords`) VALUES ('37', 'extension', '0', 'en_us', ' svg ');
INSERT INTO `craft_searchindex` (`elementId`, `attribute`, `fieldId`, `locale`, `keywords`) VALUES ('37', 'kind', '0', 'en_us', ' image ');
INSERT INTO `craft_searchindex` (`elementId`, `attribute`, `fieldId`, `locale`, `keywords`) VALUES ('37', 'slug', '0', 'en_us', ' linkedin ');
INSERT INTO `craft_searchindex` (`elementId`, `attribute`, `fieldId`, `locale`, `keywords`) VALUES ('37', 'title', '0', 'en_us', ' linkedin ');
INSERT INTO `craft_searchindex` (`elementId`, `attribute`, `fieldId`, `locale`, `keywords`) VALUES ('38', 'filename', '0', 'en_us', ' twitter svg ');
INSERT INTO `craft_searchindex` (`elementId`, `attribute`, `fieldId`, `locale`, `keywords`) VALUES ('38', 'extension', '0', 'en_us', ' svg ');
INSERT INTO `craft_searchindex` (`elementId`, `attribute`, `fieldId`, `locale`, `keywords`) VALUES ('38', 'kind', '0', 'en_us', ' image ');
INSERT INTO `craft_searchindex` (`elementId`, `attribute`, `fieldId`, `locale`, `keywords`) VALUES ('38', 'slug', '0', 'en_us', ' twitter ');
INSERT INTO `craft_searchindex` (`elementId`, `attribute`, `fieldId`, `locale`, `keywords`) VALUES ('38', 'title', '0', 'en_us', ' twitter ');
INSERT INTO `craft_searchindex` (`elementId`, `attribute`, `fieldId`, `locale`, `keywords`) VALUES ('154', 'slug', '0', 'en_us', ' canvan 1 1 ');
INSERT INTO `craft_searchindex` (`elementId`, `attribute`, `fieldId`, `locale`, `keywords`) VALUES ('154', 'title', '0', 'en_us', ' canvan 1 1 ');
INSERT INTO `craft_searchindex` (`elementId`, `attribute`, `fieldId`, `locale`, `keywords`) VALUES ('154', 'kind', '0', 'en_us', ' image ');
INSERT INTO `craft_searchindex` (`elementId`, `attribute`, `fieldId`, `locale`, `keywords`) VALUES ('154', 'filename', '0', 'en_us', ' canvan 1 jpg ');
INSERT INTO `craft_searchindex` (`elementId`, `attribute`, `fieldId`, `locale`, `keywords`) VALUES ('154', 'extension', '0', 'en_us', ' jpg ');
INSERT INTO `craft_searchindex` (`elementId`, `attribute`, `fieldId`, `locale`, `keywords`) VALUES ('46', 'field', '5', 'en_us', ' identity design development html sass jquery ');
INSERT INTO `craft_searchindex` (`elementId`, `attribute`, `fieldId`, `locale`, `keywords`) VALUES ('4', 'field', '8', 'en_us', ' hero ');
INSERT INTO `craft_searchindex` (`elementId`, `attribute`, `fieldId`, `locale`, `keywords`) VALUES ('45', 'filename', '0', 'en_us', ' hero jpg ');
INSERT INTO `craft_searchindex` (`elementId`, `attribute`, `fieldId`, `locale`, `keywords`) VALUES ('45', 'extension', '0', 'en_us', ' jpg ');
INSERT INTO `craft_searchindex` (`elementId`, `attribute`, `fieldId`, `locale`, `keywords`) VALUES ('45', 'kind', '0', 'en_us', ' image ');
INSERT INTO `craft_searchindex` (`elementId`, `attribute`, `fieldId`, `locale`, `keywords`) VALUES ('45', 'slug', '0', 'en_us', ' hero ');
INSERT INTO `craft_searchindex` (`elementId`, `attribute`, `fieldId`, `locale`, `keywords`) VALUES ('45', 'title', '0', 'en_us', ' hero ');
INSERT INTO `craft_searchindex` (`elementId`, `attribute`, `fieldId`, `locale`, `keywords`) VALUES ('46', 'field', '8', 'en_us', ' iphone5s mockup preview o ');
INSERT INTO `craft_searchindex` (`elementId`, `attribute`, `fieldId`, `locale`, `keywords`) VALUES ('46', 'field', '4', 'en_us', ' life fit is a waterfront fitness studio based in new zealand the small private studio offers a number of amentities including group fitness classes personal training and a sauna the responsive website gives patrons access to information about the classes offered personal training services and rates even for the athelete always on the go ');
INSERT INTO `craft_searchindex` (`elementId`, `attribute`, `fieldId`, `locale`, `keywords`) VALUES ('46', 'field', '7', 'en_us', ' lifefit logo lifefit 1 lifefit 2up lifefit 2 lifefit mobile ');
INSERT INTO `craft_searchindex` (`elementId`, `attribute`, `fieldId`, `locale`, `keywords`) VALUES ('46', 'slug', '0', 'en_us', ' life fit ');
INSERT INTO `craft_searchindex` (`elementId`, `attribute`, `fieldId`, `locale`, `keywords`) VALUES ('46', 'title', '0', 'en_us', ' life fit fitness studio ');
INSERT INTO `craft_searchindex` (`elementId`, `attribute`, `fieldId`, `locale`, `keywords`) VALUES ('47', 'field', '6', 'en_us', ' design ');
INSERT INTO `craft_searchindex` (`elementId`, `attribute`, `fieldId`, `locale`, `keywords`) VALUES ('47', 'slug', '0', 'en_us', '');
INSERT INTO `craft_searchindex` (`elementId`, `attribute`, `fieldId`, `locale`, `keywords`) VALUES ('48', 'field', '6', 'en_us', ' development ');
INSERT INTO `craft_searchindex` (`elementId`, `attribute`, `fieldId`, `locale`, `keywords`) VALUES ('48', 'slug', '0', 'en_us', '');
INSERT INTO `craft_searchindex` (`elementId`, `attribute`, `fieldId`, `locale`, `keywords`) VALUES ('49', 'field', '6', 'en_us', ' html ');
INSERT INTO `craft_searchindex` (`elementId`, `attribute`, `fieldId`, `locale`, `keywords`) VALUES ('49', 'slug', '0', 'en_us', '');
INSERT INTO `craft_searchindex` (`elementId`, `attribute`, `fieldId`, `locale`, `keywords`) VALUES ('50', 'field', '6', 'en_us', ' sass ');
INSERT INTO `craft_searchindex` (`elementId`, `attribute`, `fieldId`, `locale`, `keywords`) VALUES ('50', 'slug', '0', 'en_us', '');
INSERT INTO `craft_searchindex` (`elementId`, `attribute`, `fieldId`, `locale`, `keywords`) VALUES ('51', 'field', '6', 'en_us', ' jquery ');
INSERT INTO `craft_searchindex` (`elementId`, `attribute`, `fieldId`, `locale`, `keywords`) VALUES ('51', 'slug', '0', 'en_us', '');
INSERT INTO `craft_searchindex` (`elementId`, `attribute`, `fieldId`, `locale`, `keywords`) VALUES ('52', 'field', '8', 'en_us', ' hero ');
INSERT INTO `craft_searchindex` (`elementId`, `attribute`, `fieldId`, `locale`, `keywords`) VALUES ('52', 'field', '5', 'en_us', ' design development html sass jquery craft cms ');
INSERT INTO `craft_searchindex` (`elementId`, `attribute`, `fieldId`, `locale`, `keywords`) VALUES ('52', 'field', '4', 'en_us', ' steam whistle unsigned is an ongoing concert series that showcases canada s indie music talent while also developing its future hosted in toronto edmonton calgary and vancouver each edition of unsigned features canadian artists with all of the ticket sales going back to the arts community the website houses an archive of each unsigned show with photos and video and provides event listings for upcoming unsigned shows and other local music acts built on the craft content management system events professionals are able to add and update new shows and annoucements ');
INSERT INTO `craft_searchindex` (`elementId`, `attribute`, `fieldId`, `locale`, `keywords`) VALUES ('52', 'field', '7', 'en_us', ' unsigned 1 unsigned mobile 1 unsigned 2up 2 unsigned mobile 2 ');
INSERT INTO `craft_searchindex` (`elementId`, `attribute`, `fieldId`, `locale`, `keywords`) VALUES ('52', 'slug', '0', 'en_us', ' unsigned ');
INSERT INTO `craft_searchindex` (`elementId`, `attribute`, `fieldId`, `locale`, `keywords`) VALUES ('52', 'title', '0', 'en_us', ' unsigned indie music series ');
INSERT INTO `craft_searchindex` (`elementId`, `attribute`, `fieldId`, `locale`, `keywords`) VALUES ('53', 'field', '6', 'en_us', ' design ');
INSERT INTO `craft_searchindex` (`elementId`, `attribute`, `fieldId`, `locale`, `keywords`) VALUES ('53', 'slug', '0', 'en_us', '');
INSERT INTO `craft_searchindex` (`elementId`, `attribute`, `fieldId`, `locale`, `keywords`) VALUES ('54', 'field', '6', 'en_us', ' development ');
INSERT INTO `craft_searchindex` (`elementId`, `attribute`, `fieldId`, `locale`, `keywords`) VALUES ('54', 'slug', '0', 'en_us', '');
INSERT INTO `craft_searchindex` (`elementId`, `attribute`, `fieldId`, `locale`, `keywords`) VALUES ('55', 'field', '6', 'en_us', ' html ');
INSERT INTO `craft_searchindex` (`elementId`, `attribute`, `fieldId`, `locale`, `keywords`) VALUES ('55', 'slug', '0', 'en_us', '');
INSERT INTO `craft_searchindex` (`elementId`, `attribute`, `fieldId`, `locale`, `keywords`) VALUES ('56', 'field', '6', 'en_us', ' sass ');
INSERT INTO `craft_searchindex` (`elementId`, `attribute`, `fieldId`, `locale`, `keywords`) VALUES ('56', 'slug', '0', 'en_us', '');
INSERT INTO `craft_searchindex` (`elementId`, `attribute`, `fieldId`, `locale`, `keywords`) VALUES ('57', 'field', '6', 'en_us', ' jquery ');
INSERT INTO `craft_searchindex` (`elementId`, `attribute`, `fieldId`, `locale`, `keywords`) VALUES ('57', 'slug', '0', 'en_us', '');
INSERT INTO `craft_searchindex` (`elementId`, `attribute`, `fieldId`, `locale`, `keywords`) VALUES ('58', 'field', '6', 'en_us', ' craft cms ');
INSERT INTO `craft_searchindex` (`elementId`, `attribute`, `fieldId`, `locale`, `keywords`) VALUES ('58', 'slug', '0', 'en_us', '');
INSERT INTO `craft_searchindex` (`elementId`, `attribute`, `fieldId`, `locale`, `keywords`) VALUES ('59', 'field', '8', 'en_us', ' hero 2 ');
INSERT INTO `craft_searchindex` (`elementId`, `attribute`, `fieldId`, `locale`, `keywords`) VALUES ('59', 'field', '5', 'en_us', ' identity identity design site design development html sass jquery ');
INSERT INTO `craft_searchindex` (`elementId`, `attribute`, `fieldId`, `locale`, `keywords`) VALUES ('59', 'field', '4', 'en_us', ' every year steam whistle invites its craft brethern to roundhouse park to host an outdoor winter beer festival challengning beer fans to drink cold beer outside in the canadian winter this site provides information on the festival which breweries will participate and how to buy tickets to this crazy canuck festival ');
INSERT INTO `craft_searchindex` (`elementId`, `attribute`, `fieldId`, `locale`, `keywords`) VALUES ('59', 'field', '7', 'en_us', ' logo winter beer fest winter beer fest 2up winter beer fest 2 winter beer fest mobile ');
INSERT INTO `craft_searchindex` (`elementId`, `attribute`, `fieldId`, `locale`, `keywords`) VALUES ('59', 'slug', '0', 'en_us', ' winter beer festival ');
INSERT INTO `craft_searchindex` (`elementId`, `attribute`, `fieldId`, `locale`, `keywords`) VALUES ('59', 'title', '0', 'en_us', ' winter craft beer festival ');
INSERT INTO `craft_searchindex` (`elementId`, `attribute`, `fieldId`, `locale`, `keywords`) VALUES ('60', 'field', '6', 'en_us', ' identity design ');
INSERT INTO `craft_searchindex` (`elementId`, `attribute`, `fieldId`, `locale`, `keywords`) VALUES ('60', 'slug', '0', 'en_us', '');
INSERT INTO `craft_searchindex` (`elementId`, `attribute`, `fieldId`, `locale`, `keywords`) VALUES ('61', 'field', '6', 'en_us', ' site design ');
INSERT INTO `craft_searchindex` (`elementId`, `attribute`, `fieldId`, `locale`, `keywords`) VALUES ('61', 'slug', '0', 'en_us', '');
INSERT INTO `craft_searchindex` (`elementId`, `attribute`, `fieldId`, `locale`, `keywords`) VALUES ('62', 'field', '6', 'en_us', ' development ');
INSERT INTO `craft_searchindex` (`elementId`, `attribute`, `fieldId`, `locale`, `keywords`) VALUES ('62', 'slug', '0', 'en_us', '');
INSERT INTO `craft_searchindex` (`elementId`, `attribute`, `fieldId`, `locale`, `keywords`) VALUES ('63', 'field', '6', 'en_us', ' html ');
INSERT INTO `craft_searchindex` (`elementId`, `attribute`, `fieldId`, `locale`, `keywords`) VALUES ('63', 'slug', '0', 'en_us', '');
INSERT INTO `craft_searchindex` (`elementId`, `attribute`, `fieldId`, `locale`, `keywords`) VALUES ('64', 'field', '6', 'en_us', ' sass ');
INSERT INTO `craft_searchindex` (`elementId`, `attribute`, `fieldId`, `locale`, `keywords`) VALUES ('64', 'slug', '0', 'en_us', '');
INSERT INTO `craft_searchindex` (`elementId`, `attribute`, `fieldId`, `locale`, `keywords`) VALUES ('65', 'field', '6', 'en_us', ' jquery ');
INSERT INTO `craft_searchindex` (`elementId`, `attribute`, `fieldId`, `locale`, `keywords`) VALUES ('65', 'slug', '0', 'en_us', '');
INSERT INTO `craft_searchindex` (`elementId`, `attribute`, `fieldId`, `locale`, `keywords`) VALUES ('66', 'field', '8', 'en_us', ' creative psd macbook pro mockup premium psd mocup 3b ');
INSERT INTO `craft_searchindex` (`elementId`, `attribute`, `fieldId`, `locale`, `keywords`) VALUES ('66', 'field', '5', 'en_us', ' development html sass jquery craft cms ');
INSERT INTO `craft_searchindex` (`elementId`, `attribute`, `fieldId`, `locale`, `keywords`) VALUES ('66', 'field', '4', 'en_us', ' i was very excited when a good friend approached me to help launch her portfolio website working with her designs i created a responsive and interactive site to bring her work to the web i definitely wanted to get her set up on an content managment platform so she could continue to add projects or edit content as needed and with its easy to use intuitive backend the craft cms was the perfect fit ');
INSERT INTO `craft_searchindex` (`elementId`, `attribute`, `fieldId`, `locale`, `keywords`) VALUES ('66', 'field', '7', 'en_us', ' caroline 1 caroline 2 caroline 3 mobile ');
INSERT INTO `craft_searchindex` (`elementId`, `attribute`, `fieldId`, `locale`, `keywords`) VALUES ('66', 'slug', '0', 'en_us', ' caroline ');
INSERT INTO `craft_searchindex` (`elementId`, `attribute`, `fieldId`, `locale`, `keywords`) VALUES ('66', 'title', '0', 'en_us', ' caroline gaspar s portfolio ');
INSERT INTO `craft_searchindex` (`elementId`, `attribute`, `fieldId`, `locale`, `keywords`) VALUES ('67', 'field', '6', 'en_us', ' development ');
INSERT INTO `craft_searchindex` (`elementId`, `attribute`, `fieldId`, `locale`, `keywords`) VALUES ('67', 'slug', '0', 'en_us', '');
INSERT INTO `craft_searchindex` (`elementId`, `attribute`, `fieldId`, `locale`, `keywords`) VALUES ('68', 'field', '6', 'en_us', ' html ');
INSERT INTO `craft_searchindex` (`elementId`, `attribute`, `fieldId`, `locale`, `keywords`) VALUES ('68', 'slug', '0', 'en_us', '');
INSERT INTO `craft_searchindex` (`elementId`, `attribute`, `fieldId`, `locale`, `keywords`) VALUES ('69', 'field', '6', 'en_us', ' sass ');
INSERT INTO `craft_searchindex` (`elementId`, `attribute`, `fieldId`, `locale`, `keywords`) VALUES ('69', 'slug', '0', 'en_us', '');
INSERT INTO `craft_searchindex` (`elementId`, `attribute`, `fieldId`, `locale`, `keywords`) VALUES ('70', 'field', '6', 'en_us', ' jquery ');
INSERT INTO `craft_searchindex` (`elementId`, `attribute`, `fieldId`, `locale`, `keywords`) VALUES ('70', 'slug', '0', 'en_us', '');
INSERT INTO `craft_searchindex` (`elementId`, `attribute`, `fieldId`, `locale`, `keywords`) VALUES ('71', 'field', '6', 'en_us', ' craft cms ');
INSERT INTO `craft_searchindex` (`elementId`, `attribute`, `fieldId`, `locale`, `keywords`) VALUES ('71', 'slug', '0', 'en_us', '');
INSERT INTO `craft_searchindex` (`elementId`, `attribute`, `fieldId`, `locale`, `keywords`) VALUES ('72', 'field', '8', 'en_us', ' hero ');
INSERT INTO `craft_searchindex` (`elementId`, `attribute`, `fieldId`, `locale`, `keywords`) VALUES ('72', 'field', '5', 'en_us', ' design development html sass jquery ');
INSERT INTO `craft_searchindex` (`elementId`, `attribute`, `fieldId`, `locale`, `keywords`) VALUES ('72', 'field', '4', 'en_us', ' oktoberfest has become the world s largest festival where millions of people gather to celebrate beer steam whistle brings this legendary celebration closer to home with their custom 1 litre steins and celebrations in a number of canadian cities the microsite provides information about the brewery festival including party locations helpful german phrases and where oktoberfest fans can get their own steam whistle stein prosit ');
INSERT INTO `craft_searchindex` (`elementId`, `attribute`, `fieldId`, `locale`, `keywords`) VALUES ('72', 'field', '7', 'en_us', ' oktoberfest 1 okt 2 okt 2up okt 3 okt mobile ');
INSERT INTO `craft_searchindex` (`elementId`, `attribute`, `fieldId`, `locale`, `keywords`) VALUES ('72', 'slug', '0', 'en_us', ' oktoberfest ');
INSERT INTO `craft_searchindex` (`elementId`, `attribute`, `fieldId`, `locale`, `keywords`) VALUES ('72', 'title', '0', 'en_us', ' steam whistle s oktoberfest ');
INSERT INTO `craft_searchindex` (`elementId`, `attribute`, `fieldId`, `locale`, `keywords`) VALUES ('73', 'field', '6', 'en_us', ' design ');
INSERT INTO `craft_searchindex` (`elementId`, `attribute`, `fieldId`, `locale`, `keywords`) VALUES ('73', 'slug', '0', 'en_us', '');
INSERT INTO `craft_searchindex` (`elementId`, `attribute`, `fieldId`, `locale`, `keywords`) VALUES ('74', 'field', '6', 'en_us', ' development ');
INSERT INTO `craft_searchindex` (`elementId`, `attribute`, `fieldId`, `locale`, `keywords`) VALUES ('74', 'slug', '0', 'en_us', '');
INSERT INTO `craft_searchindex` (`elementId`, `attribute`, `fieldId`, `locale`, `keywords`) VALUES ('75', 'field', '6', 'en_us', ' html ');
INSERT INTO `craft_searchindex` (`elementId`, `attribute`, `fieldId`, `locale`, `keywords`) VALUES ('75', 'slug', '0', 'en_us', '');
INSERT INTO `craft_searchindex` (`elementId`, `attribute`, `fieldId`, `locale`, `keywords`) VALUES ('76', 'field', '6', 'en_us', ' sass ');
INSERT INTO `craft_searchindex` (`elementId`, `attribute`, `fieldId`, `locale`, `keywords`) VALUES ('76', 'slug', '0', 'en_us', '');
INSERT INTO `craft_searchindex` (`elementId`, `attribute`, `fieldId`, `locale`, `keywords`) VALUES ('77', 'field', '6', 'en_us', ' jquery ');
INSERT INTO `craft_searchindex` (`elementId`, `attribute`, `fieldId`, `locale`, `keywords`) VALUES ('77', 'slug', '0', 'en_us', '');
INSERT INTO `craft_searchindex` (`elementId`, `attribute`, `fieldId`, `locale`, `keywords`) VALUES ('78', 'field', '8', 'en_us', ' product preview o ');
INSERT INTO `craft_searchindex` (`elementId`, `attribute`, `fieldId`, `locale`, `keywords`) VALUES ('78', 'field', '5', 'en_us', ' design development html sass jquery php ');
INSERT INTO `craft_searchindex` (`elementId`, `attribute`, `fieldId`, `locale`, `keywords`) VALUES ('78', 'field', '4', 'en_us', ' for a summer promo steam whistle brewing invited consumers to check under their caps for a chance to win the ultimate bottle opener crafted out of solid gold the accompanying website provides information on the contest where to buy specially marked packs and the option to enter the contest online ');
INSERT INTO `craft_searchindex` (`elementId`, `attribute`, `fieldId`, `locale`, `keywords`) VALUES ('78', 'field', '7', 'en_us', ' go home golden opener 1 go page enter ');
INSERT INTO `craft_searchindex` (`elementId`, `attribute`, `fieldId`, `locale`, `keywords`) VALUES ('78', 'slug', '0', 'en_us', ' find gold ');
INSERT INTO `craft_searchindex` (`elementId`, `attribute`, `fieldId`, `locale`, `keywords`) VALUES ('78', 'title', '0', 'en_us', ' find gold contest page ');
INSERT INTO `craft_searchindex` (`elementId`, `attribute`, `fieldId`, `locale`, `keywords`) VALUES ('79', 'field', '6', 'en_us', ' design ');
INSERT INTO `craft_searchindex` (`elementId`, `attribute`, `fieldId`, `locale`, `keywords`) VALUES ('79', 'slug', '0', 'en_us', '');
INSERT INTO `craft_searchindex` (`elementId`, `attribute`, `fieldId`, `locale`, `keywords`) VALUES ('80', 'field', '6', 'en_us', ' development ');
INSERT INTO `craft_searchindex` (`elementId`, `attribute`, `fieldId`, `locale`, `keywords`) VALUES ('80', 'slug', '0', 'en_us', '');
INSERT INTO `craft_searchindex` (`elementId`, `attribute`, `fieldId`, `locale`, `keywords`) VALUES ('81', 'field', '6', 'en_us', ' html ');
INSERT INTO `craft_searchindex` (`elementId`, `attribute`, `fieldId`, `locale`, `keywords`) VALUES ('81', 'slug', '0', 'en_us', '');
INSERT INTO `craft_searchindex` (`elementId`, `attribute`, `fieldId`, `locale`, `keywords`) VALUES ('82', 'field', '6', 'en_us', ' sass ');
INSERT INTO `craft_searchindex` (`elementId`, `attribute`, `fieldId`, `locale`, `keywords`) VALUES ('82', 'slug', '0', 'en_us', '');
INSERT INTO `craft_searchindex` (`elementId`, `attribute`, `fieldId`, `locale`, `keywords`) VALUES ('83', 'field', '6', 'en_us', ' jquery ');
INSERT INTO `craft_searchindex` (`elementId`, `attribute`, `fieldId`, `locale`, `keywords`) VALUES ('83', 'slug', '0', 'en_us', '');
INSERT INTO `craft_searchindex` (`elementId`, `attribute`, `fieldId`, `locale`, `keywords`) VALUES ('84', 'field', '6', 'en_us', ' php ');
INSERT INTO `craft_searchindex` (`elementId`, `attribute`, `fieldId`, `locale`, `keywords`) VALUES ('84', 'slug', '0', 'en_us', '');
INSERT INTO `craft_searchindex` (`elementId`, `attribute`, `fieldId`, `locale`, `keywords`) VALUES ('85', 'field', '8', 'en_us', '');
INSERT INTO `craft_searchindex` (`elementId`, `attribute`, `fieldId`, `locale`, `keywords`) VALUES ('85', 'field', '5', 'en_us', ' design development html css wordpress ');
INSERT INTO `craft_searchindex` (`elementId`, `attribute`, `fieldId`, `locale`, `keywords`) VALUES ('85', 'field', '4', 'en_us', ' custom wordpress template for steam whistle s blog page ');
INSERT INTO `craft_searchindex` (`elementId`, `attribute`, `fieldId`, `locale`, `keywords`) VALUES ('85', 'field', '7', 'en_us', '');
INSERT INTO `craft_searchindex` (`elementId`, `attribute`, `fieldId`, `locale`, `keywords`) VALUES ('85', 'slug', '0', 'en_us', ' steam whistle blog ');
INSERT INTO `craft_searchindex` (`elementId`, `attribute`, `fieldId`, `locale`, `keywords`) VALUES ('85', 'title', '0', 'en_us', ' steam whistle blog ');
INSERT INTO `craft_searchindex` (`elementId`, `attribute`, `fieldId`, `locale`, `keywords`) VALUES ('86', 'field', '6', 'en_us', ' design ');
INSERT INTO `craft_searchindex` (`elementId`, `attribute`, `fieldId`, `locale`, `keywords`) VALUES ('86', 'slug', '0', 'en_us', '');
INSERT INTO `craft_searchindex` (`elementId`, `attribute`, `fieldId`, `locale`, `keywords`) VALUES ('87', 'field', '6', 'en_us', ' development ');
INSERT INTO `craft_searchindex` (`elementId`, `attribute`, `fieldId`, `locale`, `keywords`) VALUES ('87', 'slug', '0', 'en_us', '');
INSERT INTO `craft_searchindex` (`elementId`, `attribute`, `fieldId`, `locale`, `keywords`) VALUES ('88', 'field', '6', 'en_us', ' html ');
INSERT INTO `craft_searchindex` (`elementId`, `attribute`, `fieldId`, `locale`, `keywords`) VALUES ('88', 'slug', '0', 'en_us', '');
INSERT INTO `craft_searchindex` (`elementId`, `attribute`, `fieldId`, `locale`, `keywords`) VALUES ('89', 'field', '6', 'en_us', ' css ');
INSERT INTO `craft_searchindex` (`elementId`, `attribute`, `fieldId`, `locale`, `keywords`) VALUES ('89', 'slug', '0', 'en_us', '');
INSERT INTO `craft_searchindex` (`elementId`, `attribute`, `fieldId`, `locale`, `keywords`) VALUES ('90', 'field', '6', 'en_us', ' wordpress ');
INSERT INTO `craft_searchindex` (`elementId`, `attribute`, `fieldId`, `locale`, `keywords`) VALUES ('90', 'slug', '0', 'en_us', '');
INSERT INTO `craft_searchindex` (`elementId`, `attribute`, `fieldId`, `locale`, `keywords`) VALUES ('91', 'field', '8', 'en_us', '');
INSERT INTO `craft_searchindex` (`elementId`, `attribute`, `fieldId`, `locale`, `keywords`) VALUES ('91', 'field', '5', 'en_us', ' design development html css shopify template ');
INSERT INTO `craft_searchindex` (`elementId`, `attribute`, `fieldId`, `locale`, `keywords`) VALUES ('91', 'field', '4', 'en_us', '');
INSERT INTO `craft_searchindex` (`elementId`, `attribute`, `fieldId`, `locale`, `keywords`) VALUES ('91', 'field', '7', 'en_us', '');
INSERT INTO `craft_searchindex` (`elementId`, `attribute`, `fieldId`, `locale`, `keywords`) VALUES ('91', 'slug', '0', 'en_us', ' steam whistle store ');
INSERT INTO `craft_searchindex` (`elementId`, `attribute`, `fieldId`, `locale`, `keywords`) VALUES ('91', 'title', '0', 'en_us', ' the steam whistle store ');
INSERT INTO `craft_searchindex` (`elementId`, `attribute`, `fieldId`, `locale`, `keywords`) VALUES ('92', 'field', '6', 'en_us', ' design ');
INSERT INTO `craft_searchindex` (`elementId`, `attribute`, `fieldId`, `locale`, `keywords`) VALUES ('92', 'slug', '0', 'en_us', '');
INSERT INTO `craft_searchindex` (`elementId`, `attribute`, `fieldId`, `locale`, `keywords`) VALUES ('93', 'field', '6', 'en_us', ' development ');
INSERT INTO `craft_searchindex` (`elementId`, `attribute`, `fieldId`, `locale`, `keywords`) VALUES ('93', 'slug', '0', 'en_us', '');
INSERT INTO `craft_searchindex` (`elementId`, `attribute`, `fieldId`, `locale`, `keywords`) VALUES ('94', 'field', '6', 'en_us', ' html ');
INSERT INTO `craft_searchindex` (`elementId`, `attribute`, `fieldId`, `locale`, `keywords`) VALUES ('94', 'slug', '0', 'en_us', '');
INSERT INTO `craft_searchindex` (`elementId`, `attribute`, `fieldId`, `locale`, `keywords`) VALUES ('95', 'field', '6', 'en_us', ' css ');
INSERT INTO `craft_searchindex` (`elementId`, `attribute`, `fieldId`, `locale`, `keywords`) VALUES ('95', 'slug', '0', 'en_us', '');
INSERT INTO `craft_searchindex` (`elementId`, `attribute`, `fieldId`, `locale`, `keywords`) VALUES ('96', 'field', '6', 'en_us', ' shopify template ');
INSERT INTO `craft_searchindex` (`elementId`, `attribute`, `fieldId`, `locale`, `keywords`) VALUES ('96', 'slug', '0', 'en_us', '');
INSERT INTO `craft_searchindex` (`elementId`, `attribute`, `fieldId`, `locale`, `keywords`) VALUES ('97', 'filename', '0', 'en_us', ' hero jpg ');
INSERT INTO `craft_searchindex` (`elementId`, `attribute`, `fieldId`, `locale`, `keywords`) VALUES ('97', 'extension', '0', 'en_us', ' jpg ');
INSERT INTO `craft_searchindex` (`elementId`, `attribute`, `fieldId`, `locale`, `keywords`) VALUES ('97', 'kind', '0', 'en_us', ' image ');
INSERT INTO `craft_searchindex` (`elementId`, `attribute`, `fieldId`, `locale`, `keywords`) VALUES ('97', 'slug', '0', 'en_us', ' hero ');
INSERT INTO `craft_searchindex` (`elementId`, `attribute`, `fieldId`, `locale`, `keywords`) VALUES ('97', 'title', '0', 'en_us', ' hero ');
INSERT INTO `craft_searchindex` (`elementId`, `attribute`, `fieldId`, `locale`, `keywords`) VALUES ('98', 'filename', '0', 'en_us', ' hero jpg ');
INSERT INTO `craft_searchindex` (`elementId`, `attribute`, `fieldId`, `locale`, `keywords`) VALUES ('98', 'extension', '0', 'en_us', ' jpg ');
INSERT INTO `craft_searchindex` (`elementId`, `attribute`, `fieldId`, `locale`, `keywords`) VALUES ('98', 'kind', '0', 'en_us', ' image ');
INSERT INTO `craft_searchindex` (`elementId`, `attribute`, `fieldId`, `locale`, `keywords`) VALUES ('98', 'slug', '0', 'en_us', ' hero ');
INSERT INTO `craft_searchindex` (`elementId`, `attribute`, `fieldId`, `locale`, `keywords`) VALUES ('98', 'title', '0', 'en_us', ' hero ');
INSERT INTO `craft_searchindex` (`elementId`, `attribute`, `fieldId`, `locale`, `keywords`) VALUES ('99', 'filename', '0', 'en_us', ' hero jpg ');
INSERT INTO `craft_searchindex` (`elementId`, `attribute`, `fieldId`, `locale`, `keywords`) VALUES ('99', 'extension', '0', 'en_us', ' jpg ');
INSERT INTO `craft_searchindex` (`elementId`, `attribute`, `fieldId`, `locale`, `keywords`) VALUES ('99', 'kind', '0', 'en_us', ' image ');
INSERT INTO `craft_searchindex` (`elementId`, `attribute`, `fieldId`, `locale`, `keywords`) VALUES ('99', 'slug', '0', 'en_us', ' salesgraphic5 o ');
INSERT INTO `craft_searchindex` (`elementId`, `attribute`, `fieldId`, `locale`, `keywords`) VALUES ('99', 'title', '0', 'en_us', ' hero ');
INSERT INTO `craft_searchindex` (`elementId`, `attribute`, `fieldId`, `locale`, `keywords`) VALUES ('109', 'extension', '0', 'en_us', ' jpg ');
INSERT INTO `craft_searchindex` (`elementId`, `attribute`, `fieldId`, `locale`, `keywords`) VALUES ('109', 'kind', '0', 'en_us', ' image ');
INSERT INTO `craft_searchindex` (`elementId`, `attribute`, `fieldId`, `locale`, `keywords`) VALUES ('109', 'slug', '0', 'en_us', ' unsigned 2up ');
INSERT INTO `craft_searchindex` (`elementId`, `attribute`, `fieldId`, `locale`, `keywords`) VALUES ('168', 'extension', '0', 'en_us', ' jpg ');
INSERT INTO `craft_searchindex` (`elementId`, `attribute`, `fieldId`, `locale`, `keywords`) VALUES ('168', 'filename', '0', 'en_us', ' caroline 3 jpg ');
INSERT INTO `craft_searchindex` (`elementId`, `attribute`, `fieldId`, `locale`, `keywords`) VALUES ('167', 'title', '0', 'en_us', ' caroline 2 ');
INSERT INTO `craft_searchindex` (`elementId`, `attribute`, `fieldId`, `locale`, `keywords`) VALUES ('167', 'slug', '0', 'en_us', ' caroline 2 ');
INSERT INTO `craft_searchindex` (`elementId`, `attribute`, `fieldId`, `locale`, `keywords`) VALUES ('106', 'filename', '0', 'en_us', ' hero jpg ');
INSERT INTO `craft_searchindex` (`elementId`, `attribute`, `fieldId`, `locale`, `keywords`) VALUES ('106', 'extension', '0', 'en_us', ' jpg ');
INSERT INTO `craft_searchindex` (`elementId`, `attribute`, `fieldId`, `locale`, `keywords`) VALUES ('106', 'kind', '0', 'en_us', ' image ');
INSERT INTO `craft_searchindex` (`elementId`, `attribute`, `fieldId`, `locale`, `keywords`) VALUES ('106', 'slug', '0', 'en_us', ' hero ');
INSERT INTO `craft_searchindex` (`elementId`, `attribute`, `fieldId`, `locale`, `keywords`) VALUES ('106', 'title', '0', 'en_us', ' hero ');
INSERT INTO `craft_searchindex` (`elementId`, `attribute`, `fieldId`, `locale`, `keywords`) VALUES ('109', 'title', '0', 'en_us', ' unsigned 2up ');
INSERT INTO `craft_searchindex` (`elementId`, `attribute`, `fieldId`, `locale`, `keywords`) VALUES ('108', 'filename', '0', 'en_us', ' hero 2 jpg ');
INSERT INTO `craft_searchindex` (`elementId`, `attribute`, `fieldId`, `locale`, `keywords`) VALUES ('108', 'extension', '0', 'en_us', ' jpg ');
INSERT INTO `craft_searchindex` (`elementId`, `attribute`, `fieldId`, `locale`, `keywords`) VALUES ('108', 'kind', '0', 'en_us', ' image ');
INSERT INTO `craft_searchindex` (`elementId`, `attribute`, `fieldId`, `locale`, `keywords`) VALUES ('108', 'slug', '0', 'en_us', ' hero 2 ');
INSERT INTO `craft_searchindex` (`elementId`, `attribute`, `fieldId`, `locale`, `keywords`) VALUES ('108', 'title', '0', 'en_us', ' hero 2 ');
INSERT INTO `craft_searchindex` (`elementId`, `attribute`, `fieldId`, `locale`, `keywords`) VALUES ('109', 'filename', '0', 'en_us', ' unsigned_2up jpg ');
INSERT INTO `craft_searchindex` (`elementId`, `attribute`, `fieldId`, `locale`, `keywords`) VALUES ('111', 'kind', '0', 'en_us', ' image ');
INSERT INTO `craft_searchindex` (`elementId`, `attribute`, `fieldId`, `locale`, `keywords`) VALUES ('111', 'slug', '0', 'en_us', '');
INSERT INTO `craft_searchindex` (`elementId`, `attribute`, `fieldId`, `locale`, `keywords`) VALUES ('111', 'extension', '0', 'en_us', ' jpg ');
INSERT INTO `craft_searchindex` (`elementId`, `attribute`, `fieldId`, `locale`, `keywords`) VALUES ('111', 'filename', '0', 'en_us', ' unsigned_2up 2 jpg ');
INSERT INTO `craft_searchindex` (`elementId`, `attribute`, `fieldId`, `locale`, `keywords`) VALUES ('111', 'title', '0', 'en_us', ' unsigned 2up 2 ');
INSERT INTO `craft_searchindex` (`elementId`, `attribute`, `fieldId`, `locale`, `keywords`) VALUES ('112', 'filename', '0', 'en_us', ' unsigned 2 jpg ');
INSERT INTO `craft_searchindex` (`elementId`, `attribute`, `fieldId`, `locale`, `keywords`) VALUES ('112', 'extension', '0', 'en_us', ' jpg ');
INSERT INTO `craft_searchindex` (`elementId`, `attribute`, `fieldId`, `locale`, `keywords`) VALUES ('112', 'kind', '0', 'en_us', ' image ');
INSERT INTO `craft_searchindex` (`elementId`, `attribute`, `fieldId`, `locale`, `keywords`) VALUES ('112', 'slug', '0', 'en_us', '');
INSERT INTO `craft_searchindex` (`elementId`, `attribute`, `fieldId`, `locale`, `keywords`) VALUES ('112', 'title', '0', 'en_us', ' unsigned 2 ');
INSERT INTO `craft_searchindex` (`elementId`, `attribute`, `fieldId`, `locale`, `keywords`) VALUES ('113', 'filename', '0', 'en_us', ' unsigned 1 jpg ');
INSERT INTO `craft_searchindex` (`elementId`, `attribute`, `fieldId`, `locale`, `keywords`) VALUES ('113', 'extension', '0', 'en_us', ' jpg ');
INSERT INTO `craft_searchindex` (`elementId`, `attribute`, `fieldId`, `locale`, `keywords`) VALUES ('113', 'kind', '0', 'en_us', ' image ');
INSERT INTO `craft_searchindex` (`elementId`, `attribute`, `fieldId`, `locale`, `keywords`) VALUES ('113', 'slug', '0', 'en_us', '');
INSERT INTO `craft_searchindex` (`elementId`, `attribute`, `fieldId`, `locale`, `keywords`) VALUES ('113', 'title', '0', 'en_us', ' unsigned 1 ');
INSERT INTO `craft_searchindex` (`elementId`, `attribute`, `fieldId`, `locale`, `keywords`) VALUES ('114', 'filename', '0', 'en_us', ' okt 2up jpg ');
INSERT INTO `craft_searchindex` (`elementId`, `attribute`, `fieldId`, `locale`, `keywords`) VALUES ('114', 'extension', '0', 'en_us', ' jpg ');
INSERT INTO `craft_searchindex` (`elementId`, `attribute`, `fieldId`, `locale`, `keywords`) VALUES ('114', 'kind', '0', 'en_us', ' image ');
INSERT INTO `craft_searchindex` (`elementId`, `attribute`, `fieldId`, `locale`, `keywords`) VALUES ('114', 'slug', '0', 'en_us', ' okt 2up ');
INSERT INTO `craft_searchindex` (`elementId`, `attribute`, `fieldId`, `locale`, `keywords`) VALUES ('114', 'title', '0', 'en_us', ' okt 2up ');
INSERT INTO `craft_searchindex` (`elementId`, `attribute`, `fieldId`, `locale`, `keywords`) VALUES ('116', 'kind', '0', 'en_us', ' image ');
INSERT INTO `craft_searchindex` (`elementId`, `attribute`, `fieldId`, `locale`, `keywords`) VALUES ('116', 'extension', '0', 'en_us', ' jpg ');
INSERT INTO `craft_searchindex` (`elementId`, `attribute`, `fieldId`, `locale`, `keywords`) VALUES ('116', 'filename', '0', 'en_us', ' oktoberfest_1 jpg ');
INSERT INTO `craft_searchindex` (`elementId`, `attribute`, `fieldId`, `locale`, `keywords`) VALUES ('116', 'slug', '0', 'en_us', '');
INSERT INTO `craft_searchindex` (`elementId`, `attribute`, `fieldId`, `locale`, `keywords`) VALUES ('116', 'title', '0', 'en_us', ' oktoberfest 1 ');
INSERT INTO `craft_searchindex` (`elementId`, `attribute`, `fieldId`, `locale`, `keywords`) VALUES ('117', 'filename', '0', 'en_us', ' okt 2 jpg ');
INSERT INTO `craft_searchindex` (`elementId`, `attribute`, `fieldId`, `locale`, `keywords`) VALUES ('117', 'extension', '0', 'en_us', ' jpg ');
INSERT INTO `craft_searchindex` (`elementId`, `attribute`, `fieldId`, `locale`, `keywords`) VALUES ('117', 'kind', '0', 'en_us', ' image ');
INSERT INTO `craft_searchindex` (`elementId`, `attribute`, `fieldId`, `locale`, `keywords`) VALUES ('117', 'slug', '0', 'en_us', '');
INSERT INTO `craft_searchindex` (`elementId`, `attribute`, `fieldId`, `locale`, `keywords`) VALUES ('117', 'title', '0', 'en_us', ' okt 2 ');
INSERT INTO `craft_searchindex` (`elementId`, `attribute`, `fieldId`, `locale`, `keywords`) VALUES ('119', 'kind', '0', 'en_us', ' image ');
INSERT INTO `craft_searchindex` (`elementId`, `attribute`, `fieldId`, `locale`, `keywords`) VALUES ('119', 'extension', '0', 'en_us', ' jpg ');
INSERT INTO `craft_searchindex` (`elementId`, `attribute`, `fieldId`, `locale`, `keywords`) VALUES ('119', 'filename', '0', 'en_us', ' okt 3 jpg ');
INSERT INTO `craft_searchindex` (`elementId`, `attribute`, `fieldId`, `locale`, `keywords`) VALUES ('119', 'slug', '0', 'en_us', ' okt 3 ');
INSERT INTO `craft_searchindex` (`elementId`, `attribute`, `fieldId`, `locale`, `keywords`) VALUES ('119', 'title', '0', 'en_us', ' okt 3 ');
INSERT INTO `craft_searchindex` (`elementId`, `attribute`, `fieldId`, `locale`, `keywords`) VALUES ('121', 'kind', '0', 'en_us', ' image ');
INSERT INTO `craft_searchindex` (`elementId`, `attribute`, `fieldId`, `locale`, `keywords`) VALUES ('121', 'extension', '0', 'en_us', ' jpg ');
INSERT INTO `craft_searchindex` (`elementId`, `attribute`, `fieldId`, `locale`, `keywords`) VALUES ('121', 'filename', '0', 'en_us', ' hero jpg ');
INSERT INTO `craft_searchindex` (`elementId`, `attribute`, `fieldId`, `locale`, `keywords`) VALUES ('121', 'slug', '0', 'en_us', ' hero ');
INSERT INTO `craft_searchindex` (`elementId`, `attribute`, `fieldId`, `locale`, `keywords`) VALUES ('121', 'title', '0', 'en_us', ' hero ');
INSERT INTO `craft_searchindex` (`elementId`, `attribute`, `fieldId`, `locale`, `keywords`) VALUES ('125', 'kind', '0', 'en_us', ' image ');
INSERT INTO `craft_searchindex` (`elementId`, `attribute`, `fieldId`, `locale`, `keywords`) VALUES ('125', 'slug', '0', 'en_us', ' hero 3 ');
INSERT INTO `craft_searchindex` (`elementId`, `attribute`, `fieldId`, `locale`, `keywords`) VALUES ('125', 'title', '0', 'en_us', ' hero 3 ');
INSERT INTO `craft_searchindex` (`elementId`, `attribute`, `fieldId`, `locale`, `keywords`) VALUES ('125', 'extension', '0', 'en_us', ' jpg ');
INSERT INTO `craft_searchindex` (`elementId`, `attribute`, `fieldId`, `locale`, `keywords`) VALUES ('125', 'filename', '0', 'en_us', ' hero 3 jpg ');
INSERT INTO `craft_searchindex` (`elementId`, `attribute`, `fieldId`, `locale`, `keywords`) VALUES ('167', 'kind', '0', 'en_us', ' image ');
INSERT INTO `craft_searchindex` (`elementId`, `attribute`, `fieldId`, `locale`, `keywords`) VALUES ('167', 'extension', '0', 'en_us', ' jpg ');
INSERT INTO `craft_searchindex` (`elementId`, `attribute`, `fieldId`, `locale`, `keywords`) VALUES ('167', 'filename', '0', 'en_us', ' caroline 2 jpg ');
INSERT INTO `craft_searchindex` (`elementId`, `attribute`, `fieldId`, `locale`, `keywords`) VALUES ('127', 'kind', '0', 'en_us', ' image ');
INSERT INTO `craft_searchindex` (`elementId`, `attribute`, `fieldId`, `locale`, `keywords`) VALUES ('127', 'extension', '0', 'en_us', ' jpg ');
INSERT INTO `craft_searchindex` (`elementId`, `attribute`, `fieldId`, `locale`, `keywords`) VALUES ('127', 'filename', '0', 'en_us', ' iphone5s_mockup_preview o jpg ');
INSERT INTO `craft_searchindex` (`elementId`, `attribute`, `fieldId`, `locale`, `keywords`) VALUES ('127', 'slug', '0', 'en_us', ' iphone5s mockup preview o ');
INSERT INTO `craft_searchindex` (`elementId`, `attribute`, `fieldId`, `locale`, `keywords`) VALUES ('127', 'title', '0', 'en_us', ' iphone5s mockup preview o ');
INSERT INTO `craft_searchindex` (`elementId`, `attribute`, `fieldId`, `locale`, `keywords`) VALUES ('157', 'kind', '0', 'en_us', ' image ');
INSERT INTO `craft_searchindex` (`elementId`, `attribute`, `fieldId`, `locale`, `keywords`) VALUES ('156', 'slug', '0', 'en_us', ' canvan 3 ');
INSERT INTO `craft_searchindex` (`elementId`, `attribute`, `fieldId`, `locale`, `keywords`) VALUES ('156', 'title', '0', 'en_us', ' canvan 3 ');
INSERT INTO `craft_searchindex` (`elementId`, `attribute`, `fieldId`, `locale`, `keywords`) VALUES ('157', 'filename', '0', 'en_us', ' canvan 2up jpg ');
INSERT INTO `craft_searchindex` (`elementId`, `attribute`, `fieldId`, `locale`, `keywords`) VALUES ('157', 'extension', '0', 'en_us', ' jpg ');
INSERT INTO `craft_searchindex` (`elementId`, `attribute`, `fieldId`, `locale`, `keywords`) VALUES ('153', 'slug', '0', 'en_us', '');
INSERT INTO `craft_searchindex` (`elementId`, `attribute`, `fieldId`, `locale`, `keywords`) VALUES ('153', 'title', '0', 'en_us', ' lifefit 2 ');
INSERT INTO `craft_searchindex` (`elementId`, `attribute`, `fieldId`, `locale`, `keywords`) VALUES ('153', 'kind', '0', 'en_us', ' image ');
INSERT INTO `craft_searchindex` (`elementId`, `attribute`, `fieldId`, `locale`, `keywords`) VALUES ('153', 'extension', '0', 'en_us', ' jpg ');
INSERT INTO `craft_searchindex` (`elementId`, `attribute`, `fieldId`, `locale`, `keywords`) VALUES ('152', 'filename', '0', 'en_us', ' lifefit 1 jpg ');
INSERT INTO `craft_searchindex` (`elementId`, `attribute`, `fieldId`, `locale`, `keywords`) VALUES ('139', 'extension', '0', 'en_us', ' jpg ');
INSERT INTO `craft_searchindex` (`elementId`, `attribute`, `fieldId`, `locale`, `keywords`) VALUES ('139', 'kind', '0', 'en_us', ' image ');
INSERT INTO `craft_searchindex` (`elementId`, `attribute`, `fieldId`, `locale`, `keywords`) VALUES ('139', 'slug', '0', 'en_us', '');
INSERT INTO `craft_searchindex` (`elementId`, `attribute`, `fieldId`, `locale`, `keywords`) VALUES ('139', 'title', '0', 'en_us', ' hero crop ');
INSERT INTO `craft_searchindex` (`elementId`, `attribute`, `fieldId`, `locale`, `keywords`) VALUES ('138', 'kind', '0', 'en_us', ' image ');
INSERT INTO `craft_searchindex` (`elementId`, `attribute`, `fieldId`, `locale`, `keywords`) VALUES ('153', 'filename', '0', 'en_us', ' lifefit 2 jpg ');
INSERT INTO `craft_searchindex` (`elementId`, `attribute`, `fieldId`, `locale`, `keywords`) VALUES ('152', 'title', '0', 'en_us', ' lifefit 1 ');
INSERT INTO `craft_searchindex` (`elementId`, `attribute`, `fieldId`, `locale`, `keywords`) VALUES ('152', 'slug', '0', 'en_us', '');
INSERT INTO `craft_searchindex` (`elementId`, `attribute`, `fieldId`, `locale`, `keywords`) VALUES ('152', 'extension', '0', 'en_us', ' jpg ');
INSERT INTO `craft_searchindex` (`elementId`, `attribute`, `fieldId`, `locale`, `keywords`) VALUES ('139', 'filename', '0', 'en_us', ' hero crop jpg ');
INSERT INTO `craft_searchindex` (`elementId`, `attribute`, `fieldId`, `locale`, `keywords`) VALUES ('138', 'title', '0', 'en_us', ' hero 2 ');
INSERT INTO `craft_searchindex` (`elementId`, `attribute`, `fieldId`, `locale`, `keywords`) VALUES ('138', 'slug', '0', 'en_us', '');
INSERT INTO `craft_searchindex` (`elementId`, `attribute`, `fieldId`, `locale`, `keywords`) VALUES ('152', 'kind', '0', 'en_us', ' image ');
INSERT INTO `craft_searchindex` (`elementId`, `attribute`, `fieldId`, `locale`, `keywords`) VALUES ('138', 'filename', '0', 'en_us', ' hero 2 jpg ');
INSERT INTO `craft_searchindex` (`elementId`, `attribute`, `fieldId`, `locale`, `keywords`) VALUES ('138', 'extension', '0', 'en_us', ' jpg ');
INSERT INTO `craft_searchindex` (`elementId`, `attribute`, `fieldId`, `locale`, `keywords`) VALUES ('151', 'title', '0', 'en_us', ' lifefit 2up ');
INSERT INTO `craft_searchindex` (`elementId`, `attribute`, `fieldId`, `locale`, `keywords`) VALUES ('151', 'slug', '0', 'en_us', '');
INSERT INTO `craft_searchindex` (`elementId`, `attribute`, `fieldId`, `locale`, `keywords`) VALUES ('151', 'filename', '0', 'en_us', ' lifefit_2up jpg ');
INSERT INTO `craft_searchindex` (`elementId`, `attribute`, `fieldId`, `locale`, `keywords`) VALUES ('151', 'extension', '0', 'en_us', ' jpg ');
INSERT INTO `craft_searchindex` (`elementId`, `attribute`, `fieldId`, `locale`, `keywords`) VALUES ('151', 'kind', '0', 'en_us', ' image ');
INSERT INTO `craft_searchindex` (`elementId`, `attribute`, `fieldId`, `locale`, `keywords`) VALUES ('140', 'filename', '0', 'en_us', ' caroline_1 jpg ');
INSERT INTO `craft_searchindex` (`elementId`, `attribute`, `fieldId`, `locale`, `keywords`) VALUES ('140', 'extension', '0', 'en_us', ' jpg ');
INSERT INTO `craft_searchindex` (`elementId`, `attribute`, `fieldId`, `locale`, `keywords`) VALUES ('140', 'kind', '0', 'en_us', ' image ');
INSERT INTO `craft_searchindex` (`elementId`, `attribute`, `fieldId`, `locale`, `keywords`) VALUES ('140', 'slug', '0', 'en_us', '');
INSERT INTO `craft_searchindex` (`elementId`, `attribute`, `fieldId`, `locale`, `keywords`) VALUES ('140', 'title', '0', 'en_us', ' caroline 1 ');
INSERT INTO `craft_searchindex` (`elementId`, `attribute`, `fieldId`, `locale`, `keywords`) VALUES ('141', 'filename', '0', 'en_us', ' hero 3 jpg ');
INSERT INTO `craft_searchindex` (`elementId`, `attribute`, `fieldId`, `locale`, `keywords`) VALUES ('141', 'extension', '0', 'en_us', ' jpg ');
INSERT INTO `craft_searchindex` (`elementId`, `attribute`, `fieldId`, `locale`, `keywords`) VALUES ('141', 'kind', '0', 'en_us', ' image ');
INSERT INTO `craft_searchindex` (`elementId`, `attribute`, `fieldId`, `locale`, `keywords`) VALUES ('141', 'slug', '0', 'en_us', '');
INSERT INTO `craft_searchindex` (`elementId`, `attribute`, `fieldId`, `locale`, `keywords`) VALUES ('141', 'title', '0', 'en_us', ' hero 3 ');
INSERT INTO `craft_searchindex` (`elementId`, `attribute`, `fieldId`, `locale`, `keywords`) VALUES ('142', 'filename', '0', 'en_us', ' creative psd macbook pro mockup premium psd mocup 3b jpg ');
INSERT INTO `craft_searchindex` (`elementId`, `attribute`, `fieldId`, `locale`, `keywords`) VALUES ('142', 'extension', '0', 'en_us', ' jpg ');
INSERT INTO `craft_searchindex` (`elementId`, `attribute`, `fieldId`, `locale`, `keywords`) VALUES ('142', 'kind', '0', 'en_us', ' image ');
INSERT INTO `craft_searchindex` (`elementId`, `attribute`, `fieldId`, `locale`, `keywords`) VALUES ('142', 'slug', '0', 'en_us', '');
INSERT INTO `craft_searchindex` (`elementId`, `attribute`, `fieldId`, `locale`, `keywords`) VALUES ('142', 'title', '0', 'en_us', ' creative psd macbook pro mockup premium psd mocup 3b ');
INSERT INTO `craft_searchindex` (`elementId`, `attribute`, `fieldId`, `locale`, `keywords`) VALUES ('144', 'filename', '0', 'en_us', ' hero 4 jpg ');
INSERT INTO `craft_searchindex` (`elementId`, `attribute`, `fieldId`, `locale`, `keywords`) VALUES ('143', 'filename', '0', 'en_us', ' 2 o jpg ');
INSERT INTO `craft_searchindex` (`elementId`, `attribute`, `fieldId`, `locale`, `keywords`) VALUES ('143', 'extension', '0', 'en_us', ' jpg ');
INSERT INTO `craft_searchindex` (`elementId`, `attribute`, `fieldId`, `locale`, `keywords`) VALUES ('143', 'kind', '0', 'en_us', ' image ');
INSERT INTO `craft_searchindex` (`elementId`, `attribute`, `fieldId`, `locale`, `keywords`) VALUES ('143', 'slug', '0', 'en_us', '');
INSERT INTO `craft_searchindex` (`elementId`, `attribute`, `fieldId`, `locale`, `keywords`) VALUES ('143', 'title', '0', 'en_us', ' 2 o ');
INSERT INTO `craft_searchindex` (`elementId`, `attribute`, `fieldId`, `locale`, `keywords`) VALUES ('144', 'extension', '0', 'en_us', ' jpg ');
INSERT INTO `craft_searchindex` (`elementId`, `attribute`, `fieldId`, `locale`, `keywords`) VALUES ('144', 'kind', '0', 'en_us', ' image ');
INSERT INTO `craft_searchindex` (`elementId`, `attribute`, `fieldId`, `locale`, `keywords`) VALUES ('144', 'slug', '0', 'en_us', '');
INSERT INTO `craft_searchindex` (`elementId`, `attribute`, `fieldId`, `locale`, `keywords`) VALUES ('144', 'title', '0', 'en_us', ' hero 4 ');
INSERT INTO `craft_searchindex` (`elementId`, `attribute`, `fieldId`, `locale`, `keywords`) VALUES ('147', 'kind', '0', 'en_us', ' image ');
INSERT INTO `craft_searchindex` (`elementId`, `attribute`, `fieldId`, `locale`, `keywords`) VALUES ('145', 'filename', '0', 'en_us', ' mockup1 o jpg ');
INSERT INTO `craft_searchindex` (`elementId`, `attribute`, `fieldId`, `locale`, `keywords`) VALUES ('145', 'extension', '0', 'en_us', ' jpg ');
INSERT INTO `craft_searchindex` (`elementId`, `attribute`, `fieldId`, `locale`, `keywords`) VALUES ('145', 'kind', '0', 'en_us', ' image ');
INSERT INTO `craft_searchindex` (`elementId`, `attribute`, `fieldId`, `locale`, `keywords`) VALUES ('145', 'slug', '0', 'en_us', ' mockup1 o ');
INSERT INTO `craft_searchindex` (`elementId`, `attribute`, `fieldId`, `locale`, `keywords`) VALUES ('145', 'title', '0', 'en_us', ' mockup1 o ');
INSERT INTO `craft_searchindex` (`elementId`, `attribute`, `fieldId`, `locale`, `keywords`) VALUES ('147', 'slug', '0', 'en_us', '');
INSERT INTO `craft_searchindex` (`elementId`, `attribute`, `fieldId`, `locale`, `keywords`) VALUES ('147', 'extension', '0', 'en_us', ' jpg ');
INSERT INTO `craft_searchindex` (`elementId`, `attribute`, `fieldId`, `locale`, `keywords`) VALUES ('147', 'filename', '0', 'en_us', ' preview o jpg ');
INSERT INTO `craft_searchindex` (`elementId`, `attribute`, `fieldId`, `locale`, `keywords`) VALUES ('147', 'title', '0', 'en_us', ' preview o ');
INSERT INTO `craft_searchindex` (`elementId`, `attribute`, `fieldId`, `locale`, `keywords`) VALUES ('148', 'filename', '0', 'en_us', ' product preview o jpg ');
INSERT INTO `craft_searchindex` (`elementId`, `attribute`, `fieldId`, `locale`, `keywords`) VALUES ('148', 'extension', '0', 'en_us', ' jpg ');
INSERT INTO `craft_searchindex` (`elementId`, `attribute`, `fieldId`, `locale`, `keywords`) VALUES ('148', 'kind', '0', 'en_us', ' image ');
INSERT INTO `craft_searchindex` (`elementId`, `attribute`, `fieldId`, `locale`, `keywords`) VALUES ('148', 'slug', '0', 'en_us', '');
INSERT INTO `craft_searchindex` (`elementId`, `attribute`, `fieldId`, `locale`, `keywords`) VALUES ('148', 'title', '0', 'en_us', ' product preview o ');
INSERT INTO `craft_searchindex` (`elementId`, `attribute`, `fieldId`, `locale`, `keywords`) VALUES ('149', 'filename', '0', 'en_us', ' go_home jpg ');
INSERT INTO `craft_searchindex` (`elementId`, `attribute`, `fieldId`, `locale`, `keywords`) VALUES ('149', 'extension', '0', 'en_us', ' jpg ');
INSERT INTO `craft_searchindex` (`elementId`, `attribute`, `fieldId`, `locale`, `keywords`) VALUES ('149', 'kind', '0', 'en_us', ' image ');
INSERT INTO `craft_searchindex` (`elementId`, `attribute`, `fieldId`, `locale`, `keywords`) VALUES ('149', 'slug', '0', 'en_us', '');
INSERT INTO `craft_searchindex` (`elementId`, `attribute`, `fieldId`, `locale`, `keywords`) VALUES ('149', 'title', '0', 'en_us', ' go home ');
INSERT INTO `craft_searchindex` (`elementId`, `attribute`, `fieldId`, `locale`, `keywords`) VALUES ('150', 'filename', '0', 'en_us', ' go_page_enter jpg ');
INSERT INTO `craft_searchindex` (`elementId`, `attribute`, `fieldId`, `locale`, `keywords`) VALUES ('150', 'extension', '0', 'en_us', ' jpg ');
INSERT INTO `craft_searchindex` (`elementId`, `attribute`, `fieldId`, `locale`, `keywords`) VALUES ('150', 'kind', '0', 'en_us', ' image ');
INSERT INTO `craft_searchindex` (`elementId`, `attribute`, `fieldId`, `locale`, `keywords`) VALUES ('150', 'slug', '0', 'en_us', '');
INSERT INTO `craft_searchindex` (`elementId`, `attribute`, `fieldId`, `locale`, `keywords`) VALUES ('150', 'title', '0', 'en_us', ' go page enter ');
INSERT INTO `craft_searchindex` (`elementId`, `attribute`, `fieldId`, `locale`, `keywords`) VALUES ('157', 'slug', '0', 'en_us', ' canvan 2up ');
INSERT INTO `craft_searchindex` (`elementId`, `attribute`, `fieldId`, `locale`, `keywords`) VALUES ('157', 'title', '0', 'en_us', ' canvan 2up ');
INSERT INTO `craft_searchindex` (`elementId`, `attribute`, `fieldId`, `locale`, `keywords`) VALUES ('176', 'slug', '0', 'en_us', '');
INSERT INTO `craft_searchindex` (`elementId`, `attribute`, `fieldId`, `locale`, `keywords`) VALUES ('176', 'extension', '0', 'en_us', ' jpg ');
INSERT INTO `craft_searchindex` (`elementId`, `attribute`, `fieldId`, `locale`, `keywords`) VALUES ('176', 'kind', '0', 'en_us', ' image ');
INSERT INTO `craft_searchindex` (`elementId`, `attribute`, `fieldId`, `locale`, `keywords`) VALUES ('171', 'slug', '0', 'en_us', '');
INSERT INTO `craft_searchindex` (`elementId`, `attribute`, `fieldId`, `locale`, `keywords`) VALUES ('168', 'slug', '0', 'en_us', ' caroline 3 ');
INSERT INTO `craft_searchindex` (`elementId`, `attribute`, `fieldId`, `locale`, `keywords`) VALUES ('168', 'title', '0', 'en_us', ' caroline 3 ');
INSERT INTO `craft_searchindex` (`elementId`, `attribute`, `fieldId`, `locale`, `keywords`) VALUES ('168', 'kind', '0', 'en_us', ' image ');
INSERT INTO `craft_searchindex` (`elementId`, `attribute`, `fieldId`, `locale`, `keywords`) VALUES ('169', 'kind', '0', 'en_us', ' image ');
INSERT INTO `craft_searchindex` (`elementId`, `attribute`, `fieldId`, `locale`, `keywords`) VALUES ('169', 'slug', '0', 'en_us', ' lifefit logo ');
INSERT INTO `craft_searchindex` (`elementId`, `attribute`, `fieldId`, `locale`, `keywords`) VALUES ('169', 'title', '0', 'en_us', ' lifefit logo ');
INSERT INTO `craft_searchindex` (`elementId`, `attribute`, `fieldId`, `locale`, `keywords`) VALUES ('169', 'extension', '0', 'en_us', ' png ');
INSERT INTO `craft_searchindex` (`elementId`, `attribute`, `fieldId`, `locale`, `keywords`) VALUES ('169', 'filename', '0', 'en_us', ' lifefit_logo png ');
INSERT INTO `craft_searchindex` (`elementId`, `attribute`, `fieldId`, `locale`, `keywords`) VALUES ('171', 'field', '6', 'en_us', ' identity ');
INSERT INTO `craft_searchindex` (`elementId`, `attribute`, `fieldId`, `locale`, `keywords`) VALUES ('176', 'title', '0', 'en_us', ' okt mobile ');
INSERT INTO `craft_searchindex` (`elementId`, `attribute`, `fieldId`, `locale`, `keywords`) VALUES ('174', 'kind', '0', 'en_us', ' image ');
INSERT INTO `craft_searchindex` (`elementId`, `attribute`, `fieldId`, `locale`, `keywords`) VALUES ('174', 'slug', '0', 'en_us', ' lifefit mobile ');
INSERT INTO `craft_searchindex` (`elementId`, `attribute`, `fieldId`, `locale`, `keywords`) VALUES ('174', 'extension', '0', 'en_us', ' jpg ');
INSERT INTO `craft_searchindex` (`elementId`, `attribute`, `fieldId`, `locale`, `keywords`) VALUES ('174', 'filename', '0', 'en_us', ' lifefit mobile jpg ');
INSERT INTO `craft_searchindex` (`elementId`, `attribute`, `fieldId`, `locale`, `keywords`) VALUES ('174', 'title', '0', 'en_us', ' lifefit mobile ');
INSERT INTO `craft_searchindex` (`elementId`, `attribute`, `fieldId`, `locale`, `keywords`) VALUES ('176', 'filename', '0', 'en_us', ' okt mobile jpg ');
INSERT INTO `craft_searchindex` (`elementId`, `attribute`, `fieldId`, `locale`, `keywords`) VALUES ('177', 'filename', '0', 'en_us', ' canvan mobile jpg ');
INSERT INTO `craft_searchindex` (`elementId`, `attribute`, `fieldId`, `locale`, `keywords`) VALUES ('177', 'extension', '0', 'en_us', ' jpg ');
INSERT INTO `craft_searchindex` (`elementId`, `attribute`, `fieldId`, `locale`, `keywords`) VALUES ('177', 'kind', '0', 'en_us', ' image ');
INSERT INTO `craft_searchindex` (`elementId`, `attribute`, `fieldId`, `locale`, `keywords`) VALUES ('177', 'slug', '0', 'en_us', '');
INSERT INTO `craft_searchindex` (`elementId`, `attribute`, `fieldId`, `locale`, `keywords`) VALUES ('177', 'title', '0', 'en_us', ' canvan mobile ');
INSERT INTO `craft_searchindex` (`elementId`, `attribute`, `fieldId`, `locale`, `keywords`) VALUES ('178', 'filename', '0', 'en_us', ' golden opener 1 jpg ');
INSERT INTO `craft_searchindex` (`elementId`, `attribute`, `fieldId`, `locale`, `keywords`) VALUES ('178', 'extension', '0', 'en_us', ' jpg ');
INSERT INTO `craft_searchindex` (`elementId`, `attribute`, `fieldId`, `locale`, `keywords`) VALUES ('178', 'kind', '0', 'en_us', ' image ');
INSERT INTO `craft_searchindex` (`elementId`, `attribute`, `fieldId`, `locale`, `keywords`) VALUES ('178', 'slug', '0', 'en_us', '');
INSERT INTO `craft_searchindex` (`elementId`, `attribute`, `fieldId`, `locale`, `keywords`) VALUES ('178', 'title', '0', 'en_us', ' golden opener 1 ');
INSERT INTO `craft_searchindex` (`elementId`, `attribute`, `fieldId`, `locale`, `keywords`) VALUES ('179', 'filename', '0', 'en_us', ' mobile jpg ');
INSERT INTO `craft_searchindex` (`elementId`, `attribute`, `fieldId`, `locale`, `keywords`) VALUES ('179', 'extension', '0', 'en_us', ' jpg ');
INSERT INTO `craft_searchindex` (`elementId`, `attribute`, `fieldId`, `locale`, `keywords`) VALUES ('179', 'kind', '0', 'en_us', ' image ');
INSERT INTO `craft_searchindex` (`elementId`, `attribute`, `fieldId`, `locale`, `keywords`) VALUES ('179', 'slug', '0', 'en_us', '');
INSERT INTO `craft_searchindex` (`elementId`, `attribute`, `fieldId`, `locale`, `keywords`) VALUES ('179', 'title', '0', 'en_us', ' mobile ');
INSERT INTO `craft_searchindex` (`elementId`, `attribute`, `fieldId`, `locale`, `keywords`) VALUES ('180', 'filename', '0', 'en_us', ' winter beer fest 2up jpg ');
INSERT INTO `craft_searchindex` (`elementId`, `attribute`, `fieldId`, `locale`, `keywords`) VALUES ('180', 'extension', '0', 'en_us', ' jpg ');
INSERT INTO `craft_searchindex` (`elementId`, `attribute`, `fieldId`, `locale`, `keywords`) VALUES ('180', 'kind', '0', 'en_us', ' image ');
INSERT INTO `craft_searchindex` (`elementId`, `attribute`, `fieldId`, `locale`, `keywords`) VALUES ('180', 'slug', '0', 'en_us', ' winter beer fest 2up ');
INSERT INTO `craft_searchindex` (`elementId`, `attribute`, `fieldId`, `locale`, `keywords`) VALUES ('180', 'title', '0', 'en_us', ' winter beer fest 2up ');
INSERT INTO `craft_searchindex` (`elementId`, `attribute`, `fieldId`, `locale`, `keywords`) VALUES ('181', 'filename', '0', 'en_us', ' winter beer fest jpg ');
INSERT INTO `craft_searchindex` (`elementId`, `attribute`, `fieldId`, `locale`, `keywords`) VALUES ('181', 'extension', '0', 'en_us', ' jpg ');
INSERT INTO `craft_searchindex` (`elementId`, `attribute`, `fieldId`, `locale`, `keywords`) VALUES ('181', 'kind', '0', 'en_us', ' image ');
INSERT INTO `craft_searchindex` (`elementId`, `attribute`, `fieldId`, `locale`, `keywords`) VALUES ('181', 'slug', '0', 'en_us', ' winter beer fest ');
INSERT INTO `craft_searchindex` (`elementId`, `attribute`, `fieldId`, `locale`, `keywords`) VALUES ('181', 'title', '0', 'en_us', ' winter beer fest ');
INSERT INTO `craft_searchindex` (`elementId`, `attribute`, `fieldId`, `locale`, `keywords`) VALUES ('182', 'filename', '0', 'en_us', ' winter beer fest mobile jpg ');
INSERT INTO `craft_searchindex` (`elementId`, `attribute`, `fieldId`, `locale`, `keywords`) VALUES ('182', 'extension', '0', 'en_us', ' jpg ');
INSERT INTO `craft_searchindex` (`elementId`, `attribute`, `fieldId`, `locale`, `keywords`) VALUES ('182', 'kind', '0', 'en_us', ' image ');
INSERT INTO `craft_searchindex` (`elementId`, `attribute`, `fieldId`, `locale`, `keywords`) VALUES ('182', 'slug', '0', 'en_us', ' winter beer fest mobile ');
INSERT INTO `craft_searchindex` (`elementId`, `attribute`, `fieldId`, `locale`, `keywords`) VALUES ('182', 'title', '0', 'en_us', ' winter beer fest mobile ');
INSERT INTO `craft_searchindex` (`elementId`, `attribute`, `fieldId`, `locale`, `keywords`) VALUES ('183', 'field', '6', 'en_us', ' identity ');
INSERT INTO `craft_searchindex` (`elementId`, `attribute`, `fieldId`, `locale`, `keywords`) VALUES ('183', 'slug', '0', 'en_us', '');
INSERT INTO `craft_searchindex` (`elementId`, `attribute`, `fieldId`, `locale`, `keywords`) VALUES ('184', 'filename', '0', 'en_us', ' logo jpg ');
INSERT INTO `craft_searchindex` (`elementId`, `attribute`, `fieldId`, `locale`, `keywords`) VALUES ('184', 'extension', '0', 'en_us', ' jpg ');
INSERT INTO `craft_searchindex` (`elementId`, `attribute`, `fieldId`, `locale`, `keywords`) VALUES ('184', 'kind', '0', 'en_us', ' image ');
INSERT INTO `craft_searchindex` (`elementId`, `attribute`, `fieldId`, `locale`, `keywords`) VALUES ('184', 'slug', '0', 'en_us', '');
INSERT INTO `craft_searchindex` (`elementId`, `attribute`, `fieldId`, `locale`, `keywords`) VALUES ('184', 'title', '0', 'en_us', ' logo ');
INSERT INTO `craft_searchindex` (`elementId`, `attribute`, `fieldId`, `locale`, `keywords`) VALUES ('185', 'filename', '0', 'en_us', ' winter beer fest 2 jpg ');
INSERT INTO `craft_searchindex` (`elementId`, `attribute`, `fieldId`, `locale`, `keywords`) VALUES ('185', 'extension', '0', 'en_us', ' jpg ');
INSERT INTO `craft_searchindex` (`elementId`, `attribute`, `fieldId`, `locale`, `keywords`) VALUES ('185', 'kind', '0', 'en_us', ' image ');
INSERT INTO `craft_searchindex` (`elementId`, `attribute`, `fieldId`, `locale`, `keywords`) VALUES ('185', 'slug', '0', 'en_us', '');
INSERT INTO `craft_searchindex` (`elementId`, `attribute`, `fieldId`, `locale`, `keywords`) VALUES ('185', 'title', '0', 'en_us', ' winter beer fest 2 ');
INSERT INTO `craft_searchindex` (`elementId`, `attribute`, `fieldId`, `locale`, `keywords`) VALUES ('186', 'filename', '0', 'en_us', ' unsigned mobile 1 jpg ');
INSERT INTO `craft_searchindex` (`elementId`, `attribute`, `fieldId`, `locale`, `keywords`) VALUES ('186', 'extension', '0', 'en_us', ' jpg ');
INSERT INTO `craft_searchindex` (`elementId`, `attribute`, `fieldId`, `locale`, `keywords`) VALUES ('186', 'kind', '0', 'en_us', ' image ');
INSERT INTO `craft_searchindex` (`elementId`, `attribute`, `fieldId`, `locale`, `keywords`) VALUES ('186', 'slug', '0', 'en_us', '');
INSERT INTO `craft_searchindex` (`elementId`, `attribute`, `fieldId`, `locale`, `keywords`) VALUES ('186', 'title', '0', 'en_us', ' unsigned mobile 1 ');
INSERT INTO `craft_searchindex` (`elementId`, `attribute`, `fieldId`, `locale`, `keywords`) VALUES ('187', 'filename', '0', 'en_us', ' unsigned mobile 2 jpg ');
INSERT INTO `craft_searchindex` (`elementId`, `attribute`, `fieldId`, `locale`, `keywords`) VALUES ('187', 'extension', '0', 'en_us', ' jpg ');
INSERT INTO `craft_searchindex` (`elementId`, `attribute`, `fieldId`, `locale`, `keywords`) VALUES ('187', 'kind', '0', 'en_us', ' image ');
INSERT INTO `craft_searchindex` (`elementId`, `attribute`, `fieldId`, `locale`, `keywords`) VALUES ('187', 'slug', '0', 'en_us', ' unsigned mobile 2 ');
INSERT INTO `craft_searchindex` (`elementId`, `attribute`, `fieldId`, `locale`, `keywords`) VALUES ('187', 'title', '0', 'en_us', ' unsigned mobile 2 ');



DROP TABLE IF EXISTS `craft_sections`;


--
-- Schema for table `craft_sections`
--
CREATE TABLE `craft_sections` (
  `id` int(11) NOT NULL AUTO_INCREMENT,
  `structureId` int(11) DEFAULT NULL,
  `name` varchar(255) COLLATE utf8_unicode_ci NOT NULL,
  `handle` varchar(255) COLLATE utf8_unicode_ci NOT NULL,
  `type` enum('single','channel','structure') COLLATE utf8_unicode_ci NOT NULL DEFAULT 'channel',
  `hasUrls` tinyint(1) unsigned NOT NULL DEFAULT '1',
  `template` varchar(500) COLLATE utf8_unicode_ci DEFAULT NULL,
  `enableVersioning` tinyint(1) unsigned NOT NULL DEFAULT '0',
  `dateCreated` datetime NOT NULL,
  `dateUpdated` datetime NOT NULL,
  `uid` char(36) COLLATE utf8_unicode_ci NOT NULL DEFAULT '0',
  PRIMARY KEY (`id`),
  UNIQUE KEY `craft_sections_name_unq_idx` (`name`),
  UNIQUE KEY `craft_sections_handle_unq_idx` (`handle`),
  KEY `craft_sections_structureId_fk` (`structureId`)
) ENGINE=InnoDB AUTO_INCREMENT=4 DEFAULT CHARSET=utf8 COLLATE=utf8_unicode_ci;

--
-- Data for table `craft_sections`
--

INSERT INTO `craft_sections` (`id`, `structureId`, `name`, `handle`, `type`, `hasUrls`, `template`, `enableVersioning`, `dateCreated`, `dateUpdated`, `uid`) VALUES ('1', NULL, 'Homepage', 'homepage', 'single', '1', 'index', '1', '2015-02-20 22:13:00', '2015-02-20 22:13:00', '8e50228e-a715-4ce9-8652-15eacadce2ce');
INSERT INTO `craft_sections` (`id`, `structureId`, `name`, `handle`, `type`, `hasUrls`, `template`, `enableVersioning`, `dateCreated`, `dateUpdated`, `uid`) VALUES ('3', NULL, 'Projects', 'projects', 'channel', '1', 'projects/_entry', '1', '2015-02-20 22:35:06', '2015-02-20 23:13:06', 'c8f38cc6-b544-49ba-b858-26842f1d734f');



DROP TABLE IF EXISTS `craft_sections_i18n`;


--
-- Schema for table `craft_sections_i18n`
--
CREATE TABLE `craft_sections_i18n` (
  `id` int(11) NOT NULL AUTO_INCREMENT,
  `sectionId` int(11) NOT NULL,
  `locale` char(12) COLLATE utf8_unicode_ci NOT NULL,
  `enabledByDefault` tinyint(1) unsigned NOT NULL DEFAULT '1',
  `urlFormat` varchar(255) COLLATE utf8_unicode_ci DEFAULT NULL,
  `nestedUrlFormat` varchar(255) COLLATE utf8_unicode_ci DEFAULT NULL,
  `dateCreated` datetime NOT NULL,
  `dateUpdated` datetime NOT NULL,
  `uid` char(36) COLLATE utf8_unicode_ci NOT NULL DEFAULT '0',
  PRIMARY KEY (`id`),
  UNIQUE KEY `craft_sections_i18n_sectionId_locale_unq_idx` (`sectionId`,`locale`),
  KEY `craft_sections_i18n_locale_fk` (`locale`)
) ENGINE=InnoDB AUTO_INCREMENT=4 DEFAULT CHARSET=utf8 COLLATE=utf8_unicode_ci;

--
-- Data for table `craft_sections_i18n`
--

INSERT INTO `craft_sections_i18n` (`id`, `sectionId`, `locale`, `enabledByDefault`, `urlFormat`, `nestedUrlFormat`, `dateCreated`, `dateUpdated`, `uid`) VALUES ('1', '1', 'en_us', '1', '__home__', NULL, '2015-02-20 22:13:00', '2015-02-20 22:13:00', '95c844d4-82ec-499e-bac0-6b738da02f9a');
INSERT INTO `craft_sections_i18n` (`id`, `sectionId`, `locale`, `enabledByDefault`, `urlFormat`, `nestedUrlFormat`, `dateCreated`, `dateUpdated`, `uid`) VALUES ('3', '3', 'en_us', '0', 'projects/{slug}', NULL, '2015-02-20 22:35:06', '2015-02-20 22:35:06', 'd8eca02e-d6a6-4979-993c-d59a50e51305');



DROP TABLE IF EXISTS `craft_sessions`;


--
-- Schema for table `craft_sessions`
--
CREATE TABLE `craft_sessions` (
  `id` int(11) NOT NULL AUTO_INCREMENT,
  `userId` int(11) NOT NULL,
  `token` char(100) COLLATE utf8_unicode_ci NOT NULL,
  `dateCreated` datetime NOT NULL,
  `dateUpdated` datetime NOT NULL,
  `uid` char(36) COLLATE utf8_unicode_ci NOT NULL DEFAULT '0',
  PRIMARY KEY (`id`),
  KEY `craft_sessions_uid_idx` (`uid`),
  KEY `craft_sessions_token_idx` (`token`),
  KEY `craft_sessions_dateUpdated_idx` (`dateUpdated`),
  KEY `craft_sessions_userId_fk` (`userId`)
) ENGINE=InnoDB AUTO_INCREMENT=12 DEFAULT CHARSET=utf8 COLLATE=utf8_unicode_ci;

DROP TABLE IF EXISTS `craft_shunnedmessages`;


--
-- Schema for table `craft_shunnedmessages`
--
CREATE TABLE `craft_shunnedmessages` (
  `id` int(11) NOT NULL AUTO_INCREMENT,
  `userId` int(11) NOT NULL,
  `message` varchar(255) COLLATE utf8_unicode_ci NOT NULL,
  `expiryDate` datetime DEFAULT NULL,
  `dateCreated` datetime NOT NULL,
  `dateUpdated` datetime NOT NULL,
  `uid` char(36) COLLATE utf8_unicode_ci NOT NULL DEFAULT '0',
  PRIMARY KEY (`id`),
  UNIQUE KEY `craft_shunnedmessages_userId_message_unq_idx` (`userId`,`message`)
) ENGINE=InnoDB DEFAULT CHARSET=utf8 COLLATE=utf8_unicode_ci;

DROP TABLE IF EXISTS `craft_structureelements`;


--
-- Schema for table `craft_structureelements`
--
CREATE TABLE `craft_structureelements` (
  `id` int(11) NOT NULL AUTO_INCREMENT,
  `structureId` int(11) NOT NULL,
  `elementId` int(11) DEFAULT NULL,
  `root` int(11) unsigned DEFAULT NULL,
  `lft` int(11) unsigned NOT NULL,
  `rgt` int(11) unsigned NOT NULL,
  `level` smallint(6) unsigned NOT NULL,
  `dateCreated` datetime NOT NULL,
  `dateUpdated` datetime NOT NULL,
  `uid` char(36) COLLATE utf8_unicode_ci NOT NULL DEFAULT '0',
  PRIMARY KEY (`id`),
  UNIQUE KEY `craft_structureelements_structureId_elementId_unq_idx` (`structureId`,`elementId`),
  KEY `craft_structureelements_root_idx` (`root`),
  KEY `craft_structureelements_lft_idx` (`lft`),
  KEY `craft_structureelements_rgt_idx` (`rgt`),
  KEY `craft_structureelements_level_idx` (`level`),
  KEY `craft_structureelements_elementId_fk` (`elementId`)
) ENGINE=InnoDB DEFAULT CHARSET=utf8 COLLATE=utf8_unicode_ci;

DROP TABLE IF EXISTS `craft_structures`;


--
-- Schema for table `craft_structures`
--
CREATE TABLE `craft_structures` (
  `id` int(11) NOT NULL AUTO_INCREMENT,
  `maxLevels` smallint(6) unsigned DEFAULT NULL,
  `dateCreated` datetime NOT NULL,
  `dateUpdated` datetime NOT NULL,
  `uid` char(36) COLLATE utf8_unicode_ci NOT NULL DEFAULT '0',
  PRIMARY KEY (`id`)
) ENGINE=InnoDB DEFAULT CHARSET=utf8 COLLATE=utf8_unicode_ci;

DROP TABLE IF EXISTS `craft_systemsettings`;


--
-- Schema for table `craft_systemsettings`
--
CREATE TABLE `craft_systemsettings` (
  `id` int(11) NOT NULL AUTO_INCREMENT,
  `category` varchar(15) COLLATE utf8_unicode_ci NOT NULL,
  `settings` text COLLATE utf8_unicode_ci,
  `dateCreated` datetime NOT NULL,
  `dateUpdated` datetime NOT NULL,
  `uid` char(36) COLLATE utf8_unicode_ci NOT NULL DEFAULT '0',
  PRIMARY KEY (`id`),
  UNIQUE KEY `craft_systemsettings_category_unq_idx` (`category`)
) ENGINE=InnoDB AUTO_INCREMENT=2 DEFAULT CHARSET=utf8 COLLATE=utf8_unicode_ci;

--
-- Data for table `craft_systemsettings`
--

INSERT INTO `craft_systemsettings` (`id`, `category`, `settings`, `dateCreated`, `dateUpdated`, `uid`) VALUES ('1', 'email', '{\"protocol\":\"php\",\"emailAddress\":\"dykes.ellen@gmail.com\",\"senderName\":\"Ellen Dykes Web Designer\"}', '2015-02-20 22:13:00', '2015-02-20 22:13:00', '8d4b1400-b4ca-468c-ba80-8ded5a53a061');



DROP TABLE IF EXISTS `craft_taggroups`;


--
-- Schema for table `craft_taggroups`
--
CREATE TABLE `craft_taggroups` (
  `id` int(11) NOT NULL AUTO_INCREMENT,
  `name` varchar(255) COLLATE utf8_unicode_ci NOT NULL,
  `handle` varchar(255) COLLATE utf8_unicode_ci NOT NULL,
  `fieldLayoutId` int(10) DEFAULT NULL,
  `dateCreated` datetime NOT NULL,
  `dateUpdated` datetime NOT NULL,
  `uid` char(36) COLLATE utf8_unicode_ci NOT NULL DEFAULT '0',
  PRIMARY KEY (`id`),
  UNIQUE KEY `craft_taggroups_name_unq_idx` (`name`),
  UNIQUE KEY `craft_taggroups_handle_unq_idx` (`handle`),
  KEY `craft_taggroups_fieldLayoutId_fk` (`fieldLayoutId`)
) ENGINE=InnoDB AUTO_INCREMENT=2 DEFAULT CHARSET=utf8 COLLATE=utf8_unicode_ci;

--
-- Data for table `craft_taggroups`
--

INSERT INTO `craft_taggroups` (`id`, `name`, `handle`, `fieldLayoutId`, `dateCreated`, `dateUpdated`, `uid`) VALUES ('1', 'Default', 'default', '1', '2015-02-20 22:13:00', '2015-02-20 22:13:00', 'cbd52b04-1555-42ee-8726-2577df83409f');



DROP TABLE IF EXISTS `craft_tags`;


--
-- Schema for table `craft_tags`
--
CREATE TABLE `craft_tags` (
  `id` int(11) NOT NULL,
  `groupId` int(11) NOT NULL,
  `dateCreated` datetime NOT NULL,
  `dateUpdated` datetime NOT NULL,
  `uid` char(36) COLLATE utf8_unicode_ci NOT NULL DEFAULT '0',
  PRIMARY KEY (`id`),
  KEY `craft_tags_groupId_fk` (`groupId`)
) ENGINE=InnoDB DEFAULT CHARSET=utf8 COLLATE=utf8_unicode_ci;

DROP TABLE IF EXISTS `craft_tasks`;


--
-- Schema for table `craft_tasks`
--
CREATE TABLE `craft_tasks` (
  `id` int(11) NOT NULL AUTO_INCREMENT,
  `root` int(11) unsigned DEFAULT NULL,
  `lft` int(11) unsigned NOT NULL,
  `rgt` int(11) unsigned NOT NULL,
  `level` smallint(6) unsigned NOT NULL,
  `currentStep` int(11) unsigned DEFAULT NULL,
  `totalSteps` int(11) unsigned DEFAULT NULL,
  `status` enum('pending','error','running') COLLATE utf8_unicode_ci DEFAULT NULL,
  `type` varchar(150) COLLATE utf8_unicode_ci NOT NULL,
  `description` varchar(255) COLLATE utf8_unicode_ci DEFAULT NULL,
  `settings` text COLLATE utf8_unicode_ci,
  `dateCreated` datetime NOT NULL,
  `dateUpdated` datetime NOT NULL,
  `uid` char(36) COLLATE utf8_unicode_ci NOT NULL DEFAULT '0',
  PRIMARY KEY (`id`),
  KEY `craft_tasks_root_idx` (`root`),
  KEY `craft_tasks_lft_idx` (`lft`),
  KEY `craft_tasks_rgt_idx` (`rgt`),
  KEY `craft_tasks_level_idx` (`level`)
) ENGINE=InnoDB AUTO_INCREMENT=23 DEFAULT CHARSET=utf8 COLLATE=utf8_unicode_ci;

DROP TABLE IF EXISTS `craft_templatecachecriteria`;


--
-- Schema for table `craft_templatecachecriteria`
--
CREATE TABLE `craft_templatecachecriteria` (
  `id` int(11) NOT NULL AUTO_INCREMENT,
  `cacheId` int(11) NOT NULL,
  `type` varchar(150) COLLATE utf8_unicode_ci NOT NULL,
  `criteria` text COLLATE utf8_unicode_ci NOT NULL,
  PRIMARY KEY (`id`),
  KEY `craft_templatecachecriteria_cacheId_fk` (`cacheId`),
  KEY `craft_templatecachecriteria_type_idx` (`type`)
) ENGINE=InnoDB DEFAULT CHARSET=utf8 COLLATE=utf8_unicode_ci;

DROP TABLE IF EXISTS `craft_templatecacheelements`;


--
-- Schema for table `craft_templatecacheelements`
--
CREATE TABLE `craft_templatecacheelements` (
  `cacheId` int(11) NOT NULL,
  `elementId` int(11) NOT NULL,
  KEY `craft_templatecacheelements_cacheId_fk` (`cacheId`),
  KEY `craft_templatecacheelements_elementId_fk` (`elementId`)
) ENGINE=InnoDB DEFAULT CHARSET=utf8 COLLATE=utf8_unicode_ci;

DROP TABLE IF EXISTS `craft_templatecaches`;


--
-- Schema for table `craft_templatecaches`
--
CREATE TABLE `craft_templatecaches` (
  `id` int(11) NOT NULL AUTO_INCREMENT,
  `cacheKey` varchar(255) COLLATE utf8_unicode_ci NOT NULL,
  `locale` char(12) COLLATE utf8_unicode_ci NOT NULL,
  `path` varchar(255) COLLATE utf8_unicode_ci DEFAULT NULL,
  `expiryDate` datetime NOT NULL,
  `body` mediumtext COLLATE utf8_unicode_ci NOT NULL,
  PRIMARY KEY (`id`),
  KEY `craft_templatecaches_expiryDate_cacheKey_locale_path_idx` (`expiryDate`,`cacheKey`,`locale`,`path`),
  KEY `craft_templatecaches_locale_fk` (`locale`)
) ENGINE=InnoDB DEFAULT CHARSET=utf8 COLLATE=utf8_unicode_ci;

DROP TABLE IF EXISTS `craft_tokens`;


--
-- Schema for table `craft_tokens`
--
CREATE TABLE `craft_tokens` (
  `id` int(11) NOT NULL AUTO_INCREMENT,
  `token` char(32) COLLATE utf8_unicode_ci NOT NULL,
  `route` text COLLATE utf8_unicode_ci,
  `usageLimit` tinyint(3) unsigned DEFAULT NULL,
  `usageCount` tinyint(3) unsigned DEFAULT NULL,
  `expiryDate` datetime NOT NULL,
  `dateCreated` datetime NOT NULL,
  `dateUpdated` datetime NOT NULL,
  `uid` char(36) COLLATE utf8_unicode_ci NOT NULL DEFAULT '0',
  PRIMARY KEY (`id`),
  UNIQUE KEY `craft_tokens_token_unq_idx` (`token`),
  KEY `craft_tokens_expiryDate_idx` (`expiryDate`)
) ENGINE=InnoDB DEFAULT CHARSET=utf8 COLLATE=utf8_unicode_ci;

DROP TABLE IF EXISTS `craft_usergroups`;


--
-- Schema for table `craft_usergroups`
--
CREATE TABLE `craft_usergroups` (
  `id` int(11) NOT NULL AUTO_INCREMENT,
  `name` varchar(255) COLLATE utf8_unicode_ci NOT NULL,
  `handle` varchar(255) COLLATE utf8_unicode_ci NOT NULL,
  `dateCreated` datetime NOT NULL,
  `dateUpdated` datetime NOT NULL,
  `uid` char(36) COLLATE utf8_unicode_ci NOT NULL DEFAULT '0',
  PRIMARY KEY (`id`)
) ENGINE=InnoDB DEFAULT CHARSET=utf8 COLLATE=utf8_unicode_ci;

DROP TABLE IF EXISTS `craft_usergroups_users`;


--
-- Schema for table `craft_usergroups_users`
--
CREATE TABLE `craft_usergroups_users` (
  `id` int(11) NOT NULL AUTO_INCREMENT,
  `groupId` int(11) NOT NULL,
  `userId` int(11) NOT NULL,
  `dateCreated` datetime NOT NULL,
  `dateUpdated` datetime NOT NULL,
  `uid` char(36) COLLATE utf8_unicode_ci NOT NULL DEFAULT '0',
  PRIMARY KEY (`id`),
  UNIQUE KEY `craft_usergroups_users_groupId_userId_unq_idx` (`groupId`,`userId`),
  KEY `craft_usergroups_users_userId_fk` (`userId`)
) ENGINE=InnoDB DEFAULT CHARSET=utf8 COLLATE=utf8_unicode_ci;

DROP TABLE IF EXISTS `craft_userpermissions`;


--
-- Schema for table `craft_userpermissions`
--
CREATE TABLE `craft_userpermissions` (
  `id` int(11) NOT NULL AUTO_INCREMENT,
  `name` varchar(255) COLLATE utf8_unicode_ci NOT NULL,
  `dateCreated` datetime NOT NULL,
  `dateUpdated` datetime NOT NULL,
  `uid` char(36) COLLATE utf8_unicode_ci NOT NULL DEFAULT '0',
  PRIMARY KEY (`id`),
  UNIQUE KEY `craft_userpermissions_name_unq_idx` (`name`)
) ENGINE=InnoDB DEFAULT CHARSET=utf8 COLLATE=utf8_unicode_ci;

DROP TABLE IF EXISTS `craft_userpermissions_usergroups`;


--
-- Schema for table `craft_userpermissions_usergroups`
--
CREATE TABLE `craft_userpermissions_usergroups` (
  `id` int(11) NOT NULL AUTO_INCREMENT,
  `permissionId` int(11) NOT NULL,
  `groupId` int(11) NOT NULL,
  `dateCreated` datetime NOT NULL,
  `dateUpdated` datetime NOT NULL,
  `uid` char(36) COLLATE utf8_unicode_ci NOT NULL DEFAULT '0',
  PRIMARY KEY (`id`),
  UNIQUE KEY `craft_userpermissions_usergroups_permissionId_groupId_unq_idx` (`permissionId`,`groupId`),
  KEY `craft_userpermissions_usergroups_groupId_fk` (`groupId`)
) ENGINE=InnoDB DEFAULT CHARSET=utf8 COLLATE=utf8_unicode_ci;

DROP TABLE IF EXISTS `craft_userpermissions_users`;


--
-- Schema for table `craft_userpermissions_users`
--
CREATE TABLE `craft_userpermissions_users` (
  `id` int(11) NOT NULL AUTO_INCREMENT,
  `permissionId` int(11) NOT NULL,
  `userId` int(11) NOT NULL,
  `dateCreated` datetime NOT NULL,
  `dateUpdated` datetime NOT NULL,
  `uid` char(36) COLLATE utf8_unicode_ci NOT NULL DEFAULT '0',
  PRIMARY KEY (`id`),
  UNIQUE KEY `craft_userpermissions_users_permissionId_userId_unq_idx` (`permissionId`,`userId`),
  KEY `craft_userpermissions_users_userId_fk` (`userId`)
) ENGINE=InnoDB DEFAULT CHARSET=utf8 COLLATE=utf8_unicode_ci;

DROP TABLE IF EXISTS `craft_users`;


--
-- Schema for table `craft_users`
--
CREATE TABLE `craft_users` (
  `id` int(11) NOT NULL,
  `username` varchar(100) COLLATE utf8_unicode_ci NOT NULL,
  `photo` varchar(100) COLLATE utf8_unicode_ci DEFAULT NULL,
  `firstName` varchar(100) COLLATE utf8_unicode_ci DEFAULT NULL,
  `lastName` varchar(100) COLLATE utf8_unicode_ci DEFAULT NULL,
  `email` varchar(255) COLLATE utf8_unicode_ci NOT NULL,
  `password` char(255) COLLATE utf8_unicode_ci DEFAULT NULL,
  `preferredLocale` char(12) COLLATE utf8_unicode_ci DEFAULT NULL,
  `weekStartDay` tinyint(1) unsigned NOT NULL DEFAULT '0',
  `admin` tinyint(1) unsigned NOT NULL DEFAULT '0',
  `client` tinyint(1) unsigned NOT NULL DEFAULT '0',
  `locked` tinyint(1) unsigned NOT NULL DEFAULT '0',
  `suspended` tinyint(1) unsigned NOT NULL DEFAULT '0',
  `pending` tinyint(1) unsigned NOT NULL DEFAULT '0',
  `archived` tinyint(1) unsigned NOT NULL DEFAULT '0',
  `lastLoginDate` datetime DEFAULT NULL,
  `lastLoginAttemptIPAddress` varchar(45) COLLATE utf8_unicode_ci DEFAULT NULL,
  `invalidLoginWindowStart` datetime DEFAULT NULL,
  `invalidLoginCount` tinyint(4) unsigned DEFAULT NULL,
  `lastInvalidLoginDate` datetime DEFAULT NULL,
  `lockoutDate` datetime DEFAULT NULL,
  `verificationCode` char(100) COLLATE utf8_unicode_ci DEFAULT NULL,
  `verificationCodeIssuedDate` datetime DEFAULT NULL,
  `unverifiedEmail` varchar(255) COLLATE utf8_unicode_ci DEFAULT NULL,
  `passwordResetRequired` tinyint(1) unsigned NOT NULL DEFAULT '0',
  `lastPasswordChangeDate` datetime DEFAULT NULL,
  `dateCreated` datetime NOT NULL,
  `dateUpdated` datetime NOT NULL,
  `uid` char(36) COLLATE utf8_unicode_ci NOT NULL DEFAULT '0',
  PRIMARY KEY (`id`),
  UNIQUE KEY `craft_users_username_unq_idx` (`username`),
  UNIQUE KEY `craft_users_email_unq_idx` (`email`),
  KEY `craft_users_verificationCode_idx` (`verificationCode`),
  KEY `craft_users_uid_idx` (`uid`),
  KEY `craft_users_preferredLocale_fk` (`preferredLocale`)
) ENGINE=InnoDB DEFAULT CHARSET=utf8 COLLATE=utf8_unicode_ci;

--
-- Data for table `craft_users`
--

INSERT INTO `craft_users` (`id`, `username`, `photo`, `firstName`, `lastName`, `email`, `password`, `preferredLocale`, `weekStartDay`, `admin`, `client`, `locked`, `suspended`, `pending`, `archived`, `lastLoginDate`, `lastLoginAttemptIPAddress`, `invalidLoginWindowStart`, `invalidLoginCount`, `lastInvalidLoginDate`, `lockoutDate`, `verificationCode`, `verificationCodeIssuedDate`, `unverifiedEmail`, `passwordResetRequired`, `lastPasswordChangeDate`, `dateCreated`, `dateUpdated`, `uid`) VALUES ('1', 'ed', NULL, NULL, NULL, 'dykes.ellen@gmail.com', '$2a$13$8VEw948ljMtMaZPJVq0ULO3gs4.IyXY.tnMShRfaOdtHb5hhqgoEC', NULL, '0', '1', '0', '0', '0', '0', '0', '2015-03-12 14:33:06', '127.0.0.1', NULL, NULL, '2015-02-21 19:27:19', NULL, NULL, NULL, NULL, '0', '2015-02-20 22:12:57', '2015-02-20 22:12:57', '2015-03-12 14:33:06', '5253784a-e5a0-4b16-9900-16bdd8a8a724');



DROP TABLE IF EXISTS `craft_widgets`;


--
-- Schema for table `craft_widgets`
--
CREATE TABLE `craft_widgets` (
  `id` int(11) NOT NULL AUTO_INCREMENT,
  `userId` int(11) NOT NULL,
  `type` varchar(150) COLLATE utf8_unicode_ci NOT NULL,
  `sortOrder` tinyint(4) DEFAULT NULL,
  `settings` text COLLATE utf8_unicode_ci,
  `enabled` tinyint(1) unsigned NOT NULL DEFAULT '1',
  `dateCreated` datetime NOT NULL,
  `dateUpdated` datetime NOT NULL,
  `uid` char(36) COLLATE utf8_unicode_ci NOT NULL DEFAULT '0',
  PRIMARY KEY (`id`),
  KEY `craft_widgets_userId_fk` (`userId`)
) ENGINE=InnoDB AUTO_INCREMENT=5 DEFAULT CHARSET=utf8 COLLATE=utf8_unicode_ci;

--
-- Data for table `craft_widgets`
--

INSERT INTO `craft_widgets` (`id`, `userId`, `type`, `sortOrder`, `settings`, `enabled`, `dateCreated`, `dateUpdated`, `uid`) VALUES ('1', '1', 'RecentEntries', '1', NULL, '1', '2015-02-20 22:13:15', '2015-02-20 22:13:15', '9705833a-8673-4b09-96f8-2ed7044af511');
INSERT INTO `craft_widgets` (`id`, `userId`, `type`, `sortOrder`, `settings`, `enabled`, `dateCreated`, `dateUpdated`, `uid`) VALUES ('2', '1', 'GetHelp', '2', NULL, '1', '2015-02-20 22:13:15', '2015-02-20 22:13:15', '5e76336f-ce2e-4aa1-9a9d-4cae767c37f1');
INSERT INTO `craft_widgets` (`id`, `userId`, `type`, `sortOrder`, `settings`, `enabled`, `dateCreated`, `dateUpdated`, `uid`) VALUES ('3', '1', 'Updates', '3', NULL, '1', '2015-02-20 22:13:15', '2015-02-20 22:13:15', '21f65783-b802-4283-8b2d-85483937819a');
INSERT INTO `craft_widgets` (`id`, `userId`, `type`, `sortOrder`, `settings`, `enabled`, `dateCreated`, `dateUpdated`, `uid`) VALUES ('4', '1', 'Feed', '4', '{\"url\":\"http:\\/\\/feeds.feedburner.com\\/blogandtonic\",\"title\":\"Blog & Tonic\"}', '1', '2015-02-20 22:13:15', '2015-02-20 22:13:15', '664f29af-0f5d-478c-9cc4-24c9f4ae14c3');


--
-- Constraints for tables
--


--
-- Constraints for table `craft_assetfiles`
--
ALTER TABLE `craft_assetfiles`
	ADD CONSTRAINT `craft_assetfiles_folderId_fk` FOREIGN KEY (`folderId`) REFERENCES `craft_assetfolders` (`id`) ON DELETE CASCADE,
	ADD CONSTRAINT `craft_assetfiles_id_fk` FOREIGN KEY (`id`) REFERENCES `craft_elements` (`id`) ON DELETE CASCADE,
	ADD CONSTRAINT `craft_assetfiles_sourceId_fk` FOREIGN KEY (`sourceId`) REFERENCES `craft_assetsources` (`id`) ON DELETE CASCADE;

--
-- Constraints for table `craft_assetfolders`
--
ALTER TABLE `craft_assetfolders`
	ADD CONSTRAINT `craft_assetfolders_parentId_fk` FOREIGN KEY (`parentId`) REFERENCES `craft_assetfolders` (`id`) ON DELETE CASCADE,
	ADD CONSTRAINT `craft_assetfolders_sourceId_fk` FOREIGN KEY (`sourceId`) REFERENCES `craft_assetsources` (`id`) ON DELETE CASCADE;

--
-- Constraints for table `craft_assetindexdata`
--
ALTER TABLE `craft_assetindexdata`
	ADD CONSTRAINT `craft_assetindexdata_sourceId_fk` FOREIGN KEY (`sourceId`) REFERENCES `craft_assetsources` (`id`) ON DELETE CASCADE;

--
-- Constraints for table `craft_assetsources`
--
ALTER TABLE `craft_assetsources`
	ADD CONSTRAINT `craft_assetsources_fieldLayoutId_fk` FOREIGN KEY (`fieldLayoutId`) REFERENCES `craft_fieldlayouts` (`id`) ON DELETE SET NULL;

--
-- Constraints for table `craft_categories`
--
ALTER TABLE `craft_categories`
	ADD CONSTRAINT `craft_categories_groupId_fk` FOREIGN KEY (`groupId`) REFERENCES `craft_categorygroups` (`id`) ON DELETE CASCADE,
	ADD CONSTRAINT `craft_categories_id_fk` FOREIGN KEY (`id`) REFERENCES `craft_elements` (`id`) ON DELETE CASCADE;

--
-- Constraints for table `craft_categorygroups`
--
ALTER TABLE `craft_categorygroups`
	ADD CONSTRAINT `craft_categorygroups_fieldLayoutId_fk` FOREIGN KEY (`fieldLayoutId`) REFERENCES `craft_fieldlayouts` (`id`) ON DELETE SET NULL,
	ADD CONSTRAINT `craft_categorygroups_structureId_fk` FOREIGN KEY (`structureId`) REFERENCES `craft_structures` (`id`) ON DELETE CASCADE;

--
-- Constraints for table `craft_categorygroups_i18n`
--
ALTER TABLE `craft_categorygroups_i18n`
	ADD CONSTRAINT `craft_categorygroups_i18n_groupId_fk` FOREIGN KEY (`groupId`) REFERENCES `craft_categorygroups` (`id`) ON DELETE CASCADE,
	ADD CONSTRAINT `craft_categorygroups_i18n_locale_fk` FOREIGN KEY (`locale`) REFERENCES `craft_locales` (`locale`) ON DELETE CASCADE ON UPDATE CASCADE;

--
-- Constraints for table `craft_content`
--
ALTER TABLE `craft_content`
	ADD CONSTRAINT `craft_content_elementId_fk` FOREIGN KEY (`elementId`) REFERENCES `craft_elements` (`id`) ON DELETE CASCADE,
	ADD CONSTRAINT `craft_content_locale_fk` FOREIGN KEY (`locale`) REFERENCES `craft_locales` (`locale`) ON DELETE CASCADE ON UPDATE CASCADE;

--
-- Constraints for table `craft_elements_i18n`
--
ALTER TABLE `craft_elements_i18n`
	ADD CONSTRAINT `craft_elements_i18n_elementId_fk` FOREIGN KEY (`elementId`) REFERENCES `craft_elements` (`id`) ON DELETE CASCADE,
	ADD CONSTRAINT `craft_elements_i18n_locale_fk` FOREIGN KEY (`locale`) REFERENCES `craft_locales` (`locale`) ON DELETE CASCADE ON UPDATE CASCADE;

--
-- Constraints for table `craft_emailmessages`
--
ALTER TABLE `craft_emailmessages`
	ADD CONSTRAINT `craft_emailmessages_locale_fk` FOREIGN KEY (`locale`) REFERENCES `craft_locales` (`locale`) ON DELETE CASCADE ON UPDATE CASCADE;

--
-- Constraints for table `craft_entries`
--
ALTER TABLE `craft_entries`
	ADD CONSTRAINT `craft_entries_authorId_fk` FOREIGN KEY (`authorId`) REFERENCES `craft_users` (`id`) ON DELETE CASCADE,
	ADD CONSTRAINT `craft_entries_id_fk` FOREIGN KEY (`id`) REFERENCES `craft_elements` (`id`) ON DELETE CASCADE,
	ADD CONSTRAINT `craft_entries_sectionId_fk` FOREIGN KEY (`sectionId`) REFERENCES `craft_sections` (`id`) ON DELETE CASCADE,
	ADD CONSTRAINT `craft_entries_typeId_fk` FOREIGN KEY (`typeId`) REFERENCES `craft_entrytypes` (`id`) ON DELETE CASCADE;

--
-- Constraints for table `craft_entrydrafts`
--
ALTER TABLE `craft_entrydrafts`
	ADD CONSTRAINT `craft_entrydrafts_creatorId_fk` FOREIGN KEY (`creatorId`) REFERENCES `craft_users` (`id`) ON DELETE CASCADE,
	ADD CONSTRAINT `craft_entrydrafts_entryId_fk` FOREIGN KEY (`entryId`) REFERENCES `craft_entries` (`id`) ON DELETE CASCADE,
	ADD CONSTRAINT `craft_entrydrafts_locale_fk` FOREIGN KEY (`locale`) REFERENCES `craft_locales` (`locale`) ON DELETE CASCADE ON UPDATE CASCADE,
	ADD CONSTRAINT `craft_entrydrafts_sectionId_fk` FOREIGN KEY (`sectionId`) REFERENCES `craft_sections` (`id`) ON DELETE CASCADE;

--
-- Constraints for table `craft_entrytypes`
--
ALTER TABLE `craft_entrytypes`
	ADD CONSTRAINT `craft_entrytypes_fieldLayoutId_fk` FOREIGN KEY (`fieldLayoutId`) REFERENCES `craft_fieldlayouts` (`id`) ON DELETE SET NULL,
	ADD CONSTRAINT `craft_entrytypes_sectionId_fk` FOREIGN KEY (`sectionId`) REFERENCES `craft_sections` (`id`) ON DELETE CASCADE;

--
-- Constraints for table `craft_entryversions`
--
ALTER TABLE `craft_entryversions`
	ADD CONSTRAINT `craft_entryversions_creatorId_fk` FOREIGN KEY (`creatorId`) REFERENCES `craft_users` (`id`) ON DELETE SET NULL,
	ADD CONSTRAINT `craft_entryversions_entryId_fk` FOREIGN KEY (`entryId`) REFERENCES `craft_entries` (`id`) ON DELETE CASCADE,
	ADD CONSTRAINT `craft_entryversions_locale_fk` FOREIGN KEY (`locale`) REFERENCES `craft_locales` (`locale`) ON DELETE CASCADE ON UPDATE CASCADE,
	ADD CONSTRAINT `craft_entryversions_sectionId_fk` FOREIGN KEY (`sectionId`) REFERENCES `craft_sections` (`id`) ON DELETE CASCADE;

--
-- Constraints for table `craft_fieldlayoutfields`
--
ALTER TABLE `craft_fieldlayoutfields`
	ADD CONSTRAINT `craft_fieldlayoutfields_fieldId_fk` FOREIGN KEY (`fieldId`) REFERENCES `craft_fields` (`id`) ON DELETE CASCADE,
	ADD CONSTRAINT `craft_fieldlayoutfields_layoutId_fk` FOREIGN KEY (`layoutId`) REFERENCES `craft_fieldlayouts` (`id`) ON DELETE CASCADE,
	ADD CONSTRAINT `craft_fieldlayoutfields_tabId_fk` FOREIGN KEY (`tabId`) REFERENCES `craft_fieldlayouttabs` (`id`) ON DELETE CASCADE;

--
-- Constraints for table `craft_fieldlayouttabs`
--
ALTER TABLE `craft_fieldlayouttabs`
	ADD CONSTRAINT `craft_fieldlayouttabs_layoutId_fk` FOREIGN KEY (`layoutId`) REFERENCES `craft_fieldlayouts` (`id`) ON DELETE CASCADE;

--
-- Constraints for table `craft_fields`
--
ALTER TABLE `craft_fields`
	ADD CONSTRAINT `craft_fields_groupId_fk` FOREIGN KEY (`groupId`) REFERENCES `craft_fieldgroups` (`id`) ON DELETE CASCADE;

--
-- Constraints for table `craft_globalsets`
--
ALTER TABLE `craft_globalsets`
	ADD CONSTRAINT `craft_globalsets_fieldLayoutId_fk` FOREIGN KEY (`fieldLayoutId`) REFERENCES `craft_fieldlayouts` (`id`) ON DELETE SET NULL,
	ADD CONSTRAINT `craft_globalsets_id_fk` FOREIGN KEY (`id`) REFERENCES `craft_elements` (`id`) ON DELETE CASCADE;

--
-- Constraints for table `craft_matrixblocks`
--
ALTER TABLE `craft_matrixblocks`
	ADD CONSTRAINT `craft_matrixblocks_fieldId_fk` FOREIGN KEY (`fieldId`) REFERENCES `craft_fields` (`id`) ON DELETE CASCADE,
	ADD CONSTRAINT `craft_matrixblocks_id_fk` FOREIGN KEY (`id`) REFERENCES `craft_elements` (`id`) ON DELETE CASCADE,
	ADD CONSTRAINT `craft_matrixblocks_ownerId_fk` FOREIGN KEY (`ownerId`) REFERENCES `craft_elements` (`id`) ON DELETE CASCADE,
	ADD CONSTRAINT `craft_matrixblocks_ownerLocale_fk` FOREIGN KEY (`ownerLocale`) REFERENCES `craft_locales` (`locale`) ON DELETE CASCADE ON UPDATE CASCADE,
	ADD CONSTRAINT `craft_matrixblocks_typeId_fk` FOREIGN KEY (`typeId`) REFERENCES `craft_matrixblocktypes` (`id`) ON DELETE CASCADE;

--
-- Constraints for table `craft_matrixblocktypes`
--
ALTER TABLE `craft_matrixblocktypes`
	ADD CONSTRAINT `craft_matrixblocktypes_fieldId_fk` FOREIGN KEY (`fieldId`) REFERENCES `craft_fields` (`id`) ON DELETE CASCADE,
	ADD CONSTRAINT `craft_matrixblocktypes_fieldLayoutId_fk` FOREIGN KEY (`fieldLayoutId`) REFERENCES `craft_fieldlayouts` (`id`) ON DELETE SET NULL;

--
-- Constraints for table `craft_matrixcontent_skillz`
--
ALTER TABLE `craft_matrixcontent_skillz`
	ADD CONSTRAINT `craft_matrixcontent_skillz_elementId_fk` FOREIGN KEY (`elementId`) REFERENCES `craft_elements` (`id`) ON DELETE CASCADE,
	ADD CONSTRAINT `craft_matrixcontent_skillz_locale_fk` FOREIGN KEY (`locale`) REFERENCES `craft_locales` (`locale`) ON DELETE CASCADE ON UPDATE CASCADE;

--
-- Constraints for table `craft_migrations`
--
ALTER TABLE `craft_migrations`
	ADD CONSTRAINT `craft_migrations_pluginId_fk` FOREIGN KEY (`pluginId`) REFERENCES `craft_plugins` (`id`) ON DELETE CASCADE;

--
-- Constraints for table `craft_relations`
--
ALTER TABLE `craft_relations`
	ADD CONSTRAINT `craft_relations_fieldId_fk` FOREIGN KEY (`fieldId`) REFERENCES `craft_fields` (`id`) ON DELETE CASCADE,
	ADD CONSTRAINT `craft_relations_sourceId_fk` FOREIGN KEY (`sourceId`) REFERENCES `craft_elements` (`id`) ON DELETE CASCADE,
	ADD CONSTRAINT `craft_relations_sourceLocale_fk` FOREIGN KEY (`sourceLocale`) REFERENCES `craft_locales` (`locale`) ON DELETE CASCADE ON UPDATE CASCADE,
	ADD CONSTRAINT `craft_relations_targetId_fk` FOREIGN KEY (`targetId`) REFERENCES `craft_elements` (`id`) ON DELETE CASCADE;

--
-- Constraints for table `craft_routes`
--
ALTER TABLE `craft_routes`
	ADD CONSTRAINT `craft_routes_locale_fk` FOREIGN KEY (`locale`) REFERENCES `craft_locales` (`locale`) ON DELETE CASCADE ON UPDATE CASCADE;

--
-- Constraints for table `craft_sections`
--
ALTER TABLE `craft_sections`
	ADD CONSTRAINT `craft_sections_structureId_fk` FOREIGN KEY (`structureId`) REFERENCES `craft_structures` (`id`) ON DELETE SET NULL;

--
-- Constraints for table `craft_sections_i18n`
--
ALTER TABLE `craft_sections_i18n`
	ADD CONSTRAINT `craft_sections_i18n_locale_fk` FOREIGN KEY (`locale`) REFERENCES `craft_locales` (`locale`) ON DELETE CASCADE ON UPDATE CASCADE,
	ADD CONSTRAINT `craft_sections_i18n_sectionId_fk` FOREIGN KEY (`sectionId`) REFERENCES `craft_sections` (`id`) ON DELETE CASCADE;

--
-- Constraints for table `craft_sessions`
--
ALTER TABLE `craft_sessions`
	ADD CONSTRAINT `craft_sessions_userId_fk` FOREIGN KEY (`userId`) REFERENCES `craft_users` (`id`) ON DELETE CASCADE;

--
-- Constraints for table `craft_shunnedmessages`
--
ALTER TABLE `craft_shunnedmessages`
	ADD CONSTRAINT `craft_shunnedmessages_userId_fk` FOREIGN KEY (`userId`) REFERENCES `craft_users` (`id`) ON DELETE CASCADE;

--
-- Constraints for table `craft_structureelements`
--
ALTER TABLE `craft_structureelements`
	ADD CONSTRAINT `craft_structureelements_elementId_fk` FOREIGN KEY (`elementId`) REFERENCES `craft_elements` (`id`) ON DELETE CASCADE,
	ADD CONSTRAINT `craft_structureelements_structureId_fk` FOREIGN KEY (`structureId`) REFERENCES `craft_structures` (`id`) ON DELETE CASCADE;

--
-- Constraints for table `craft_taggroups`
--
ALTER TABLE `craft_taggroups`
	ADD CONSTRAINT `craft_taggroups_fieldLayoutId_fk` FOREIGN KEY (`fieldLayoutId`) REFERENCES `craft_fieldlayouts` (`id`) ON DELETE SET NULL;

--
-- Constraints for table `craft_tags`
--
ALTER TABLE `craft_tags`
	ADD CONSTRAINT `craft_tags_groupId_fk` FOREIGN KEY (`groupId`) REFERENCES `craft_taggroups` (`id`) ON DELETE CASCADE,
	ADD CONSTRAINT `craft_tags_id_fk` FOREIGN KEY (`id`) REFERENCES `craft_elements` (`id`) ON DELETE CASCADE;

--
-- Constraints for table `craft_templatecachecriteria`
--
ALTER TABLE `craft_templatecachecriteria`
	ADD CONSTRAINT `craft_templatecachecriteria_cacheId_fk` FOREIGN KEY (`cacheId`) REFERENCES `craft_templatecaches` (`id`) ON DELETE CASCADE;

--
-- Constraints for table `craft_templatecacheelements`
--
ALTER TABLE `craft_templatecacheelements`
	ADD CONSTRAINT `craft_templatecacheelements_cacheId_fk` FOREIGN KEY (`cacheId`) REFERENCES `craft_templatecaches` (`id`) ON DELETE CASCADE,
	ADD CONSTRAINT `craft_templatecacheelements_elementId_fk` FOREIGN KEY (`elementId`) REFERENCES `craft_elements` (`id`) ON DELETE CASCADE;

--
-- Constraints for table `craft_templatecaches`
--
ALTER TABLE `craft_templatecaches`
	ADD CONSTRAINT `craft_templatecaches_locale_fk` FOREIGN KEY (`locale`) REFERENCES `craft_locales` (`locale`) ON DELETE CASCADE ON UPDATE CASCADE;

--
-- Constraints for table `craft_usergroups_users`
--
ALTER TABLE `craft_usergroups_users`
	ADD CONSTRAINT `craft_usergroups_users_groupId_fk` FOREIGN KEY (`groupId`) REFERENCES `craft_usergroups` (`id`) ON DELETE CASCADE,
	ADD CONSTRAINT `craft_usergroups_users_userId_fk` FOREIGN KEY (`userId`) REFERENCES `craft_users` (`id`) ON DELETE CASCADE;

--
-- Constraints for table `craft_userpermissions_usergroups`
--
ALTER TABLE `craft_userpermissions_usergroups`
	ADD CONSTRAINT `craft_userpermissions_usergroups_groupId_fk` FOREIGN KEY (`groupId`) REFERENCES `craft_usergroups` (`id`) ON DELETE CASCADE,
	ADD CONSTRAINT `craft_userpermissions_usergroups_permissionId_fk` FOREIGN KEY (`permissionId`) REFERENCES `craft_userpermissions` (`id`) ON DELETE CASCADE;

--
-- Constraints for table `craft_userpermissions_users`
--
ALTER TABLE `craft_userpermissions_users`
	ADD CONSTRAINT `craft_userpermissions_users_permissionId_fk` FOREIGN KEY (`permissionId`) REFERENCES `craft_userpermissions` (`id`) ON DELETE CASCADE,
	ADD CONSTRAINT `craft_userpermissions_users_userId_fk` FOREIGN KEY (`userId`) REFERENCES `craft_users` (`id`) ON DELETE CASCADE;

--
-- Constraints for table `craft_users`
--
ALTER TABLE `craft_users`
	ADD CONSTRAINT `craft_users_id_fk` FOREIGN KEY (`id`) REFERENCES `craft_elements` (`id`) ON DELETE CASCADE,
	ADD CONSTRAINT `craft_users_preferredLocale_fk` FOREIGN KEY (`preferredLocale`) REFERENCES `craft_locales` (`locale`) ON DELETE SET NULL ON UPDATE CASCADE;

--
-- Constraints for table `craft_widgets`
--
ALTER TABLE `craft_widgets`
	ADD CONSTRAINT `craft_widgets_userId_fk` FOREIGN KEY (`userId`) REFERENCES `craft_users` (`id`) ON DELETE CASCADE;

SET FOREIGN_KEY_CHECKS = 1;
